Target,Biomarker_category,Biomarker_measure,N_trials,N_PDneuro_trials,Drugs
ADH1C,PK,Serial measurement of fomepizole serum concentration,1,0,Fomepizole
BCHE,PK,Bioequivalence based on Cmax and AUC parameters,2,0,Rivastigmine
BCHE,imaging,the mean changes of Standardized Uptake Values (SUVmean) in PET imaging,1,1,Rivastigmine
BCHE,fluid_molecular,"Cerebrospinal fluid(CSF) levels of AD markers (P-tau181, 217)",1,1,Rivastigmine
BCHE,fluid_molecular,"Concentration Changes from Baseline of Plasma Biomarkers (Aβ42/40, p - tau181, p - tau217, NfL and GFAP）",1,1,Rivastigmine
BCHE,PK,"4. Pharmacokinetic parameters (Cmax, Tmax, AUCT, AUCI ) determined from plasma rivastigmine concentrations,Blood cholinesterase inhibition",1,0,Rivastigmine
BCHE,PK,Area Under the Plasma Concentration-Time Curve of RO4602522,1,1,Rivastigmine
BCHE,PK,AUC96-264,1,0,Rivastigmine
BCHE,PK,Changes in cocaine pharmacokinetics,1,0,Tacrine
BCHE,PK,"Cmax,96-264",1,0,Rivastigmine
BCHE,PK,Donepezil PK Data Following the First Dose of EVP-6124 - Area Under the Curve (AUC[0-24 h]),1,1,Rivastigmine
BCHE,PK,Donepezil PK Data Following the First Dose of EVP-6124 - Maximum Concentration (Cmax),1,1,Rivastigmine
BCHE,PK,Donepezil PK Data Following the First Dose of EVP-6124 - Time to Maximum Concentration (Tmax),1,1,Rivastigmine
BCHE,PK,EVP-6124 PK Data Following the First Dose of EVP-6124 - Area Under the Curve (AUC[0-24 h]),1,1,Rivastigmine
BCHE,PK,EVP-6124 PK Data Following the First Dose of EVP-6124 - Maximum Concentration (Cmax),1,1,Rivastigmine
BCHE,PK,EVP-6124 PK Data Following the First Dose of EVP-6124 - Time to Maximum Concentration (Tmax),1,1,Rivastigmine
BCHE,PK,Maximum Plasma Concentration of RO4602522,1,1,Rivastigmine
BCHE,PK,Rivastigmine PK Data Following the First Dose of EVP-6124 - Area Under the Curve (AUC[0-24 h]),1,1,Rivastigmine
BCHE,PK,Rivastigmine PK Data Following the First Dose of EVP-6124 - Maximum Concentration (Cmax),1,1,Rivastigmine
BCHE,PK,Rivastigmine PK Data Following the First Dose of EVP-6124 - Time to Maximum Concentration (Tmax),1,1,Rivastigmine
BCHE,PK,Total Area Under the Curve (AUC) 0-12 Hours,1,0,Rivastigmine
BCHE,other_biomarker,Changes in levels of protein biomarkers in Alzheimer's disease and neurodegeneration from baseline to week 13,1,1,Rivastigmine
DDC,PK,Cmax,3,2,Carbidopa
DDC,PK,Area under the plasma concentration curve (AUC),2,0,Carbidopa
DDC,PK,Area under the plasma concentration versus time curve (AUC0-t),2,0,Carbidopa
DDC,PK,Area under the plasma concentration versus time curve (AUC0-∞),2,0,Carbidopa
DDC,PK,AUC0-t,2,1,Carbidopa
DDC,PK,Cmax - Maximum Plasma Concentration of Levodopa,2,2,Carbidopa
DDC,PK,Maximum observed plasma drug concentration (Cmax),2,0,Carbidopa
DDC,PK,Peak Plasma Concentration (Cmax),2,0,Carbidopa
DDC,PK,Pharmacokinetics,2,1,Carbidopa
DDC,PK,Pharmacokinetics (Cmax) of levodopa,2,2,Carbidopa
DDC,imaging,[18F]-FDOPA PET Measure in Striatal Region of Interest,1,1,Carbidopa
DDC,imaging,The difference between the study drugs in change in striatal 11C-raclopride BP.Striatal 11C-raclopride BP will be determined with PET scans performed at baseline and from 2.5 to 3.5 h after the study drug administration.,1,1,Carbidopa
DDC,inflammation,Correlation Coefficient Between Change in Corticostriatal Connectivity and Levels of Plasma C-reactive Protein and Other Immune Markers,1,0,Carbidopa
DDC,PK,3-OMD Area under the plasma concentration versus time curve (AUC),1,1,Carbidopa
DDC,PK,3-OMD Peak Plasma Concentration (Cmax),1,1,Carbidopa
DDC,PK,Area under the concentration time curve over the dosing interval (AUC0-last),1,0,Carbidopa
DDC,PK,Area Under the Curve (AUC) of Change From Baseline in MDS-UPDRS Part III Scores,1,1,Carbidopa
DDC,PK,Area Under the Curve (AUC) of Tapping Speed,1,1,Carbidopa
DDC,PK,Area under the plasma concentration versus time curve (AUC),1,0,Carbidopa
DDC,PK,AUC,1,1,Carbidopa
DDC,PK,AUC of Levodopa Plasma Concentrations Above Baseline,1,1,Carbidopa
DDC,PK,"AUC0-12/Dose0-12, AUC0-16/Dose0-16 After Administration of Oral L/C Tablets and Intra-jejunal Administration of ABT-SLV187",1,1,Carbidopa
DDC,PK,AUC0-2h for Carbidopa,1,1,Carbidopa
DDC,PK,AUC0-2hr for L-dopa,1,1,Carbidopa
DDC,PK,AUC0-5 - AUC Over 5 Hours,1,1,Carbidopa
DDC,PK,AUC0-6 - Area Under the Plasma Concentration-time Curve (AUC) From Time Zero to to 6 h Postdose (AUC [0-6]),1,1,Carbidopa
DDC,PK,AUC0-6 - Area Under the Plasma Concentration-time Curve From Time 0 to 6 Hours Post-dose (Day 3),1,1,Carbidopa
DDC,PK,AUC0-inf,1,0,Carbidopa
DDC,PK,AUC0-t - Area Under the Plasma Concentration Versus Time Curve From Time Zero to the Time (t) Corresponding to the Last Quantifiable Concentration.,1,1,Carbidopa
DDC,PK,AUC0-t - Area Under the Plasma Concentration-time Curve (AUC) of Levodopa From Time Zero to the Last Sampling Time at Which the Drug Concentration Was at or Above the Lower Limit of Quantification.,1,1,Carbidopa
DDC,PK,AUC0-t - Area Under the Plasma Concentration-time Curve (AUC) of Levodopa From Time Zero to the Last Sampling Time at Which the Drug Concentration Was at or Above the Lower Limit of Quantification. (Levodopa/Benserazide),1,1,Carbidopa
DDC,PK,AUC0-t - Area Under the Plasma Concentration-time Curve (AUC) of Levodopa From Time Zero to the Last Sampling Time at Which the Drug Concentration Was at or Above the Lower Limit of Quantification. (Levodopa/Carbidopa),1,1,Carbidopa
DDC,PK,AUC0-t - Area Under the Plasma Concentration-time Curve to Last Measurable Time Point,1,1,Carbidopa
DDC,PK,AUC0-∞,1,1,Carbidopa
DDC,PK,AUC0-∞ - Area Under the Concentration-time Curve From Time Zero up to Infinity With Extrapolation of the Terminal Phase,1,1,Carbidopa
DDC,PK,AUC0-∞ - Area Under the Plasma Concentration-time Curve (AUC) of Levodopa From Time Zero to Infinity,1,1,Carbidopa
DDC,PK,AUC0-∞ - Area Under the Plasma Concentration-time Curve (AUC) of Levodopa From Time Zero to Infinity (Levodopa/Benserazide),1,1,Carbidopa
DDC,PK,AUC0-∞ - Area Under the Plasma Concentration-time Curve (AUC) of Levodopa From Time Zero to Infinity (Levodopa/Carbidopa),1,1,Carbidopa
DDC,PK,Carbidopa Area under the plasma concentration versus time curve (AUC),1,1,Carbidopa
DDC,PK,Carbidopa Peak Plasma Concentration (Cmax),1,1,Carbidopa
DDC,PK,Cmax - Maximum Plasma Concentration,1,1,Carbidopa
DDC,PK,Cmax - Maximum Plasma Concentration Day 3,1,1,Carbidopa
DDC,PK,Cmax - Maximum Plasma Concentration of Levodopa (Levodopa/Benserazide ),1,1,Carbidopa
DDC,PK,Cmax - Maximum Plasma Concentration of Levodopa (Levodopa/Carbidopa),1,1,Carbidopa
DDC,PK,Cmax - Observed Maximum Concentration,1,1,Carbidopa
DDC,PK,Cmax and AUC(0-tz) of levodopa and carbidopa,1,0,Carbidopa
DDC,PK,Cmax of Carbidopa,1,1,Carbidopa
DDC,PK,Cmax of L-dopa,1,1,Carbidopa
DDC,PK,Cmax of the pharmacokinetics of WD-1603 extended-release formulations and carbidopa and levodopa tablets 25mg/100mg from the morning of day 1 to the morning of day 2.,1,1,Carbidopa
DDC,PK,"Cmin, AUCo-tau",1,1,Carbidopa
DDC,PK,Composite (or Profile) of Pharmacokinetics,1,0,Carbidopa
DDC,PK,"Fluctuation of Levodopa Cmax/Cmin, Tau",1,0,Carbidopa
DDC,PK,"Half life (t½ ), Cmax, Tmax and AUC of levodopa and carbidopa in the plasma",1,1,Carbidopa
DDC,PK,"LD Half life (t½ ), time of LD plasma concentrations maintained above 1000 ng/ml, trough levels, Cmax, Tmax and AUC",1,1,Carbidopa
DDC,PK,Levodopa and Carbidopa area under the plasma concentration versus time curve (AUC),1,1,Carbidopa
DDC,PK,Levodopa and Carbidopa peak plasma concentration (Cmax),1,1,Carbidopa
DDC,PK,Levodopa and Carbidopa time to maximum plasma concentration (Tmax),1,1,Carbidopa
DDC,PK,Levodopa Area Under the Concentration-time Curve From Time 0 to the 24 h PK Sample (AUC0-24) Time 0 to the 24 h PK Sample (AUC0-24),1,0,Carbidopa
DDC,PK,Levodopa Area under the plasma concentration versus time curve (AUC),1,1,Carbidopa
DDC,PK,"Levodopa Cmax, tau",1,1,Carbidopa
DDC,PK,Levodopa Peak Plasma Concentration (Cmax),1,0,Carbidopa
DDC,PK,"Levodopa Peak Plasma Concentration (Cmax) and fluctuation of levodopa Cmax/Cmin, tau",1,1,Carbidopa
DDC,PK,Levodopa Peak-trough fluctuation (PTF),1,1,Carbidopa
DDC,PK,Levodopa pharmacokinetics (LD PK),1,1,Carbidopa
DDC,PK,"Peak Plasma Concentration (Cmax), Average Plasma Concentration (Cavg), Trough Plasma Concentration (Cmin), and Cmin Within 2 and 12 Hours (Cmin [2-12 Hours]) After Administration of Oral L/C Tablets and Intra-jejunal Adm",1,1,Carbidopa
DDC,PK,Pharmacokinetic evaluation of levodopa following administration of opicapone: area under the curve (AUC 0-tlast),1,1,Carbidopa
DDC,PK,Pharmacokinetic evaluation of levodopa following administration of opicapone: maximum plasma concentration (cmax),1,1,Carbidopa
DDC,PK,Pharmacokinetic evaluation of opicapone and its metabolites: area under the curve (AUC 0-24),1,1,Carbidopa
DDC,PK,Pharmacokinetic evaluation of opicapone and its metabolites: area under the curve (AUC 0-tlast),1,1,Carbidopa
DDC,PK,Pharmacokinetic evaluation of opicapone and its metabolites: Maximum plasma concentration (Cmax),1,1,Carbidopa
DDC,PK,Pharmacokinetic evaluation of opicapone and its metabolites: Time to maximum plasma concentration (tmax),1,1,Carbidopa
DDC,PK,"Pharmacokinetics (Cmax) of carbidopa, 3-OMD and ODM-104",1,1,Carbidopa
DDC,PK,Pharmacokinetics at 9.25 and 12.55 hours post dose,1,1,Carbidopa
DDC,PK,Profile of Pharmacokinetics,1,1,Carbidopa
DDC,PK,Ratio of Metabolite 3-OMD to Levodopa (M/P [AUC0-12]) After Administration of Oral L/C Tablets and Intra-jejunal Administration of ABT-SLV187,1,1,Carbidopa
DDC,PK,"Secondary Measures include: Putamen and caudate uptake over time, UPDRS scores, and Pharmacokinetic analysis.",1,1,Carbidopa
DDC,PK,"The Area Under the Concentrations-time Curve From 0 to 12 and 0 to 16 Hours (AUC0-12, AUC0-16) After Administration of Oral L/C Tablets and Intra-jejunal Administration of ABT-SLV187",1,1,Carbidopa
DDC,PK,The duration (hours) for the levodopa concentrations ≥ 50% of Cmax between WD-1603 extended-release formulations and carbidopa and levodopa tablets following three times a day orally administration in healthy subjects.,1,1,Carbidopa
DDC,PK,Time to Reach Peak Plasma Concentration (Tmax) After Administration of Oral Levodopa/Carbidopa (L/C) Tablets and Intra-jejunal Administration of ABT-SLV187,1,1,Carbidopa
DDC,PK,Tmax - Time of Occurrence of Maximum Plasma Concentration,1,1,Carbidopa
DDC,PK,Tmax - Time to Maximum Plasma Concentration,1,1,Carbidopa
DDC,PK,Tmax - Time to Reach Maximum Plasma Concentration of Levodopa,1,1,Carbidopa
DDC,PK,Tmax - Time to Reach Maximum Plasma Concentration of Levodopa (Levodopa/Benserazide),1,1,Carbidopa
DDC,PK,Tmax - Time to Reach Maximum Plasma Concentration of Levodopa (Levodopa/Carbidopa),1,1,Carbidopa
DDC,PK,Tmax = Time to Cmax Day 3,1,1,Carbidopa
DDC,PK,to assess the pharmacokinetics of XP21279 sustained release formulation [administered with Lodosyn® (carbidopa)] and Sinemet® tablets in subjects with Parkinson's disease.,1,1,Carbidopa
DDC,PK,"To demonstrate that reduced Stalevo strengths 75 mg and 125 mg following initial 100 mg and 150 mg strengths, will not increase Cmax of levodopa compared to Stalevo or levodopa/carbidopa dosing using equal strengths duri",1,1,Carbidopa
DDC,PK,To evaluate Cmax,1,1,Carbidopa
DDC,PK,To evaluate the AUC,1,1,Carbidopa
DDC,PK,Total Levodopa and Carbidopa: area under the plasma concentration-time curve from 0 to time t (AUC0-t),1,0,Carbidopa
DDC,PK,Total Levodopa and Carbidopa: area under the plasma concentration-time curve from 0 to time t (AUC0-∞),1,0,Carbidopa
DDC,PK,Total Levodopa and Carbidopa: Maximum plasma concentration (Cmax),1,0,Carbidopa
DDC,PK,Total Levodopa and Carbidopa: Time to achieve maximum plasma concentration (tmax),1,0,Carbidopa
DDC,PK,Variability in plasma concentration of levodopa as assessed with the Levodopa Fluctuation Index (Cmax-Cmin)/Caverage),1,1,Carbidopa
DDC,PK,Variability in plasma concentration of levodopa as assessed with the Levodopa Fluctuation Index (Cmax-Cmin)/Caverage).,1,1,Carbidopa
DDC,other_biomarker,changes in serum biomarkers,1,1,Carbidopa
DDC,other_biomarker,The secondary endpoint is estimated by changes in serum biomarkers.,1,1,Carbidopa
DDC,other_biomarker,To determine the influence of short-term levodopa therapy on dopamine transporter density in early Parkinson's disease,1,1,Carbidopa
DDC,other_biomarker,To determine the influence of short-term treatment with cabergoline on dopamine transporter density in early Parkinson's disease,1,1,Carbidopa
DRD1,PK,Part 1: Plasma concentration of pimozide and clarithromycin associated with ΔΔQTc prolongation of 10 ms based on concentration-QTc analysis.,1,0,Pimozide
DRD1,PK,Part 1: The margin (ratio) between hERG IC50 and free plasma concentration causing 10 ms QTc prolongation.,1,0,Pimozide
DRD1,other_biomarker,Reduction of urinary and/or serum levels of biomarker NGAL in treated group versus controls,1,0,Fenoldopam
DRD2,PK,Cmax,15,2,Amisulpride; Aripiprazole; Asenapine; Cabergoline; Chlorpromazine; Clozapine; Loxapine; Metoclopramide; Olanzapine; Pramipexole; Promazine; Quetiapine; Risperidone; Rotigotine; Sulpiride
DRD2,PK,AUC0-inf (Area Under the Concentration-time Curve From Time Zero to Infinity),4,0,Pramipexole; Ropinirole
DRD2,PK,AUC0-t (Area Under the Concentration-time Curve From Time Zero to Time of Last Measurable Concentration),4,0,Pramipexole; Ropinirole
DRD2,PK,Bioequivalence is based on Cmax and AUC parameters,4,0,Olanzapine
DRD2,PK,Bioequivalence is based on Cmax and AUC parameters.,4,0,Quetiapine; Risperidone
DRD2,PK,Cmax (Maximum Observed Concentration of Drug Substance in Plasma),4,0,Pramipexole; Ropinirole
DRD2,PK,Area under curve(AUC),3,0,Quetiapine; Ropinirole
DRD2,PK,AUC,3,0,Cariprazine; Metoclopramide; Quetiapine
DRD2,PK,AUC(0-tz) of Unconjugated Rotigotine,3,0,Rotigotine
DRD2,PK,bioequivalence determined by statistical comparison Cmax,3,0,Quetiapine
DRD2,PK,Cmax of Unconjugated Rotigotine,3,0,Rotigotine
DRD2,PK,Pharmacokinetics,3,0,Aripiprazole; Bromocriptine; Olanzapine
DRD2,PK,Area under curve (AUC),2,0,Ziprasidone
DRD2,PK,Area Under the Curve (0-t) (AUC(0-t)),2,0,Haloperidol
DRD2,PK,Area under the curve during the dosing interval (AUCtau),2,0,Risperidone
DRD2,PK,Area Under the Curve(0-∞) (AUC(0-∞)),2,0,Haloperidol
DRD2,PK,Area under the plasma concentration-time curve from zero up to the last analytically quantifiable concentration normalized by apparent dose (mg) (AUC(0-t) norm (apparent dose)),2,0,Rotigotine
DRD2,PK,Area under the plasma concentration-time curve from zero up to the last analytically quantifiable concentration normalized by body weight (kg) (AUC(0-t) norm (BW)),2,0,Rotigotine
DRD2,PK,AUC 0-tau,2,0,Aripiprazole; Asenapine
DRD2,PK,AUC from time zero to infinity (AUC∞) [Pharmacokinetics],2,0,Brexpiprazole
DRD2,PK,AUC(0-tz) Norm (Apparent Dose) of Unconjugated Rotigotine,2,0,Rotigotine
DRD2,PK,AUC(0-∞) of Unconjugated Rotigotine,2,0,Rotigotine
DRD2,PK,AUCinf,2,0,Pramipexole; Risperidone
DRD2,PK,Bioavailability based on Cmax and AUC parameters,2,0,Risperidone
DRD2,PK,Bioequivalence based on Cmax and AUC,2,0,Risperidone
DRD2,PK,bioequivalence based on Composite of Pharmacokinetics,2,0,Olanzapine
DRD2,PK,"Cmax,Norm (Apparent Dose) of Unconjugated Rotigotine",2,0,Rotigotine
DRD2,PK,"Cmax,Norm (BW) of Unconjugated Rotigotine",2,0,Rotigotine
DRD2,PK,Concentration Maximum (Cmax),2,0,Haloperidol
DRD2,PK,Lurasidone Cmax,2,0,Lurasidone
DRD2,PK,Maximum peak plasma concentration (Cmax) [Pharmacokinetics],2,0,Brexpiprazole
DRD2,PK,Maximum plasma concentration (Cmax),2,0,Aripiprazole
DRD2,PK,pharmacokinetic assessment,2,0,Aripiprazole; Quetiapine
DRD2,PK,Pharmacokinetic Parameters,2,0,Ropinirole
DRD2,PK,Pharmacokinetics: AUC0-tau,2,0,Lumateperone
DRD2,PK,Pharmacokinetics: Cmax,2,0,Lumateperone
DRD2,PK,Pharmacokinetics: Tmax,2,0,Lumateperone
DRD2,PK,"Terminal-phase elimination half-life (t1/2,z) [Pharmacokinetics]",2,0,Brexpiprazole
DRD2,PK,The peak concentration (Cmax) after the first administration,2,0,Brexpiprazole
DRD2,PK,Time of Cmax (tmax) [Pharmacokinetics],2,0,Brexpiprazole
DRD2,PK,Time to reach a maximum plasma concentration of unconjugated Rotigotine after patch application (tmax),2,0,Rotigotine
DRD2,imaging,Brain amyloid PET image,1,1,Bromocriptine
DRD2,imaging,Brain tau PET image,1,1,Bromocriptine
DRD2,imaging,Change in Brain Metabolism From Baseline to Eight Weeks as Seen in PET Scan,1,0,Olanzapine
DRD2,imaging,Feasibility of obtaining PET imaging scans before and after administration of psilocybin (25 mg) with and without risperidone (1 mg).,1,0,Risperidone
DRD2,imaging,Gastric emptying T 1/2 (gastric emptying scintigraphy (GES) imaging),1,0,Aripiprazole; Olanzapine; Quetiapine; Risperidone
DRD2,imaging,Gastric retention at 4 hr post-radiolabeled meal (gastric emptying scintigraphy (GES) imaging),1,0,Aripiprazole; Olanzapine; Quetiapine; Risperidone
DRD2,imaging,Gastric Retention by Scintigraphy,1,0,Metoclopramide
DRD2,imaging,"Obtain preliminary data on synaptic density (as measured by [18F] SynVesT-1 volume distribution, VT) in brain regions relevant to MDD (i.e., hippocampus, prefrontal cortex)",1,0,Risperidone
DRD2,imaging,Percentage Gastric Retention by Scintigraphy at 120 Minutes Postdose,1,0,Metoclopramide
DRD2,imaging,Percentage Gastric Retention by Scintigraphy at 60 Minutes Postdose,1,0,Metoclopramide
DRD2,imaging,Percentage of Gastric Retention by Scintigraphy at 240 Minutes Postdose,1,0,Metoclopramide
DRD2,fluid_molecular,Cerebrospinal fluid (CSF) Aβ concentration,1,1,Bromocriptine
DRD2,fluid_molecular,Cerebrospinal Fluid (CSF) Quetiapine and 7-N-desalkyquetiapine Concentrations,1,0,Quetiapine
DRD2,fluid_molecular,Change from Baseline to Week 24 in plasma Neurofilament light chain (NfL) and Aβ42 and p-tau concentrations to evaluate effects of rotigotine in combination with rivastigmine in combination with placebo on plasma biomark,1,1,Rotigotine
DRD2,fluid_molecular,"CSF Total Tau, CSF p-Tau concentration",1,1,Bromocriptine
DRD2,fluid_molecular,Neurofilament Analysis,1,0,Amisulpride; Bromocriptine
DRD2,fluid_molecular,Neuron Specific Enolase and Neurofilament Light Chain levels,1,0,Olanzapine
DRD2,inflammation,Biochemical response: C-reactive protein (CRP),1,0,Chlorpromazine; Promazine
DRD2,inflammation,C-reactive protein (CRP) concentration,1,0,Olanzapine
DRD2,inflammation,C-Reactive Protein at 12 Weeks,1,0,Quetiapine
DRD2,inflammation,change from baseline cytokine level at 35+/-3days,1,0,Rotigotine
DRD2,inflammation,Change from Baseline Level of CRP at 12 weeks,1,0,Brexpiprazole
DRD2,inflammation,Change from Baseline Level of CRP at 8 weeks,1,0,Brexpiprazole
DRD2,inflammation,Change in c-reactive protein,1,0,Risperidone
DRD2,inflammation,Change in c-reactive protein with switch from olanzapine to risperidone plus DMXB-A,1,0,Risperidone
DRD2,inflammation,"Collection and analysis of biological samples for genetic, cytokine and cortisol analysis",1,0,Quetiapine
DRD2,inflammation,"Evaluate the biological parameters to treatment response (biobank constitution for carrying out cytokine assays, lymphocyte profiles in flow cytometry and additional explorations according to the evolution of knowledge o",1,0,Chlorpromazine; Promazine
DRD2,inflammation,High Sensitivity C-Reactive Protein (Hs-CRP),1,0,Brexpiprazole
DRD2,inflammation,"IL-6, blood: biomarker of inflammation",1,0,Pramipexole
DRD2,inflammation,"IL-6, CSF: biomarker of inflammation",1,0,Pramipexole
DRD2,inflammation,Interleukin-6 (IL-6),1,0,Clozapine
DRD2,inflammation,Level of interleukin (IL)-6 and IL-8,1,0,Olanzapine
DRD2,inflammation,"plasma cytokines IL-2, IL-6 and TNF-α",1,0,Amisulpride; Clozapine
DRD2,inflammation,Pro-inflammatory and anti-inflammatory cytokines,1,0,Amisulpride; Bromocriptine
DRD2,genomic,Change of gene expression in blood,1,0,Amisulpride; Aripiprazole; Olanzapine
DRD2,genomic,Changes among genotypes in 24 h monitored Haloperidol and Risperidone pharmacokinetics,1,0,Haloperidol; Risperidone
DRD2,genomic,"Follicular fluid levels of VEGF, VEGFR-1 and VEGFR-2",1,0,Metoclopramide
DRD2,genomic,gene expression profiling,1,0,Olanzapine; Ziprasidone
DRD2,genomic,Measure of peripheral blood for gene expression and proteomic changes.,1,0,Amisulpride; Pramipexole
DRD2,genomic,"To document the disposition of the enantiomers of paliperidone, to explore the relationship between genotypes (CYP2D6, CYP3A4, CYP3A5, UGT1A1, and UGT1A6) and pharmacokinetic parameters, and to assess safety and tolerabi",1,0,Paliperidone
DRD2,PK,(1) Bioavailability of test products compared to reference product based on pharmacokinetic parameter of AUC from time 0 to time t,1,0,Olanzapine
DRD2,PK,(2) Bioavailability of test products compared to reference product based on pharmacokinetic parameter of Cmax,1,0,Olanzapine
DRD2,PK,(3) Bioavailability of test products compared to reference product based on pharmacokinetic parameter of AUC from time 0 to infinity,1,0,Olanzapine
DRD2,PK,"2. Area under the curve (AUC) for UPDRS Motor Scores at 0, 20, 40 and 90 minutes;",1,1,Apomorphine
DRD2,PK,9-hydroxyrisperidone PK: Accumulation Index Between Injections 1 and 3 In Terms of Area Under the Plasma Concentration Curve (Rac(AUC)),1,0,Risperidone
DRD2,PK,9-hydroxyrisperidone PK: Accumulation Index Between Injections 1 and 3 In Terms of Maximum Plasma Concentrations (Rac(Cmax)),1,0,Risperidone
DRD2,PK,9-hydroxyrisperidone PK: Area Under the Plasma Concentration-Time Curve From Day 2-29 Post Injection (AUC Day 2-29),1,0,Risperidone
DRD2,PK,9-hydroxyrisperidone PK: Area Under the Plasma Concentration-Time Curve From Time Zero to 24 Hours (AUC0-24),1,0,Risperidone
DRD2,PK,9-hydroxyrisperidone PK: Area Under the Plasma Concentration-Time Curve From Time Zero to Time Tau (Where Tau=28 Days) (AUCtau),1,0,Risperidone
DRD2,PK,9-hydroxyrisperidone PK: Average Plasma Concentration (Cavg) Over the PK Profile,1,0,Risperidone
DRD2,PK,"9-hydroxyrisperidone PK: Average Plasma Concentration Over the Secondary Peak (Cavg, Day 2-29)",1,0,Risperidone
DRD2,PK,9-hydroxyrisperidone PK: Maximum Plasma Concentration (Cmax) During Initial Peak,1,0,Risperidone
DRD2,PK,9-hydroxyrisperidone PK: Maximum Plasma Concentration (Cmax) Over the PK Profile,1,0,Risperidone
DRD2,PK,9-hydroxyrisperidone PK: Maximum Plasma Concentration Over the Secondary Peak (Cmax),1,0,Risperidone
DRD2,PK,9-hydroxyrisperidone PK: Minimum Plasma Concentration (Cmin) Over the PK Profile,1,0,Risperidone
DRD2,PK,9-hydroxyrisperidone PK: Minimum Plasma Concentration (Cmin) Over the Secondary Peak,1,0,Risperidone
DRD2,PK,9-hydroxyrisperidone PK: Percent Fluctuation Over the PK Profile,1,0,Risperidone
DRD2,PK,9-hydroxyrisperidone PK: Swing Over the PK Profile,1,0,Risperidone
DRD2,PK,9-hydroxyrisperidone PK: Time of Maximum Plasma Concentration (Tmax) During Initial Peak,1,0,Risperidone
DRD2,PK,9-hydroxyrisperidone PK: Time of the Maximum Plasma Concentration (Tmax) Over the PK Profile,1,0,Risperidone
DRD2,PK,9-hydroxyrisperidone PK: Time of the Maximum Plasma Concentration (Tmax) Over the Secondary Peak,1,0,Risperidone
DRD2,PK,"Accumulation Ratios Lurasidone,Ratio of Cmax,Ratio of AUC0-∞,Ratio of AUC0-τ,",1,0,Lurasidone
DRD2,PK,Apparent clearance of drug from plasma after extravascular administration (CL/F; brexpiprazole only) [Pharmacokinetics],1,0,Brexpiprazole
DRD2,PK,Apparent total clearance (Cl/F) and apparent volume of distribution (Vd) calculated according to the formulas Cl/F = Dose/AUC0-24 et Vd = Cl(T)/λz wherein F is the absolute bioavailability,1,1,Apomorphine
DRD2,PK,"Apparent Volume of Distribution During the Terminal Phase at Steady State Following Oral Administration (Vz/F,ss) for PK Population (All Subjects)",1,0,Pramipexole
DRD2,PK,"Apparent Volume of Distribution During the Terminal Phase at Steady State Following Oral Administration (Vz/F,ss) for PK Population (Excluding Subjects Due to Emesis)",1,0,Pramipexole
DRD2,PK,Area under concentration-time curve (AUC) calculated from time zero to time t (AUCt) [PK],1,0,Brexpiprazole
DRD2,PK,Area Under Concentration-Time Curve From Time Zero to the Last Quantifiable (AUC [0-last]),1,0,Risperidone
DRD2,PK,Area Under Curve (AUC),1,0,Amisulpride; Olanzapine; Quetiapine; Risperidone
DRD2,PK,Area Under Curve (AUC) of brexpiprazole in plasma after administration in a fed state versus administration in a fasting state,1,0,Brexpiprazole
DRD2,PK,Area Under Curve (AUC) of dexpramipexole,1,0,Pramipexole
DRD2,PK,Area under steady state plasma concentration-time curve (AUC)ss,1,0,Brexpiprazole
DRD2,PK,"Area under the blood concentration time curve (AUC) of [177Lu]Lu-PSMA-617, [177Lu]Lu-DOTA-TATE and [177Lu]Lu-NeoB",1,0,Metoclopramide
DRD2,PK,Area under the concentration-time curve (AUC) at steady-state concentration of LY03003,1,1,Rotigotine
DRD2,PK,"Area under the concentration-time curve (AUC) from time zero to time ""t"" (Last observable concentration; AUCt) [Pharmacokinetics]",1,0,Brexpiprazole
DRD2,PK,"Area under the concentration-time curve (AUC) from time zero to time ""t"" [Pharmacokinetics]",1,0,Brexpiprazole
DRD2,PK,Area under the concentration-time curve (AUC) from time zero up to the infinite time [AUC (0-∞)] of LY03003,1,1,Rotigotine
DRD2,PK,Area under the concentration-time curve (AUC) from zero up to the last measured concentration [AUC (0-t)] of LY03003,1,1,Rotigotine
DRD2,PK,Area under the concentration-time curve (AUC) from zero up to the last measured concentration greater than the Lower Limit of Quantitation (LOQ) [AUC (0-t)] of unconjugated Rotigotine,1,0,Rotigotine
DRD2,PK,Area Under the Concentration-time Curve (AUCτ) During a Dosing Interval at Steady-state for Brexpiprazole and Its Metabolite DM-3411,1,0,Brexpiprazole
DRD2,PK,Area Under the Concentration-time Curve Calculated to the Last Observable Concentration at Time t (AUCt) of Brexpiprazole,1,0,Brexpiprazole
DRD2,PK,Area under the concentration-time curve from time zero to the last quantifiable time interval (AUCl0-last),1,0,Aripiprazole
DRD2,PK,Area under the concentration-time curve from time zero to time t (AUC0-t),1,0,Aripiprazole
DRD2,PK,Area under the concentration-time curve from zero to infinity [AUC (0-inf)] of total Despropylrotigotine,1,0,Rotigotine
DRD2,PK,Area under the concentration-time curve from zero to infinity [AUC (0-inf)] of total Desthienylethylrotigotine,1,0,Rotigotine
DRD2,PK,Area under the concentration-time curve from zero to infinity [AUC (0-inf)] of total Rotigotine,1,0,Rotigotine
DRD2,PK,Area under the concentration-time curve from zero to infinity [AUC (0-inf)] of unconjugated Rotigotine,1,0,Rotigotine
DRD2,PK,Area under the concentration-time curve from zero up to the last measured concentration greater than the Lower Limit of Quantitation (LOQ) [AUC (0-t)] of total Despropylrotigotine,1,0,Rotigotine
DRD2,PK,Area under the concentration-time curve from zero up to the last measured concentration greater than the Lower Limit of Quantitation (LOQ) [AUC (0-t)] of total Desthienylethylrotigotine,1,0,Rotigotine
DRD2,PK,Area under the concentration-time curve from zero up to the last measured concentration greater than the Lower Limit of Quantitation (LOQ) [AUC (0-t)] of total Rotigotine,1,0,Rotigotine
DRD2,PK,Area under the concentration-time curve from zero up to the last measured concentration greater than the Lower Limit of Quantitation (LOQ) normalized [AUC (0-t)norm] of unconjugated Rotigotine,1,0,Rotigotine
DRD2,PK,Area under the concentration-time curve from zero up to the last measured concentration greater than the Lower Limit of Quantitation (LOQ) normalized by body weight [AUC (0-t)] of total Despropylrotigotine,1,0,Rotigotine
DRD2,PK,Area under the concentration-time curve from zero up to the last measured concentration greater than the Lower Limit of Quantitation (LOQ) normalized by body weight [AUC (0-t)] of total Desthienylethylrotigotine,1,0,Rotigotine
DRD2,PK,"Area Under the Concentration-Time Curve Infinity (AUC Infinity); Area Under the Concentration-Time Curve 28 (AUC 28), and Area Under the Concentration-Time Curve t (AUC t): Aripiprazole",1,0,Aripiprazole
DRD2,PK,"Area Under the Concentration-Time Curve Infinity (AUC Infinity); Area Under the Concentration-Time Curve 28 (AUC 28), and Area Under the Concentration-Time Curve t (AUC t): Dehydro-Aripiprazole",1,0,Aripiprazole
DRD2,PK,"Area Under the Concentration-time Curve of Pramipexole in Plasma at Steady State Over 24 Hours (AUC0-24,ss); in Case of ER up to the Time Point of Next Dosing (AUCtau,ss) for Pharmacokinetic (PK) Population (All Subjects",1,0,Pramipexole
DRD2,PK,"Area Under the Concentration-time Curve of Pramipexole in Plasma at Steady State Over 24 Hours (AUC0-24,ss); in Case of ER up to the Time Point of Next Dosing (AUCtau,ss) for PK Population (Excluding Subjects Due to Emes",1,0,Pramipexole
DRD2,PK,Area Under the Concentration-time Curve of Pramipexole in Plasma Over the Time Interval From 0 Extrapolated to Infinity (AUC0-∞),1,0,Pramipexole
DRD2,PK,Area Under the Concentration-time Curve of Pramipexole in Plasma Over the Time Interval From 0 to the Last Quantifiable Data Point (AUC0-tz),1,0,Pramipexole
DRD2,PK,"Area under the concentration-time curve of the analyte in plasma at steady state over a uniform dosing interval τ=0-24h (AUC0-24,ss) for ER",1,0,Pramipexole
DRD2,PK,"Area under the concentration-time curve of the analyte in plasma over the time interval 0 to 4h at steady state (AUC0-4,ss) for ER",1,0,Pramipexole
DRD2,PK,"Area under the concentration-time curve of the analyte in plasma over the time interval 0 to 8 h at steady state (AUC0-8,ss)",1,0,Pramipexole
DRD2,PK,"Area under the concentration-time curve of total Rotigotine in steady-state within one dosing interval (AUCtau,ss)",1,0,Rotigotine
DRD2,PK,"Area under the concentration-time curve of total Rotigotine in steady-state within one dosing interval normalized by Body Weight [AUCtau,ss,norm(BW)]",1,0,Rotigotine
DRD2,PK,"Area under the concentration-time curve of unconjugated Rotigotine in steady-state within one dosing interval (AUCtau,ss)",1,0,Rotigotine
DRD2,PK,"Area under the concentration-time curve of unconjugated Rotigotine in steady-state within one dosing interval normalized by Body Weight [AUCtau,ss,norm(BW)]",1,0,Rotigotine
DRD2,PK,"Area Under the Curve (AUC) for Active Moiety, 9-hydroxy-risperidone and Risperidone",1,0,Risperidone
DRD2,PK,"Area under the curve (AUC) for change in UPDRS Motor Score at 0, 10, 20 and 90 minutes",1,1,Apomorphine
DRD2,PK,Area under the curve (AUC) of TV-44749,1,0,Olanzapine
DRD2,PK,Area Under the Curve Extrapolated to Infinity (AUC∞) for Active Moiety,1,0,Risperidone
DRD2,PK,Area Under the Curve From Time Zero to End of Dosing Interval (AUCtau),1,0,Paliperidone
DRD2,PK,Area Under the Curve From Time Zero to End of Dosing Interval (AUCtau) of paliperidone palmitate,1,0,Paliperidone
DRD2,PK,Area under the curve of plasma apomorphine concentration - time values curve from treatment administration (t0) until 6h after (AUC0-6),1,1,Apomorphine
DRD2,PK,Area Under the Curve to the Last Quantified Concentration (AUClast) for Active Moiety,1,0,Risperidone
DRD2,PK,Area under the curve-AUC,1,0,Sulpiride
DRD2,PK,Area under the plasma concentration - time curve of risperidone,1,0,Risperidone
DRD2,PK,Area under the plasma concentration versus time curve (AUC),1,0,Risperidone
DRD2,PK,Area under the plasma concentration versus time curve (AUC0-t),1,0,Amisulpride
DRD2,PK,Area under the plasma concentration versus time curve (AUC0-∞),1,0,Amisulpride
DRD2,PK,Area Under the Plasma Concentration Versus Time Curve 168h (AUC168h) of Aripiprazole in Cohort 1,1,0,Aripiprazole
DRD2,PK,"Area Under the Plasma Concentration Versus Time Curve, From Time Zero to t, Where t is the Time of the Last Quantifiable Concentration (AUC(0-t)) - 7-Hydroxy-Chlorpromazine",1,0,Chlorpromazine; Promazine
DRD2,PK,"Area Under the Plasma Concentration Versus Time Curve, From Time Zero to t, Where t is the Time of the Last Quantifiable Concentration (AUC(0-t)) - Chlorpromazine",1,0,Chlorpromazine; Promazine
DRD2,PK,"Area Under the Plasma Concentration Versus Time Curve, With Extrapolation to Infinity (AUC(0-∞)) - 7-Hydroxy-Chlorpromazine",1,0,Chlorpromazine; Promazine
DRD2,PK,"Area Under the Plasma Concentration Versus Time Curve, With Extrapolation to Infinity (AUC(0-∞)) - Chlorpromazine",1,0,Chlorpromazine; Promazine
DRD2,PK,Area under the plasma concentration-time curve (AUC0-24h),1,0,Brexpiprazole
DRD2,PK,Area under the plasma concentration-time curve (AUC0-264h),1,0,Brexpiprazole
DRD2,PK,Area Under the Plasma Concentration-Time Curve During the First Dosing Interval (AUCtau),1,0,Domperidone
DRD2,PK,Area under the plasma concentration-time curve for AR-C124900XX (AUC 0-6h),1,0,Metoclopramide
DRD2,PK,Area under the plasma concentration-time curve for ticagrelor (AUC 0-6h),1,0,Metoclopramide
DRD2,PK,Area Under the Plasma Concentration-time Curve From 0 to 12 Hours Post Dose (AUC0-12) of Asenapine,1,0,Asenapine
DRD2,PK,"Area under the plasma concentration-time curve from 0 to 24 hours at steady-state (AUC (0-24), ss) for total Rotigotine",1,1,Rotigotine
DRD2,PK,"Area under the plasma concentration-time curve from 0 to 24 hours at steady-state (AUC (0-24), ss) for unconjugated Rotigotine",1,1,Rotigotine
DRD2,PK,"Area under the plasma concentration-time curve from 0 to 24 hours at steady-state normalized by apparent-dose (AUC (0-24), ss, norm (apparent-dose)) of total Rotigotine",1,1,Rotigotine
DRD2,PK,"Area under the plasma concentration-time curve from 0 to 24 hours at steady-state normalized by apparent-dose (AUC (0-24), ss, norm (apparent-dose)) of unconjugated Rotigotine",1,1,Rotigotine
DRD2,PK,"Area under the plasma concentration-time curve from 0 to 24 hours at steady-state normalized by Body Weight (AUC (0-24), ss, norm (BW)) for total Rotigotine",1,1,Rotigotine
DRD2,PK,"Area under the plasma concentration-time curve from 0 to 24 hours at steady-state normalized by Body Weight (AUC (0-24), ss, norm (BW)) for unconjugated Rotigotine",1,1,Rotigotine
DRD2,PK,"Area under the plasma concentration-time curve from 0 to 24 hours at steady-state normalized by drug content (AUC (0-24), ss, norm (mgdc)) for total Rotigotine",1,1,Rotigotine
DRD2,PK,"Area under the plasma concentration-time curve from 0 to 24 hours at steady-state normalized by drug content (AUC (0-24), ss, norm (mgdc)) for unconjugated Rotigotine",1,1,Rotigotine
DRD2,PK,Area Under the Plasma Concentration-time Curve From 0 to the End of the Dosing Period (AUCtau) of Iloperidone - Phase B,1,0,Iloperidone
DRD2,PK,Area Under the Plasma Concentration-time Curve From 0 to the End of the Dosing Period (AUCtau) of Iloperidone - Phase C,1,0,Iloperidone
DRD2,PK,Area Under the Plasma Concentration-time Curve From 0 to the Last Measurable Concentration (AUClast) of Iloperidone - Phase B,1,0,Iloperidone
DRD2,PK,Area Under the Plasma Concentration-Time Curve From Time 0 to 28 Days (AUC0-28) of Aripiprazole After the Seventh and Eighth Doses of Aripiprazole IM Depot 400 mg,1,0,Aripiprazole
DRD2,PK,Area Under the Plasma Concentration-Time Curve From Time 0 to 56 Days (AUC0-56) of Aripiprazole After the Fourth Dose of Aripiprazole 2M LAI 960 mg,1,0,Aripiprazole
DRD2,PK,Area Under the Plasma Concentration-Time Curve From Time 29 to 56 Days (AUC29-56) After the Fourth Dose of Aripiprazole 2M LAI 960 mg,1,0,Aripiprazole
DRD2,PK,Area Under the Plasma Concentration-Time Curve From Time Zero to Infinite Time (AUC [0-infinity]),1,0,Risperidone
DRD2,PK,Area under the plasma concentration-time Curve from time zero to infinity (AUCinf) of iloperidone,1,0,Iloperidone
DRD2,PK,"Area under the plasma concentration-time Curve from time zero to infinity (AUCinf) of iloperidone metabolite P88 records, listed by subject. Summary statistics provided by impairment group and visit/time.",1,0,Iloperidone
DRD2,PK,Area under the plasma concentration-time Curve from time zero to infinity (AUCinf) of iloperidone metabolite P95,1,0,Iloperidone
DRD2,PK,"Area Under the Plasma Concentration-Time Curve From Time Zero to Last of Unchanged MP-214, M7 (Desmethyl Cariprazine) and M6 (Didesmethyl Cariprazine) at Day 14",1,0,Cariprazine
DRD2,PK,"Area under the plasma concentration-time curve from zero to 24 hours at steady state (AUC(0-24h),ss) for multiple-dose application (Period 2)",1,0,Rotigotine
DRD2,PK,"Area under the plasma concentration-time curve from zero to 24 hours at steady state normalized by apparent dose (mg) (AUC(0-24), ss, norm (apparent dose)) for multiple-dose application (Period 2)",1,0,Rotigotine
DRD2,PK,"Area under the plasma concentration-time curve from zero to 24 hours at steady state normalized by body weight (kg) (AUC(0-24h), ss, norm (BW)) for multiple-dose application (Period 2)",1,0,Rotigotine
DRD2,PK,"Area under the plasma concentration-time curve from zero to 24 hours at steady state normalized by drug content of patch (mg) (AUC(0-24), ss, norm (mgdc)) for multiple-dose application (Period 2)",1,0,Rotigotine
DRD2,PK,Area under the plasma concentration-time curve from zero up to infinity (AUC(0-∞)),1,0,Rotigotine
DRD2,PK,Area under the plasma concentration-time curve from zero up to infinity (AUC(0-∞)) for single-dose application (Period 1),1,0,Rotigotine
DRD2,PK,Area under the plasma concentration-time curve from zero up to Infinity (AUC),1,0,Rotigotine
DRD2,PK,Area under the plasma concentration-time curve from zero up to infinity normalized by apparent dose (mg) (AUC(0-∞) norm (apparent dose)),1,0,Rotigotine
DRD2,PK,"Area under the plasma concentration-time curve from zero up to infinity normalized by apparent dose (mg) (AUC(0-∞), norm (apparent dose)) for single-dose application (Period 1)",1,0,Rotigotine
DRD2,PK,Area under the plasma concentration-time curve from zero up to infinity normalized by apparent dose (mg) (AUCnorm (apparent dose)),1,0,Rotigotine
DRD2,PK,Area under the plasma concentration-time curve from zero up to infinity normalized by body weight (kg) (AUC(0-∞) norm (BW)),1,0,Rotigotine
DRD2,PK,"Area under the plasma concentration-time curve from zero up to infinity normalized by body weight (kg) (AUC(0-∞), norm (BW)) for single-dose application (Period 1)",1,0,Rotigotine
DRD2,PK,Area under the plasma concentration-time curve from zero up to infinity normalized by body weight (kg) (AUCnorm (BW)),1,0,Rotigotine
DRD2,PK,"Area under the plasma concentration-time curve from zero up to infinity normalized by drug content of patch (mg) (AUC(0-∞), norm (mgdc)) for single-dose application (Period 1)",1,0,Rotigotine
DRD2,PK,Area under the plasma concentration-time curve from zero up to the last analytically quantifiable concentration (AUC 0-tz) for single-dose application (Period 1),1,0,Rotigotine
DRD2,PK,Area under the plasma concentration-time curve from zero up to the last analytically quantifiable concentration (AUC(0-t)),1,0,Rotigotine
DRD2,PK,"Area under the plasma concentration-time curve from zero up to the last analytically quantifiable concentration normalized by apparent dose (mg) (AUC(0-tz), norm (apparent dose)) for single-dose application (Period 1)",1,0,Rotigotine
DRD2,PK,"Area under the plasma concentration-time curve from zero up to the last analytically quantifiable concentration normalized by body weight (kg) (AUC(0-tz), norm (BW)) for single-dose application (Period 1)",1,0,Rotigotine
DRD2,PK,"Area under the plasma concentration-time curve from zero up to the last analytically quantifiable concentration normalized by drug content of patch (mg) (AUC(0-tz), norm (mgdc)) for single-dose application (Period 1)",1,0,Rotigotine
DRD2,PK,Area under the plasma concentration-time curve from zero up to the last analytically quantifiable concentration of unconjugated Rotigotine (AUC 0-t),1,0,Rotigotine
DRD2,PK,Area Under the Plasma Concentration-time Curve Over the Dosing Interval,1,0,Risperidone
DRD2,PK,Area Under the plasma Curve (AUC) of iloperidone metabolite P88,1,0,Iloperidone
DRD2,PK,Area Under the plasma Curve (AUC) of iloperidone metabolite P95,1,0,Iloperidone
DRD2,PK,Area under the plasma drug concentration-time curve (AUC),1,0,Olanzapine
DRD2,PK,Areas under concentration-time curve (AUC) for risperidone metabolites,1,0,Risperidone
DRD2,PK,Aripiprazole Area Under the Concentration-time Curve at Steady-state (AUCτ),1,0,Aripiprazole
DRD2,PK,Aripiprazole Area Under the Plasma Concentration-time Profile From Time 0 Extrapolated to Infinite Time (AUCinf) Following Aripiprazole Alone and When Coadministered With DVS SR,1,0,Aripiprazole
DRD2,PK,Aripiprazole Maximum (Peak) Plasma Concentration (Tmax),1,0,Aripiprazole
DRD2,PK,Aripiprazole Maximum Observed Plasma Concentration (Cmax) Following Aripiprazole Alone and When Coadministered With DVS SR,1,0,Aripiprazole
DRD2,PK,"Aripiprazole Maximum Steady State Plasma Concentration (Css,Max)",1,0,Aripiprazole
DRD2,PK,"Aripiprazole Minimum Steady State Plasma Concentration (Css,Min)",1,0,Aripiprazole
DRD2,PK,"Aripiprazole Steady-state Plasma Concentration (Css,Avg)",1,0,Aripiprazole
DRD2,PK,Aripiprazole Time for Cmax (Tmax) Following Aripiprazole Alone and When Coadministered With DVS SR,1,0,Aripiprazole
DRD2,PK,AUC (area under the plasma concentration-time curve) of escitalopram,1,0,Quetiapine
DRD2,PK,"AUC (area under the plasma concentration-time curve)of quetiapine, moxifloxacin",1,0,Quetiapine
DRD2,PK,AUC 0-last,1,0,Aripiprazole
DRD2,PK,AUC after single dose of dexpramipexole,1,0,Pramipexole
DRD2,PK,AUC extrapolated to infinity (AUC0-∞),1,0,Olanzapine
DRD2,PK,"AUC for UPDRS Motor Scores at predose, 10, 20 and 60 minutes",1,1,Apomorphine
DRD2,PK,AUC from time zero to infinity [PK],1,0,Brexpiprazole
DRD2,PK,AUC of oral olanzapine,1,0,Olanzapine
DRD2,PK,AUC of ZYPREXA,1,0,Olanzapine
DRD2,PK,AUC(0- ∞) Norm (Apparent Dose),1,0,Rotigotine
DRD2,PK,AUC(0- ∞) Norm (Body Weight),1,0,Rotigotine
DRD2,PK,AUC(0- ∞) of Unconjugated Rotigotine,1,0,Rotigotine
DRD2,PK,AUC(0-72h),1,0,Olanzapine
DRD2,PK,"AUC(0-8), Cmax. Safety (adverse events, vital signs, ECG, laboratory parameters), Change in BP, Incidence of adverse events. Number of periodic limb movements and Number of periodic limb movements per hour (as measured b",1,0,Ropinirole
DRD2,PK,AUC(0-tz) Norm (Body Weight) of Unconjugated Rotigotine,1,0,Rotigotine
DRD2,PK,AUC(0-tz) Norm (BW) of Unconjugated Rotigotine,1,0,Rotigotine
DRD2,PK,AUC(0-tz)Norm (Apparent Dose) of Unconjugated Rotigotine,1,0,Rotigotine
DRD2,PK,AUC(0-tz)Norm (BW) of Unconjugated Rotigotine,1,0,Rotigotine
DRD2,PK,AUC(0-∞) Norm (Apparent Dose),1,0,Rotigotine
DRD2,PK,AUC(0-∞) Norm (BW),1,0,Rotigotine
DRD2,PK,AUC0-10 (area under concentration-time curve of pramipexole in blood plasma over the time interval from 0 to the median tmax in the fasted state),1,0,Pramipexole
DRD2,PK,AUC0-12,1,0,Clozapine
DRD2,PK,"AUC0-24 (area under concentration-time curve of pramipexole in blood plasma over the time interval from 0 to 24 h after drug administration),",1,0,Pramipexole
DRD2,PK,AUC0-24 Hours of 7-hydroxy Ropinirole,1,1,Ropinirole
DRD2,PK,AUC0-24 Hours of N-despropyl Ropinirole,1,1,Ropinirole
DRD2,PK,AUC0-24 Hours of Ropinirole,1,1,Ropinirole
DRD2,PK,"AUC0-24,ss for IR",1,0,Pramipexole
DRD2,PK,"AUC0-24,ss for IR (area under the concentration-time curve of the analyte in plasma over the time interval 0 to 24 hours at steady state) (This parameter was calculated as 3 times of AUC0-8,ss.)",1,0,Pramipexole
DRD2,PK,AUC0-28 After the First Dose of Aripiprazole IM Depot 400 mg,1,0,Aripiprazole
DRD2,PK,AUC0-28 After the Fourth Dose of Aripiprazole 2M LAI 960 mg,1,0,Aripiprazole
DRD2,PK,AUC0-30 (area under the concentration time curve of pramipexole in blood plasma over the time interval 0 to 30 h after drug administration),1,0,Pramipexole
DRD2,PK,AUC0-56 After the First Dose of Aripiprazole 2M LAI 960 mg,1,0,Aripiprazole
DRD2,PK,"AUC0-6,11 for the immediate release (IR) formulation",1,0,Pramipexole
DRD2,PK,AUC0-72h,1,0,Cabergoline
DRD2,PK,"AUC0-8,ss for IR (area under the concentration-time curve of the analyte in plasma over the time interval 0 to 8 hours at steady state)",1,0,Pramipexole
DRD2,PK,AUC0-t,1,0,Risperidone
DRD2,PK,AUC0-t、AUC0-∞,1,0,Iloperidone
DRD2,PK,AUC0-τ(ss),1,0,Paliperidone
DRD2,PK,AUC0-∞,1,0,Aripiprazole
DRD2,PK,"AUC0-∞ (area under the concentration-time curve of pramipexole in blood plasma over the time interval from 0 extrapolated to infinity),",1,0,Pramipexole
DRD2,PK,AUC168h of Aripiprazole and Sertraline in Cohort 2,1,0,Aripiprazole
DRD2,PK,AUC672h,1,0,Aripiprazole
DRD2,PK,AUCextrap,1,0,Risperidone
DRD2,PK,AUClast,1,0,Chlorpromazine; Promazine
DRD2,PK,AUCt,1,0,Pramipexole
DRD2,PK,AUCτ for Active Moiety,1,0,Risperidone
DRD2,PK,"AUCτ,ss=AUC0-24,ss for ER (area under the concentration-time curve of the analyte in plasma at steady state over a uniform dosing interval τ=24 hours)",1,0,Pramipexole
DRD2,PK,AUC（0-72h）,1,1,Pramipexole
DRD2,PK,AUC（0-inf）,1,1,Pramipexole
DRD2,PK,Average Concentration in Plasma Under Steady-state Conditions (Cavg) for PK Population (All Subjects),1,0,Pramipexole
DRD2,PK,Average Concentration in Plasma Under Steady-state Conditions (Cavg) for PK Population (Excluding Subjects Due to Emesis),1,0,Pramipexole
DRD2,PK,"Average Plasma Concentration (Cavg) Over the Dosing Interval of Risperidone, 9-OH and Total Active Moiety",1,0,Risperidone
DRD2,PK,Average steady-state plasma concentration (Css_av),1,0,Brexpiprazole
DRD2,PK,Bioequivalence based on AUC and Cmax,1,0,Haloperidol
DRD2,PK,Change from baseline in area under the curve (AUC) in the UPDRS Part II score,1,1,Bromocriptine; Pramipexole
DRD2,PK,Change from baseline in area under the curve (AUC) in the UPDRS Part III score,1,1,Bromocriptine; Pramipexole
DRD2,PK,Change from baseline in steady-state trough plasma concentrations of clozapine and norclozapine at Days 7 and 14.,1,0,Clozapine
DRD2,PK,Change in Percentage 5-HT1A Receptor Occupancy,1,0,Brexpiprazole
DRD2,PK,Change in Percentage 5-HT2A Receptor Occupancy,1,0,Brexpiprazole
DRD2,PK,Change in Percentage Dopamine D2/D3 Receptor Occupancy,1,0,Brexpiprazole
DRD2,PK,Change in plasma concentration/elimination,1,0,Quetiapine
DRD2,PK,Characterize the pharmacokinetics of olanzapine following multiple dosing with IM olanzapine depot at each of the prescribed dosing regimens and to compare IM olanzapine depot pharmacokinetics with oral olanzapine pharma,1,0,Olanzapine
DRD2,PK,Chlorprothixene concentration in blood serum (area under curve (AUC)),1,0,Chlorprothixene
DRD2,PK,Cmax (maximum measured concentration of pramipexole in blood plasma),1,0,Pramipexole
DRD2,PK,Cmax after single dose of dexpramipexole,1,0,Pramipexole
DRD2,PK,"Cmax for Active Moiety, 9-hydroxy-risperidone and Risperidone",1,0,Risperidone
DRD2,PK,Cmax for the IR formulation,1,0,Pramipexole
DRD2,PK,"Cmax of Aripiprazole After the First, Seventh, and Eighth Doses of Aripiprazole IM Depot 400 mg",1,0,Aripiprazole
DRD2,PK,Cmax of Aripiprazole and Sertraline in Cohort 2,1,0,Aripiprazole
DRD2,PK,Cmax of dexpramipexole,1,0,Pramipexole
DRD2,PK,Cmax of diphenhydramine,1,0,Metoclopramide
DRD2,PK,Cmax of metoclopramide,1,0,Metoclopramide
DRD2,PK,CMax of ROTIGOTINE,1,1,Rotigotine
DRD2,PK,Cmax of ZYPREXA,1,0,Olanzapine
DRD2,PK,Cmax(ss),1,0,Paliperidone
DRD2,PK,"Cmax,",1,0,Iloperidone
DRD2,PK,"Cmax, Norm (Apparent Dose) of Unconjugated Rotigotine",1,0,Rotigotine
DRD2,PK,"Cmax, Norm (Body Weight) of Unconjugated Rotigotine",1,0,Rotigotine
DRD2,PK,"Cmax,ss (maximum measured concentration of the analyte in plasma at steady state)",1,0,Pramipexole
DRD2,PK,"Cmax,ss of oral olanzapine",1,0,Olanzapine
DRD2,PK,Compare the PK profile between LY03010 and INVEGA SUSTENNA at the initial phase,1,0,Paliperidone
DRD2,PK,Compare the PK profile between the two treatments at the initial phase.,1,0,Paliperidone
DRD2,PK,Compare the PK profile between the two treatments.,1,0,Paliperidone
DRD2,PK,Comparison of Cmax (maximum drug concentration) and AUC(Tau) (exposure) of lamotrigine at the beginning of the study (Day-1) and when the subject completes the study (Day 36),1,0,Aripiprazole
DRD2,PK,"Comparison of the pharmacokinetic parameters AUC and Cmax for 37.5 mg deltoid versus 25 mg gluteal, and for 50 mg deltoid versus 50 mg gluteal based on blood sampling at predefined intervals up to 85 days.",1,0,Risperidone
DRD2,PK,Comparison of the predicted PK exposure (log transformed-area under the plasma concentration-time curve [AUC]) at Week 12 to the predicted PK exposure prior to use of the MIND1 System,1,0,Aripiprazole
DRD2,PK,"Compliance, defined as the ratio of individual model-predicted exposure (AUC) at Week 12 following administration of oral aripiprazole using the MIND1 System versus the expected exposure",1,0,Aripiprazole
DRD2,PK,Composition of Pharmacokinetics,1,1,Ropinirole
DRD2,PK,Concentration at Trough Level (Ctrough) for ASP4345,1,0,Aripiprazole; Brexpiprazole; Lurasidone; Olanzapine; Paliperidone; Quetiapine; Risperidone; Ziprasidone
DRD2,PK,Ctrough: Observed Concentration at the End of a Dosing Interval of TAK-954,1,0,Metoclopramide
DRD2,PK,"Cumulative coefficient (RAUC, Rcmax)",1,0,Brexpiprazole
DRD2,PK,D2 receptor occupancy,1,0,Lurasidone
DRD2,PK,Dehydro-aripiprazole (Metabolite) Area Under the Plasma Concentration-time Profile From Time 0 Extrapolated to Infinite Time (AUCinf) Following Aripiprazole Alone and When Coadministered With DVS SR,1,0,Aripiprazole
DRD2,PK,Dehydro-aripiprazole (Metabolite) Maximum Observed Plasma Concentration (Cmax) Following Aripiprazole Alone and When Coadministered With DVS SR,1,0,Aripiprazole
DRD2,PK,Dehydro-aripiprazole (Metabolite) Time for Cmax (Tmax) Following Aripiprazole Alone and When Coadministered With DVS SR,1,0,Aripiprazole
DRD2,PK,Dehydro-aripiprazole Area Under the Concentration-Time Curve at Steady-State (AUCτ),1,0,Aripiprazole
DRD2,PK,Dehydro-aripiprazole Maximum (Peak) Plasma Concentration (Tmax),1,0,Aripiprazole
DRD2,PK,"Dehydro-aripiprazole Maximum Steady State Plasma Concentration (Css,Max)",1,0,Aripiprazole
DRD2,PK,"Dehydro-aripiprazole Minimum Steady State Plasma Concentration (Css,Min)",1,0,Aripiprazole
DRD2,PK,Derived AUC Over the Dosing Period [AUC(0-tau)] of GSK962040 Post Intolerance,1,0,Metoclopramide
DRD2,PK,Description of the pharmacokinetic (PK) profile for Ropinirole in terms of maximum observed plasma concentration (Cmax) and area under the plasma concentration-time curve from time zero extrapolated to infinity (AUC) for,1,0,Ropinirole
DRD2,PK,Determination of the effect of cimetidine on the PK of dexpramipexole parameters including: AUC: Area under the plasma-concentration time curve over a specified time period; Cmax: Maximum observed plasma concentration an,1,0,Pramipexole
DRD2,PK,Determination of the effect of dexpramipexole on the pharmacokinetics (PK) parameters of the CYP2C9 probe substrate warfarin including: AUC: area under the plasma-concentration time curve over a specified time period and,1,0,Pramipexole
DRD2,PK,Determination of trough plasma concentration of clozapine (C0),1,0,Clozapine
DRD2,PK,Dexpramipexole pharmacokinetics time frame in plasma,1,0,Pramipexole
DRD2,PK,Dose Escalation & Dose Expansion Phase: Area Under the Plasma Concentration vs. Time Curve Extrapolated to Infinity (AUC(INF) of LMP744 (NSC 706744),1,0,Olanzapine
DRD2,PK,Dose Proportionality (AUCinf) by Power Analysis,1,0,Loxapine
DRD2,PK,Dose Proportionality of Trough Plasma Concentration at Steady State After Pramipexole ER Treatment,1,1,Pramipexole
DRD2,PK,"Effect of treatment with risperidone and lorazepam in inducing changes on [123]I CNS 1261 binding, and its relationship with the plasma concentration of administered drugs and with Psychopathological scales scores.",1,0,Risperidone
DRD2,PK,"Effects on secondary efficacy variables (YMRS response and onset of maintained response, Clinical Global Impression Scale - Bipolar Disorder [CGI-BP]), safety, tolerability, and pharmacokinetics.",1,0,Risperidone
DRD2,PK,Evaluate safety of SB-773812 versus placebo and compared to olanzapine using PANNS scores -Measure the preliminary pharmacokinetic/pharmacodynamic relationships for SB-773812 -Assessment of movement disorders and cogniti,1,0,Olanzapine
DRD2,PK,Food Effects on AUC0-24 of SKF101468 (Ropinirole) and Its Metabolites,1,1,Ropinirole
DRD2,PK,Food Effects on Cmax and Cmin of SKF101468 (Ropinirole) and Its Metabolites,1,1,Ropinirole
DRD2,PK,Fractional areas under concentration-time curve (AUC) for both risperidone and its metabolites,1,0,Risperidone
DRD2,PK,GE Assessment as AUC (0-60) and AUC (0-240) Within 24 Hrs of Developing Intolerance and Prior to Change of Treatment Using 3-OMG,1,0,Metoclopramide
DRD2,PK,GE Assessment as AUC (0-60) Within 24 Hrs of Developing Intolerance and Prior to Change of Treatment Using Acetaminophen,1,0,Metoclopramide
DRD2,PK,GE Assessment as Cmax Within 24 Hrs of Developing Intolerance and Prior to Change of Treatment Using Acetaminophen,1,0,Metoclopramide
DRD2,PK,Implant Cave: Average Plasma Concentration of Active Moiety (Risperidone + 9 OH Risperidone) During the Implant Phase,1,0,Risperidone
DRD2,PK,Key pharmacokinetics parameter - Peak Plasma Concentration,1,0,Amisulpride
DRD2,PK,Key pharmacokinetics parameter - Total Exposure,1,0,Amisulpride
DRD2,PK,Levodopa plasma concentration 30 minutes after the L-dopa administration,1,1,Domperidone
DRD2,PK,Log Transformed AUC[0-60] of 3-O-methylglucose (3- OMG),1,0,Metoclopramide
DRD2,PK,Log Transformed AUC[0-60] of Acetaminophen,1,0,Metoclopramide
DRD2,PK,Log Transformed Concentration at 60 Minutes (Min) (C60) and Maximum Observed Concentration (Cmax) of Acetaminophen (Prior to Intolerance),1,0,Metoclopramide
DRD2,PK,Log Transformed Derived Plasma Cmax of GSK962040 Post Intolerance,1,0,Metoclopramide
DRD2,PK,Log Transformed Derived Plasma Cmax of GSK962040 Prior to Intolerance,1,0,Metoclopramide
DRD2,PK,Lurasidone AUC,1,0,Lurasidone
DRD2,PK,Lurasidone AUC 0-24,1,0,Lurasidone
DRD2,PK,Lurasidone AUC 0-τ,1,0,Lurasidone
DRD2,PK,Lurasidone AUC0-∞,1,0,Lurasidone
DRD2,PK,Lurasidone Peak Serum Concentration (Cmax),1,0,Lurasidone
DRD2,PK,Lurasidone Primary Pharmacokinetic Parameters,1,0,Lurasidone
DRD2,PK,Main Trial: PK AUCss,1,0,Aripiprazole; Risperidone
DRD2,PK,Main Trial: PK CL/F,1,0,Aripiprazole; Risperidone
DRD2,PK,Main Trial: PK Cmax,1,0,Aripiprazole; Risperidone
DRD2,PK,Main Trial: PK T1/2,1,0,Aripiprazole; Risperidone
DRD2,PK,Main Trial: PK Tmax,1,0,Aripiprazole; Risperidone
DRD2,PK,Main Trial: PK Vss/F,1,0,Aripiprazole; Risperidone
DRD2,PK,Maximal Observed Concentration (Cmax) at Week 5,1,0,Risperidone
DRD2,PK,Maximal peak steady-state plasma concentration,1,0,Brexpiprazole
DRD2,PK,Maximum (Peak) Plasma Concentration (Cmax) of Brexpiprazole,1,0,Brexpiprazole
DRD2,PK,Maximum concentration in plasma (Cmax) of total LY03003,1,1,Rotigotine
DRD2,PK,Maximum concentration in plasma [Cmax] of total Despropylrotigotine,1,0,Rotigotine
DRD2,PK,Maximum concentration in plasma [Cmax] of total Desthienylethylrotigotine,1,0,Rotigotine
DRD2,PK,Maximum concentration in plasma [Cmax] of total Rotigotine,1,0,Rotigotine
DRD2,PK,Maximum concentration in plasma [Cmax] of unconjugated Rotigotine,1,0,Rotigotine
DRD2,PK,"Maximum concentration in plasma normalized by body weight [Cmax, norm] of total Desthienylethylrotigotine",1,0,Rotigotine
DRD2,PK,"Maximum concentration in plasma normalized by body weight [Cmax,norm] of total Despropylrotigotine",1,0,Rotigotine
DRD2,PK,"Maximum concentration in plasma normalized by body weight [Cmax,norm] of total Rotigotine",1,0,Rotigotine
DRD2,PK,"Maximum concentration in plasma normalized by body weight [Cmax,norm] of unconjugated Rotigotine",1,0,Rotigotine
DRD2,PK,"Maximum concentration of total Rotigotine in plasma at steady-state (Cmax,ss)",1,0,Rotigotine
DRD2,PK,"Maximum concentration of total Rotigotine in plasma at steady-state normalized by apparent dose [Cmax,ss,norm(appd)]",1,0,Rotigotine
DRD2,PK,"Maximum concentration of total Rotigotine in plasma at steady-state normalized by Body Weight [Cmax,ss,norm(BW)]",1,0,Rotigotine
DRD2,PK,"Maximum concentration of total Rotigotine in plasma at steady-state normalized by Body Weight and apparent dose [Cmax,ss,norm(BW,appd)]",1,0,Rotigotine
DRD2,PK,"Maximum concentration of unconjugated Rotigotine in plasma at steady-state (Cmax,ss)",1,0,Rotigotine
DRD2,PK,"Maximum concentration of unconjugated Rotigotine in plasma at steady-state normalized by apparent dose [Cmax,ss,norm(appd)]",1,0,Rotigotine
DRD2,PK,"Maximum concentration of unconjugated Rotigotine in plasma at steady-state normalized by Body Weight [Cmax,ss,norm(BW)]",1,0,Rotigotine
DRD2,PK,"Maximum concentration of unconjugated Rotigotine in plasma at steady-state normalized by Body Weight and apparent dose [Cmax,ss,norm(BW,appd)]",1,0,Rotigotine
DRD2,PK,Maximum Measured Concentration of Pramipexole in Plasma (Cmax),1,0,Pramipexole
DRD2,PK,Maximum measured concentration of the analyte in plasma at steady state (Cmax),1,0,Pramipexole
DRD2,PK,Maximum Observed Plasma Concentration,1,0,Domperidone
DRD2,PK,Maximum Observed Plasma Concentration (Cmax),1,0,Risperidone
DRD2,PK,Maximum Observed Plasma Concentration (Cmax) - 7-Hydroxy-Chlorpromazine,1,0,Chlorpromazine; Promazine
DRD2,PK,Maximum Observed Plasma Concentration (Cmax) - Chlorpromazine,1,0,Chlorpromazine; Promazine
DRD2,PK,Maximum Observed Plasma Concentration (Cmax) of Aripiprazole After First and Fourth Doses of Aripiprazole 2M LAI 960 mg,1,0,Aripiprazole
DRD2,PK,Maximum Observed Plasma Concentration (Cmax) of Aripriprazole,1,0,Aripiprazole
DRD2,PK,Maximum Observed Plasma Concentration (Cmax) of Dehydro-Aripiprazole,1,0,Aripiprazole
DRD2,PK,Maximum Observed Plasma Concentration (Cmax) of Iloperidone - Phase B,1,0,Iloperidone
DRD2,PK,Maximum Observed Plasma Concentration (Cmax) of Iloperidone - Phase C,1,0,Iloperidone
DRD2,PK,Maximum Observed Plasma Concentration (Cmax) of Iloperidone Divided by the Average Plasma Concentration (Cav) of Iloperidone (Cmax/Cav) - Phase B,1,0,Iloperidone
DRD2,PK,Maximum Observed Plasma Concentration (Cmax) of Paliperidone,1,0,Paliperidone
DRD2,PK,Maximum Observed Plasma Concentration (Cmax) of paliperidone palmitate,1,0,Paliperidone
DRD2,PK,Maximum Observed Plasma Concentration of Cediranib,1,0,Prochlorperazine
DRD2,PK,Maximum observed plasma drug concentration (Cmax),1,0,Olanzapine
DRD2,PK,"Maximum observed plasma drug concentration at steady state (Cmax,ss) of TV-44749",1,0,Olanzapine
DRD2,PK,Maximum Plasma Concentration,1,0,Aripiprazole
DRD2,PK,Maximum Plasma Concentration (Cmax),1,0,Aripiprazole
DRD2,PK,Maximum Plasma Concentration (Cmax) [PK],1,0,Brexpiprazole
DRD2,PK,Maximum plasma concentration (Cmax) for single-dose application (Period 1),1,0,Rotigotine
DRD2,PK,Maximum plasma concentration (Cmax) for total Rotigotine,1,1,Rotigotine
DRD2,PK,Maximum plasma concentration (Cmax) for unconjugated Rotigotine,1,1,Rotigotine
DRD2,PK,Maximum Plasma Concentration (Cmax) of Asenapine,1,0,Asenapine
DRD2,PK,Maximum plasma concentration (Cmax) of brexpiprazole in plasma after administration in a fed state versus administration in a fasting state,1,0,Brexpiprazole
DRD2,PK,Maximum plasma concentration (Cmax) of risperidone and total risperidone,1,0,Risperidone
DRD2,PK,"Maximum Plasma Concentration at Steady State (Cmax,ss)",1,0,Domperidone
DRD2,PK,"Maximum plasma concentration at steady state (Cmax,ss) for multiple-dose application (Period 2)",1,0,Rotigotine
DRD2,PK,"Maximum plasma concentration at steady state normalized by apparent dose (mg) (Cmax, ss, norm (apparent dose)) for multiple-dose application (Period 2)",1,0,Rotigotine
DRD2,PK,"Maximum plasma concentration at steady state normalized by body weight (kg) (Cmax,ss,norm(BW)) for multiple-dose application (Period 2)",1,0,Rotigotine
DRD2,PK,"Maximum plasma concentration at steady state normalized by drug content of patch (mg) (Cmax, ss, norm (mgdc)) for multiple-dose application (Period 2)",1,0,Rotigotine
DRD2,PK,Maximum plasma concentration following drug administration (Cmax) of iloperidone,1,0,Iloperidone
DRD2,PK,Maximum plasma concentration following drug administration (Cmax) of iloperidone metabolites P88,1,0,Iloperidone
DRD2,PK,Maximum plasma concentration following drug administration (Cmax) of iloperidone metabolites P95,1,0,Iloperidone
DRD2,PK,"Maximum plasma concentration normalized by apparent dose (Cmax,norm (apparent dose))",1,0,Rotigotine
DRD2,PK,"Maximum plasma concentration normalized by apparent dose (mg)(Cmax, norm (apparent dose)) for single-dose application (Period 1)",1,0,Rotigotine
DRD2,PK,"Maximum plasma concentration normalized by apparent-dose (Cmax, norm (apparent-dose)) of total Rotigotine",1,1,Rotigotine
DRD2,PK,"Maximum plasma concentration normalized by apparent-dose (Cmax, norm (apparent-dose)) of unconjugated Rotigotine",1,1,Rotigotine
DRD2,PK,"Maximum plasma concentration normalized by Body Weight (Cmax, norm (BW)) for total Rotigotine",1,1,Rotigotine
DRD2,PK,"Maximum plasma concentration normalized by Body Weight (Cmax, norm (BW)) for unconjugated Rotigotine",1,1,Rotigotine
DRD2,PK,"Maximum plasma concentration normalized by body weight (Cmax,norm (BW))",1,0,Rotigotine
DRD2,PK,"Maximum plasma concentration normalized by Body Weight (kg) (Cmax, norm (BW)) for single-dose application (Period 1)",1,0,Rotigotine
DRD2,PK,"Maximum plasma concentration normalized by drug content of patch (Cmax, norm (mgdc)) for total Rotigotine",1,1,Rotigotine
DRD2,PK,"Maximum plasma concentration normalized by drug content of patch (Cmax, norm (mgdc)) for unconjugated Rotigotine",1,1,Rotigotine
DRD2,PK,"Maximum plasma concentration normalized by drug content of patch (mg) (Cmax, norm (mgdc)) for single-dose application (Period 1)",1,0,Rotigotine
DRD2,PK,"Maximum Plasma Concentration of Unchanged MP-214, M7 (Desmethyl Cariprazine) and M6 (Didesmethyl Cariprazine) at Day 14",1,0,Cariprazine
DRD2,PK,Maximum plasma concentration of unconjugated Rotigotine (Cmax),1,0,Rotigotine
DRD2,PK,"Maximum plasma concentration of unconjugated Rotigotine normalized by apparent dose (Cmax, norm (apparent dose))",1,0,Rotigotine
DRD2,PK,"Maximum plasma concentration of unconjugated Rotigotine normalized by body weight (Cmax, norm (BW))",1,0,Rotigotine
DRD2,PK,Maximum Plasma Concentration Over the Dosing Interval,1,0,Risperidone
DRD2,PK,"Maximum plasma concentration, time of maximum plasma concentration and area under the concentration time curve for risperidone, 9-OH risperidone and active moiety (risperidone + 9-OH risperidone)",1,0,Risperidone
DRD2,PK,"Maximum Steady State Concentration (Cmax,ss) for PK Population (All Subjects)",1,0,Pramipexole
DRD2,PK,"Maximum Steady State Concentration (Cmax,ss) for PK Population (Excluding Subjects Due to Emesis)",1,0,Pramipexole
DRD2,PK,Maximum ticagrelor and AR-C124900XX concentration at 6h after administration (Cmax6),1,0,Metoclopramide
DRD2,PK,"Mean Ratio of Morning Plasma Concentration of Quetiapine and Nor-quetiapine for Quetiapine IR and Quetiapine XR, at Steady-state Conditions in the End of Each Treatment Period 1 and 2.",1,0,Quetiapine
DRD2,PK,"Measure: Area Under Curve (AUClast, AUCinf) and maximum concentration (Cmax)",1,0,Iloperidone
DRD2,PK,"Minimum plasma concentration at steady state (Cmin, ss) for multiple-dose application (Period 2)",1,0,Rotigotine
DRD2,PK,"Minimum Plasma Concentration at Steady State (Cmin,ss)",1,0,Domperidone
DRD2,PK,Minimum Plasma Concentration Over the Dosing Interval,1,0,Risperidone
DRD2,PK,"Minimum Steady State Concentration (Cmin,ss) for PK Population (All Subjects)",1,0,Pramipexole
DRD2,PK,"Minimum Steady State Concentration (Cmin,ss) for PK Population (Excluding Subjects Due to Emesis)",1,0,Pramipexole
DRD2,PK,Minimum trough steady-state plasma concentration,1,0,Brexpiprazole
DRD2,PK,"Multiple dose PK parameters for Lexapro when administered alone and coadministered with aripiprazole will be derived. Cmin for aripiprazole,dehydro-aripiprazole will be measured",1,0,Aripiprazole
DRD2,PK,"Multiple dose PK parameters for venlafaxine+metabolite when administered alone and with aripiprazole will be derived. Cmin for aripiprazole,dehydro-aripiprazole will be measured",1,0,Aripiprazole
DRD2,PK,multiple regression equation of 5-HTR2A、DRD2 and COMT Genes Polymorphisms and Olanzapine Plasma Concentration and clinical features,1,0,Olanzapine
DRD2,PK,Noncompartmental Pharmacokinetic parameters,1,0,Loxapine
DRD2,PK,"Observed maximum blood concentrations (Cmax) of [177Lu]Lu-PSMA-617, [177Lu]Lu-DOTA-TATE and [177Lu]Lu-NeoB",1,0,Metoclopramide
DRD2,PK,"Olanzapine pharmacokinetics, safety, and effectiveness",1,0,Olanzapine
DRD2,PK,Oral Phase Cave: Average Plasma Concentration of Active Moiety (Risperidone + 9 OH Risperidone) During 24 Hours After 3 Days of Repeated 3mg QD Oral Administrations,1,0,Risperidone
DRD2,PK,Other PK parameters of the parent drug,1,0,Cariprazine
DRD2,PK,Paliperidone Pre-dose Plasma Concentration (Cpredose) at Day 36,1,0,Paliperidone
DRD2,PK,Paliperidone Pre-dose Plasma Concentration (Cpredose) at Day 64,1,0,Paliperidone
DRD2,PK,Paliperidone Pre-dose Plasma Concentration (Cpredose) at Day 8,1,0,Paliperidone
DRD2,PK,Paliperidone Pre-dose Plasma Concentration (Cpredose) at Day 92,1,0,Paliperidone
DRD2,PK,Part 1 - Area Under the Plasma Concentration-time Curve (AUC) of Oxycodone Alone vs. in Combination With Midazolam,1,0,Quetiapine
DRD2,PK,Part 1 - Maximum Observed Plasma Concentration (Cmax) of Oxycodone Alone vs. in Combination With Midazolam,1,0,Quetiapine
DRD2,PK,Part 1: Plasma concentration of pimozide and clarithromycin associated with ΔΔQTc prolongation of 10 ms based on concentration-QTc analysis.,1,0,Pimozide
DRD2,PK,Part 1: The margin (ratio) between hERG IC50 and free plasma concentration causing 10 ms QTc prolongation.,1,0,Pimozide
DRD2,PK,Part 2 - AUC of Oxycodone Alone vs. in Combination With Paroxetine or Quetiapine on Day 1,1,0,Quetiapine
DRD2,PK,Part 2 - AUC of Oxycodone Alone vs. in Combination With Paroxetine or Quetiapine on Day 5,1,0,Quetiapine
DRD2,PK,Part 2 - Cmax of Oxycodone Alone vs. in Combination With Paroxetine or Quetiapine on Day 1,1,0,Quetiapine
DRD2,PK,Part 2 - Cmax of Oxycodone Alone vs. in Combination With Paroxetine or Quetiapine on Day 5,1,0,Quetiapine
DRD2,PK,Part A - Multiple Dose Group: Area Under the Concentration-Time Curve from Time Zero to 28 Days Postdose (AUC0-28) (Following the Fifth Dose Only) for Aripiprazole and Dehydro-Aripiprazole,1,0,Aripiprazole
DRD2,PK,Part A - Multiple Dose Group: Maximum Observed Plasma Concentration (Cmax) for Aripiprazole and Dehydro-Aripiprazole (Following the Fifth Dose Only),1,0,Aripiprazole
DRD2,PK,Part A - Multiple Dose Group: Plasma Concentration at 28 Days Postdose (C28) for Aripiprazole and Dehydro-Aripiprazole,1,0,Aripiprazole
DRD2,PK,Part A - Multiple Dose Group: Ratio of Dehydro-Aripiprazole to Aripiprazole C28 and AUC0-28 (Following the Fifth Dose Only),1,0,Aripiprazole
DRD2,PK,Part A - Multiple Dose Group: Time to Reach the Maximum Plasma Concentration (Tmax) (Following the Fifth Dose Only) for Aripiprazole and Dehydro-Aripiprazole,1,0,Aripiprazole
DRD2,PK,Part A - Single Dose Group: Area Under the Concentration-Time Curve from Time Zero to 28 Days Postdose (AUC0-28) for Aripiprazole and Dehydro-Aripiprazole,1,0,Aripiprazole
DRD2,PK,Part A - Single Dose Group: Area Under the Concentration-Time Curve from time Zero to Time t (the Last Observable Concentration; AUCt) for Aripiprazole and Dehydro-Aripiprazole,1,0,Aripiprazole
DRD2,PK,Part A - Single Dose Group: Area Under the Plasma Concentration-time Curve from Time 0 to Infinity for Aripiprazole (AUC∞) for Aripiprazole and Dehydro-Aripiprazole,1,0,Aripiprazole
DRD2,PK,Part A - Single Dose Group: Maximum Observed Plasma Concentration (Cmax) for Aripiprazole and Dehydro-Aripiprazole,1,0,Aripiprazole
DRD2,PK,Part A - Single Dose Group: Plasma Concentration at 28 Days Postdose (C28) for Aripiprazole and Dehydro-Aripiprazole,1,0,Aripiprazole
DRD2,PK,Part A - Single Dose Group: Time to Reach the Maximum Plasma Concentration (Tmax) for Aripiprazole and Dehydro-Aripiprazole,1,0,Aripiprazole
DRD2,PK,Part A: Area Under the Concentration-Time Curve Calculated to the Last Observable Concentration at Time t (AUCt) for Quetiapine,1,0,Quetiapine
DRD2,PK,Part A: Maximum Observed Plasma Concentration (Cmax) for Quetiapine,1,0,Quetiapine
DRD2,PK,"Part A: Pharmacokinetics, Area Under the Concentration - Time Curve (AUC)",1,0,Aripiprazole
DRD2,PK,"Part A: Pharmacokinetics, Maximum Concentration (Cmax)",1,0,Aripiprazole
DRD2,PK,Part A: Time to Maximum (Peak) Plasma Concentration (tmax) for Quetiapine,1,0,Quetiapine
DRD2,PK,Part B - Group 1: Area Under the Concentration-Time Curve from Time Zero to 28 Days Postdose (AUC0-28) for Aripiprazole and Dehydro-Aripiprazole,1,0,Aripiprazole
DRD2,PK,Part B - Group 1: Area Under the Concentration-Time Curve from time Zero to Time t (the Last Observable Concentration; AUCt) for Aripiprazole and Dehydro-Aripiprazole,1,0,Aripiprazole
DRD2,PK,Part B - Group 1: Area Under the Plasma Concentration-time Curve from Time 0 to Infinity for Aripiprazole (AUC∞) for Aripiprazole and Dehydro-Aripiprazole,1,0,Aripiprazole
DRD2,PK,Part B - Group 1: Maximum Observed Plasma Concentration (Cmax) for Aripiprazole and Dehydro-Aripiprazole,1,0,Aripiprazole
DRD2,PK,Part B - Group 1: Plasma Concentration at 28 Days Postdose (C28) for Aripiprazole and Dehydro-Aripiprazole,1,0,Aripiprazole
DRD2,PK,Part B - Group 1: Time to Reach the Maximum Plasma Concentration (Tmax) for Aripiprazole and Dehydro-Aripiprazole,1,0,Aripiprazole
DRD2,PK,Part B - Group 2: Area Under the Concentration-Time Curve from Time Zero to 28 Days Postdose (AUC0-28) for Aripiprazole and Dehydro-Aripiprazole,1,0,Aripiprazole
DRD2,PK,Part B - Group 2: Area Under the Concentration-Time Curve from time Zero to Time t (the Last Observable Concentration; AUCt) for Aripiprazole and Dehydro-Aripiprazole,1,0,Aripiprazole
DRD2,PK,Part B - Group 2: Area Under the Plasma Concentration-time Curve from Time 0 to Infinity for Aripiprazole (AUC∞) for Aripiprazole and Dehydro-Aripiprazole,1,0,Aripiprazole
DRD2,PK,Part B - Group 2: Maximum Observed Plasma Concentration (Cmax) for Aripiprazole and Dehydro-Aripiprazole,1,0,Aripiprazole
DRD2,PK,Part B - Group 2: Plasma Concentration at 28 Days Postdose (C28) for Aripiprazole and Dehydro-Aripiprazole,1,0,Aripiprazole
DRD2,PK,Part B - Group 2: Time to Reach the Maximum Plasma Concentration (Tmax) for Aripiprazole and Dehydro-Aripiprazole,1,0,Aripiprazole
DRD2,PK,Part B: Area Under the Concentration-Time Curve Calculated to the Last Observable Concentration at Time t (AUCt) for Quetiapine,1,0,Quetiapine
DRD2,PK,Part B: Area Under the Concentration-Time Curve from Time Zero to Infinity (AUC∞) for Quetiapine,1,0,Quetiapine
DRD2,PK,Part B: Maximum Observed Plasma Concentration (Cmax) for Quetiapine,1,0,Quetiapine
DRD2,PK,"Part B: Pharmacokinetics, Area Under the Concentration - Time Curve (AUC)",1,0,Aripiprazole
DRD2,PK,"Part B: Pharmacokinetics, Maximum Concentration (Cmax)",1,0,Aripiprazole
DRD2,PK,Part B: Time to Maximum (Peak) Plasma Concentration (tmax) for Quetiapine,1,0,Quetiapine
DRD2,PK,Peak (Maximal) Concentration of Drug in Plasma (Cmax) for Brexpiprazole and Its Metabolite DM-3411,1,0,Brexpiprazole
DRD2,PK,Peak Plasma Concentration (Cmax) for Active Moiety,1,0,Risperidone
DRD2,PK,Peak Plasma Concentration (Cmax) of Aripiprazole in Cohort 1,1,0,Aripiprazole
DRD2,PK,Peak plasma concentration for both risperidone and its metabolites,1,0,Risperidone
DRD2,PK,Peak to trough fluctuation (PTF) for multiple-dose application (Period 2),1,0,Rotigotine
DRD2,PK,Peak-to-trough Fluctuation (PTF) for PK Population (All Subjects),1,0,Pramipexole
DRD2,PK,Peak-to-trough Fluctuation (PTF) for PK Population (Excluding Subjects Due to Emesis),1,0,Pramipexole
DRD2,PK,Peak-to-Trough Percent Fluctuation (PTF%) After the Fourth Dose of Aripiprazole 2M LAI 960 mg,1,0,Aripiprazole
DRD2,PK,Peak-Trough Fluctuation (PTF),1,0,Pramipexole
DRD2,PK,"Period 1: AUC of Oral Olanzapine at Steady State (AUC0-τ,ss[oral olanzapine])",1,0,Olanzapine
DRD2,PK,"Period 1: Calculated AUC of Oral Olanzapine at Steady State Extrapolated Over 28 Days (AUC0-τ,ss[oral olanzapine] × 28)",1,0,Olanzapine
DRD2,PK,"Period 1: Maximum Observed Plasma Drug concentration at Steady State (Cmax,ss[oral olanzapine])",1,0,Olanzapine
DRD2,PK,Period 2: Area Under the Plasma Drug Concentration versus Time Curve (AUC) of TV-44749,1,0,Olanzapine
DRD2,PK,Period 2: AUC of TV-44749 Extrapolated to Infinity (AUC0-∞),1,0,Olanzapine
DRD2,PK,Period 2: Maximum Observed Plasma Drug Concentration (Cmax) of TV-44749,1,0,Olanzapine
DRD2,PK,Pharmacodynamic relationship between maximum VAS and PK concentration,1,0,Quetiapine
DRD2,PK,Pharmacogenetic Analysis of Thioridazine Serum Trough Levels,1,0,Thioridazine
DRD2,PK,Pharmacogenomics: Relationships between composite genetic description or predicted observable traits and the pharmacokinetic parameters of paliperidone and its enantiomers were explored graphically.,1,0,Paliperidone
DRD2,PK,pharmacokinetic (levels of 9-OH risperidone),1,0,Paliperidone
DRD2,PK,Pharmacokinetic Analysis of Thioridazine Serum Trough Levels,1,0,Thioridazine
DRD2,PK,Pharmacokinetic analysis was done to determine the level of the drug in the blood,1,0,Asenapine; Olanzapine
DRD2,PK,"Pharmacokinetic Analysis: Plasma Concentrations of SK&F101468, an Unchanged Form of Ropinirole.",1,0,Ropinirole
DRD2,PK,"Pharmacokinetic Analysis: Plasma Concentrations of SK&F104557, a Circulating Metabolite of Ropinirole.",1,0,Ropinirole
DRD2,PK,"Pharmacokinetic Analysis: Plasma Concentrations of SK&F89124, a Circulating Metabolite of Ropinirole.",1,0,Ropinirole
DRD2,PK,Pharmacokinetic Evaluation of Co-administration - AUC 0-24,1,0,Olanzapine
DRD2,PK,Pharmacokinetic Evaluation of Co-administration Versus Roluperidone Monotherapy - Maximum Plasma Concentration (Cmax),1,0,Olanzapine
DRD2,PK,Pharmacokinetic Evaluation of Roluperidone - Area Under the Plasma Concentration Versus Time Curve (AUC 0-24),1,0,Olanzapine
DRD2,PK,Pharmacokinetic Evaluation of Roluperidone - Area Under the Plasma Concentration Versus Time Curve (AUC Inf),1,0,Olanzapine
DRD2,PK,Pharmacokinetic Evaluation of Roluperidone - Maximum Plasma Concentration (Cmax),1,0,Olanzapine
DRD2,PK,Pharmacokinetic Evaluation of Roluperidone - Time to Maximum Plasma Concentration (Tmax),1,0,Olanzapine
DRD2,PK,Pharmacokinetic evaluations (e.g. blood level of the drug) at finish of trial; Efficacy measures at finish of trial,1,0,Paliperidone
DRD2,PK,Pharmacokinetic evaluations (graphically display to explore dose proportionality and achievement of steady state),1,0,Paliperidone
DRD2,PK,"Pharmacokinetic is evaluated by concentration of aripiprazole in blood (at Week 3, 4, 6, 8).",1,0,Aripiprazole
DRD2,PK,Pharmacokinetic Parameter of Area Under the Curve (AUC) of Two Differing Tablet Strengths (3 x 5 mg and 1 x 15 mg) of Sublingually Administered Org 5222 (Asenapine),1,0,Asenapine
DRD2,PK,Pharmacokinetic Parameter of Maximum Plasma Concentration (Cmax) of Two Differing Tablet Strengths (3 x 5 mg and 1 x 15 mg) of Sublingually Administered Org 5222 (Asenapine),1,0,Asenapine
DRD2,PK,Pharmacokinetic Parameter of Time of Occurrence of Cmax (Tmax) of Two Differing Tablet Strengths (3 x 5 mg and 1 x 15 mg) of Sublingually Administered Org 5222 (Asenapine),1,0,Asenapine
DRD2,PK,Pharmacokinetic profile of PF-00184562 maximum concentration (Cmax),1,0,Olanzapine
DRD2,PK,"Pharmacokinetic profile: Carrier genome levels in urine, blood, tears, nasal secretions",1,0,Clozapine
DRD2,PK,Pharmacokinetics - area under concentration-time curve (AUC) calculated from time zero to time t (AUCt),1,0,Aripiprazole
DRD2,PK,Pharmacokinetics - AUC calculated from time to infinity,1,0,Aripiprazole
DRD2,PK,Pharmacokinetics - Maximum plasma concentration (Cmax),1,0,Aripiprazole
DRD2,PK,Pharmacokinetics - Plasma asenapine concentrations,1,0,Asenapine; Olanzapine
DRD2,PK,"Pharmacokinetics - Terminal-phase elimination half-life (t1/2,z)",1,0,Aripiprazole
DRD2,PK,Pharmacokinetics - time of maximum plasma concentration (tmax),1,0,Aripiprazole
DRD2,PK,"Pharmacokinetics of Asenapine up to Doses of 10 mg BID in Elderly Subjects With Psychosis , Dn-Cmax",1,0,Asenapine
DRD2,PK,"Pharmacokinetics of Asenapine up to Doses of 10 mg BID in Elderly Subjects With Psychosis, AUC 0-12",1,0,Asenapine
DRD2,PK,"Pharmacokinetics of Asenapine up to Doses of 10 mg BID in Elderly Subjects With Psychosis, Cmin",1,0,Asenapine
DRD2,PK,"Pharmacokinetics of Asenapine up to Doses of 10 mg BID in Elderly Subjects With Psychosis, Dn-AUC 0-12",1,0,Asenapine
DRD2,PK,"Pharmacokinetics of Asenapine up to Doses of 10 mg BID in Elderly Subjects With Psychosis, Tmax",1,0,Asenapine
DRD2,PK,"Pharmacokinetics of Asenapine up to Doses of 10 mg BID in Elderly Subjects With Psychosis,Cmax",1,0,Asenapine
DRD2,PK,Pharmacokinetics of iloperidone and its metabolites following oral treatment with iloperidone.,1,1,Iloperidone
DRD2,PK,Pharmacokinetics of iloperidone and its metabolites following repeat-dosing of iloperidone given as a long-acting injection.,1,0,Iloperidone
DRD2,PK,"Pharmacokinetics of iloperidone at different dose levels based on AUC (area under the plasma concentration time curve during a dosage interval) Cmax ss (maximum plasma concentration at steady state), Tmax ss (time to Cma",1,0,Iloperidone
DRD2,PK,Pharmacokinetics of quetiapine and its main active metabolite,1,0,Quetiapine
DRD2,PK,Pharmacokinetics of RO5285119 in combination with single dose risperidone: Area under the concentration-time curve (AUC),1,0,Risperidone
DRD2,PK,Pharmacokinetics of RO5285119 in combination with single dose risperidone: Maximum plasma concentration (Cmax),1,0,Risperidone
DRD2,PK,Pharmacokinetics of single dose risperidone in combination with multiple doses of RO5285119: Area under the concentration-time curve (AUC),1,0,Risperidone
DRD2,PK,Pharmacokinetics of single dose risperidone in combination with multiple doses of RO5285119: Maximum plasma concentration (Cmax),1,0,Risperidone
DRD2,PK,Pharmacokinetics: Apparent clearance of DHE (CL/F),1,0,Metoclopramide
DRD2,PK,Pharmacokinetics: Apparent total clearance of cariprazine from plasma (CL/F) on Day 42,1,0,Cariprazine
DRD2,PK,Pharmacokinetics: Apparent volume of distribution of DHE (Vz/F),1,0,Metoclopramide
DRD2,PK,Pharmacokinetics: Area under the curve (AUC 0-2 hours) of DHE,1,0,Metoclopramide
DRD2,PK,Pharmacokinetics: Area under the curve (AUC 0-30 min) of DHE,1,0,Metoclopramide
DRD2,PK,Pharmacokinetics: Area under the curve (AUC 0-inf) of 8'-OH-DHE,1,0,Metoclopramide
DRD2,PK,Pharmacokinetics: Area under the curve (AUC 0-inf) of DHE,1,0,Metoclopramide
DRD2,PK,Pharmacokinetics: Area under the curve (AUC 0-t) of 8'-OH-DHE,1,0,Metoclopramide
DRD2,PK,Pharmacokinetics: Area under the curve (AUC 0-t) of DHE,1,0,Metoclopramide
DRD2,PK,"Pharmacokinetics: Area under the plasma concentration-time curve (AUC0-t,BR) of lumateperone and metabolites during burst-release phase",1,0,Lumateperone
DRD2,PK,"Pharmacokinetics: Area under the plasma concentration-time curve (AUC0-t,SR) of lumateperone and metabolites during sustained-release phase",1,0,Lumateperone
DRD2,PK,Pharmacokinetics: Area under the plasma concentration-time curve during the dosing interval (AUC0-tau) of cariprazine and its metabolites DCAR and DDCAR on Days 1 and 42,1,0,Cariprazine
DRD2,PK,Pharmacokinetics: Area under the plasma concentration-time curve from time zero extrapolated to infinity (AUC0-inf) of lumateperone and metabolites,1,0,Lumateperone
DRD2,PK,Pharmacokinetics: Area under the plasma concentration-time curve from time zero to the last measurable concentration (AUC0-t) of lumateperone and metabolites,1,0,Lumateperone
DRD2,PK,Pharmacokinetics: AUC0-t,1,0,Lumateperone
DRD2,PK,"Pharmacokinetics: AUC0-t,IM",1,0,Lumateperone
DRD2,PK,"Pharmacokinetics: AUC0-t,oral",1,0,Lumateperone
DRD2,PK,Pharmacokinetics: Average plasma concentrations (Cavg) during the dosing interval of cariprazine and its metabolites DCAR and DDCAR on Day 42,1,0,Cariprazine
DRD2,PK,Pharmacokinetics: CL/F,1,0,Lumateperone
DRD2,PK,Pharmacokinetics: Clearance of DHE (CL),1,0,Metoclopramide
DRD2,PK,"Pharmacokinetics: Cmax,IM",1,0,Lumateperone
DRD2,PK,"Pharmacokinetics: Cmax,oral",1,0,Lumateperone
DRD2,PK,Pharmacokinetics: Maximum observed plasma concentration (Cmax) of lumateperone and metabolites,1,0,Lumateperone
DRD2,PK,"Pharmacokinetics: Maximum observed plasma concentration (Cmax,BR) of lumateperone and metabolites during burst-release phase",1,0,Lumateperone
DRD2,PK,"Pharmacokinetics: Maximum observed plasma concentration (Cmax,SR) of lumateperone and metabolites during sustained-release phase",1,0,Lumateperone
DRD2,PK,Pharmacokinetics: Maximum plasma concentrations (Cmax) of cariprazine and its metabolites DCAR and DDCAR on Days 1 and 42,1,0,Cariprazine
DRD2,PK,Pharmacokinetics: Minimum plasma concentrations (Cmin) during the dosing interval of cariprazine and its metabolites DCAR and DDCAR on Day 42,1,0,Cariprazine
DRD2,PK,Pharmacokinetics: Peak plasma concentration (C max) of 8'-OH-DHE,1,0,Metoclopramide
DRD2,PK,Pharmacokinetics: Peak plasma concentration (C max) of DHE,1,0,Metoclopramide
DRD2,PK,Pharmacokinetics: Plasma area under the concentration-time curve (AUC) of risperidone,1,0,Risperidone
DRD2,PK,Pharmacokinetics: Plasma area under the concentration-time curve (AUC) of RO5545965,1,0,Risperidone
DRD2,PK,Pharmacokinetics: t1/2,1,0,Lumateperone
DRD2,PK,Pharmacokinetics: Terminal elimination half-life (T 1/2 el) of DHE and 8'-OH-DHE,1,0,Metoclopramide
DRD2,PK,Pharmacokinetics: Terminal elimination half-life (T1/2) of cariprazine and its metabolites DCAR and DDCAR,1,0,Cariprazine
DRD2,PK,Pharmacokinetics: Terminal elimination half-life (T1/2) of lumateperone and metabolites,1,0,Lumateperone
DRD2,PK,Pharmacokinetics: Time of maximum observed plasma concentration (Tmax) of lumateperone and metabolites,1,0,Lumateperone
DRD2,PK,"Pharmacokinetics: Time of maximum observed plasma concentration (Tmax,BR) of lumateperone and metabolites during burst-release phase",1,0,Lumateperone
DRD2,PK,"Pharmacokinetics: Time of maximum observed plasma concentration (Tmax,SR) of lumateperone and metabolites during sustained-release phase",1,0,Lumateperone
DRD2,PK,Pharmacokinetics: Time of maximum plasma concentrations (Tmax) of cariprazine and its metabolites DCAR and DDCAR on Days 1 and 42,1,0,Cariprazine
DRD2,PK,Pharmacokinetics: Time of peak maximal concentration (T max) of DHE and 8'-OH-DHE,1,0,Metoclopramide
DRD2,PK,"Pharmacokinetics: Tmax,IM",1,0,Lumateperone
DRD2,PK,"Pharmacokinetics: Tmax,oral",1,0,Lumateperone
DRD2,PK,Pharmacokinetics: Volume of distribution during the terminal elimination phase (Vz/F) of cariprazine,1,0,Cariprazine
DRD2,PK,Pharmacokinetics: Volume of distribution of DHE (Vz),1,0,Metoclopramide
DRD2,PK,Phase 1 Pharmacokinetic (PK) Profile of Oral TRC102 When Administered in Combination With Temozolomide (TMZ) as Measured by Maximum Plasma Concentration (Cmax) of TRC102: Mean (Standard Deviation),1,0,Metoclopramide; Prochlorperazine
DRD2,PK,Phase 1 Pharmacokinetic (PK) Profile: the Percentage of TRC102 Dose Recovered From Participant Urine in Participants Treated With Oral TRC102 in Combination With Temozolomide (TMZ),1,0,Metoclopramide; Prochlorperazine
DRD2,PK,"PK - tmax, t1/2, For SKF-89124 and SKF-104557 - ratio of metabolite AUC:ropinirole AUC. PD - Leg movement as measured by actigraphy.",1,0,Ropinirole
DRD2,PK,PK Evaluation: Maximal Observed Concentration (Cmax) of Active Moiety at Week 5 (OL Cohort only),1,0,Risperidone
DRD2,PK,PK parameter AUC0-t,1,0,Pramipexole
DRD2,PK,PK parameter AUC0-∞,1,0,Pramipexole
DRD2,PK,PK parameter AUC_%Extrap,1,0,Pramipexole
DRD2,PK,PK parameter Cmax,1,0,Pramipexole
DRD2,PK,"PK parameters (Cmax and AUC) for active moiety, 9-OH-risperidone and risperidone",1,0,Risperidone
DRD2,PK,PK parameters of dexpramipexole including but not limited to AUC: area under the plasma-concentration time curve over a specified time period and Cmax: Maximum observed plasma concentration,1,0,Pramipexole
DRD2,PK,PK parameters of dexpramipexole including maximum plasma concentration (Cmax) and the area under the plasma concentration-time curve over time from 0 to infinity (AUC0-inf) of dexpramipexole.,1,0,Pramipexole
DRD2,PK,"PK parameters: tmax, Cmax, AUClast, AUCinf, ke, t1/2 and clearance will be estimated for each subject and for the population using noncompartmental methods.",1,0,Loxapine
DRD2,PK,"PK profile of ZX003 determined by C max, T max, C min, AUC (0-24h), AUC (0-tau), C avg",1,0,Risperidone
DRD2,PK,"PK samples will be measured for each formulation and compared between sites. The units of measure for this will include PK parameters, for example, Bioavailability, clearance and volume of distribution and Area under the",1,1,Ropinirole
DRD2,PK,PK: Amisulpride plasma exposure (AUC) after a single IV dose,1,0,Amisulpride
DRD2,PK,PK: Amisulpride plasma exposure (AUC) after a single oral dose,1,0,Amisulpride
DRD2,PK,PK: Cmax,1,0,Amisulpride
DRD2,PK,"Plasma concentration at steady-state 30 hours after last patch application (C (30 h), ss) for total Despropyl Rotigotine",1,1,Rotigotine
DRD2,PK,"Plasma concentration at steady-state 30 hours after last patch application (C (30 h), ss) for total Desthienyl Rotigotine",1,1,Rotigotine
DRD2,PK,"Plasma concentration at steady-state directly before patch removal (C (24), ss) for total Despropyl Rotigotine",1,1,Rotigotine
DRD2,PK,"Plasma concentration at steady-state directly before patch removal (C (24), ss) for total Desthienyl Rotigotine",1,1,Rotigotine
DRD2,PK,"Plasma concentration at the end of the dosing interval at steady state (Ctrough,ss) of TV-44749",1,0,Olanzapine
DRD2,PK,Plasma concentration of active metabolite (paliperidone),1,0,Paliperidone
DRD2,PK,Plasma Concentration of Aripiprazole 28 Days (C28) After the First Dose of Aripiprazole IM Depot 400 mg,1,0,Aripiprazole
DRD2,PK,Plasma Concentration of Aripiprazole 28 Days Postdose (C28) of Aripiprazole IM Depot 400 mg After the Eighth Dose,1,0,Aripiprazole
DRD2,PK,Plasma Concentration of Aripiprazole 56 Days (C56) After the First Dose of Aripiprazole 2M LAI 960 mg,1,0,Aripiprazole
DRD2,PK,Plasma Concentration of Aripiprazole 56 Days Postdose (C56) of Aripiprazole 2M LAI 960 mg After the Fourth Dose,1,0,Aripiprazole
DRD2,PK,Plasma Concentration of Aripiprazole 7 Days Post First Dose (C7) of Aripiprazole 2M LAI 960 mg,1,0,Aripiprazole
DRD2,PK,Plasma Concentration of Aripiprazole Post First Dose (C14) of Aripiprazole IM Depot 400 mg,1,0,Aripiprazole
DRD2,PK,"Plasma concentration of cariprazine and its active metabolites (DCAR, DDCAR)",1,0,Cariprazine
DRD2,PK,Plasma concentration of enantiomer of paliperidone palmitate (R078543),1,0,Paliperidone
DRD2,PK,Plasma concentration of enantiomer paliperidone palmitate (R078544),1,0,Paliperidone
DRD2,PK,Plasma concentration of Paliperidone (Period 1),1,0,Paliperidone
DRD2,PK,Plasma concentration of Paliperidone (Period 2),1,0,Paliperidone
DRD2,PK,Plasma Concentration of Quinagolide and Metabolites,1,0,Quinagolide
DRD2,PK,Plasma Concentration of RO6889450,1,0,Risperidone
DRD2,PK,Plasma Concentration of Rotigotine After Use.,1,1,Rotigotine
DRD2,PK,Plasma concentration of unchanged drug (Paliperidone palmitate),1,0,Paliperidone
DRD2,PK,Plasma concentration-time (PK) profiles will be produced for each subject and a mean PK profile for subjects completing for each dose group,1,0,Loxapine
DRD2,PK,Plasma concentrations of brexpiprazole,1,0,Brexpiprazole
DRD2,PK,Plasma Concentrations of Paliperidone and Risperidone,1,0,Paliperidone; Risperidone
DRD2,PK,Plasma Concentrations of Quinagolide and Its Metabolites During Cycles 1 to 4,1,0,Quinagolide
DRD2,PK,Plasma concentrations of total Rotigotine,1,1,Rotigotine
DRD2,PK,Plasma concentrations of total Rotigotine for multiple-dose application (Period 2),1,0,Rotigotine
DRD2,PK,Plasma concentrations of total Rotigotine for single-dose application (Period 1),1,0,Rotigotine
DRD2,PK,Plasma concentrations of unconjugated Rotigotine,1,1,Rotigotine
DRD2,PK,Plasma concentrations of unconjugated Rotigotine for multiple-dose application (Period 2),1,0,Rotigotine
DRD2,PK,Plasma concentrations of unconjugated Rotigotine for single-dose application (Period 1),1,0,Rotigotine
DRD2,PK,"Plasma maximum exposure (Cmax,ss)",1,0,Pramipexole
DRD2,PK,Plasma peak to trough fluctuation (PTF),1,0,Pramipexole
DRD2,PK,Plasma Pharmacokinetics (PK) of CORT118335: Time from Dosing at which Maximum Concentration is Apparent (tmax),1,0,Olanzapine
DRD2,PK,Plasma PK of CORT118335: Area Under the Concentration-Time Curve Over the Dose Interval (AUCtau),1,0,Olanzapine
DRD2,PK,Plasma PK of CORT118335: Maximum Observed Concentration (Cmax),1,0,Olanzapine
DRD2,PK,Plasma PK Parameter for Olanzapine AUC 0-24,1,0,Olanzapine
DRD2,PK,Plasma PK Parameter for Olanzapine AUC Inf,1,0,Olanzapine
DRD2,PK,Plasma PK Parameter for Olanzapine Cmax,1,0,Olanzapine
DRD2,PK,Plasma PK Parameter for Olanzapine Tmax,1,0,Olanzapine
DRD2,PK,Plasma PK Parameters,1,0,Risperidone
DRD2,PK,"Plasma total exposure (AUCτ,ss)",1,0,Pramipexole
DRD2,PK,Plasma Trough Concentrations of SKF101468 (Ropinirole) and Its Metabolites,1,1,Ropinirole
DRD2,PK,Population pharmacokinetics (PK) of LY2140023,1,0,Risperidone
DRD2,PK,"Predose Steady State Concentration of the Analyte Immediately Before Administration of the Next Drug Administration (Cpre,ss) for PK Population (All Subjects)",1,0,Pramipexole
DRD2,PK,"Predose Steady State Concentration of the Analyte Immediately Before Administration of the Next Drug Administration (Cpre,ss) for PK Population (Excluding Subjects Due to Emesis)",1,0,Pramipexole
DRD2,PK,Profile of Pharmacokinetics,1,1,Ropinirole
DRD2,PK,Proportional dose-response relationship between pharmacokinetic parameters Cmax and AUC of OPC-34712,1,0,Brexpiprazole
DRD2,PK,PTF (peak-trough fluctuation),1,0,Pramipexole
DRD2,PK,Quetiapine concentration in blood serum (area under curve (AUC)),1,0,Quetiapine
DRD2,PK,Relations plasma concentration-dose metoclopramide subcutaneously and intravenously,1,0,Metoclopramide
DRD2,PK,"Relationship between plasma concentration of risperidone and its active metabolite, 9-OH-risperidone(or olanzapine) and dopamine D2 receptor occupancy in older patients, in comparison to historic young controls.",1,0,Olanzapine; Risperidone
DRD2,PK,Relative bioavailability calculated based on AUC (fAUC),1,0,Rotigotine
DRD2,PK,Relative bioavailability calculated based on Cmax (fCmax),1,0,Rotigotine
DRD2,PK,Relative bioavailability calculated based on maximum plasma concentration (fCmax),1,0,Rotigotine
DRD2,PK,Relative bioavailability calculated based on the area under the plasma concentration-time curve (fAUC),1,0,Rotigotine
DRD2,PK,Relative bioavailability measured as geometric mean ratios of AUCinf and Cmax and the associated 90% confidence intervals calculated for various pairs of study treatments.,1,0,Ziprasidone
DRD2,PK,Risperidone PK: Accumulation Index Between Injections 1 and 3 In Terms of Area Under the Plasma Concentration Curve (Rac(AUC)),1,0,Risperidone
DRD2,PK,Risperidone PK: Accumulation Index Between Injections 1 and 3 In Terms of Maximum Plasma Concentrations (Rac(Cmax)),1,0,Risperidone
DRD2,PK,Risperidone PK: Area Under the Plasma Concentration-Time Curve From Day 2-29 Post Injection (AUC Day 2-29),1,0,Risperidone
DRD2,PK,Risperidone PK: Area Under the Plasma Concentration-Time Curve From Time Zero to 24 Hours (AUC0-24),1,0,Risperidone
DRD2,PK,Risperidone PK: Area Under the Plasma Concentration-Time Curve From Time Zero to Time Tau (Where Tau=28 Days) (AUCtau),1,0,Risperidone
DRD2,PK,Risperidone PK: Average Plasma Concentration (Cavg) Over the PK Profile,1,0,Risperidone
DRD2,PK,"Risperidone PK: Average Plasma Concentration Over the Secondary Peak (Cavg, Day 2-29)",1,0,Risperidone
DRD2,PK,Risperidone PK: Maximum Plasma Concentration (Cmax) During Initial Peak,1,0,Risperidone
DRD2,PK,Risperidone PK: Maximum Plasma Concentration (Cmax) Over the PK Profile,1,0,Risperidone
DRD2,PK,Risperidone PK: Maximum Plasma Concentration Over the Secondary Peak (Cmax),1,0,Risperidone
DRD2,PK,Risperidone PK: Minimum Plasma Concentration (Cmin) Over the PK Profile,1,0,Risperidone
DRD2,PK,Risperidone PK: Minimum Plasma Concentration (Cmin) Over the Secondary Peak,1,0,Risperidone
DRD2,PK,Risperidone PK: Percent Fluctuation Over the PK Profile,1,0,Risperidone
DRD2,PK,Risperidone PK: Swing Over the PK Profile,1,0,Risperidone
DRD2,PK,Risperidone PK: Time of Maximum Plasma Concentration (Tmax) During Initial Peak,1,0,Risperidone
DRD2,PK,Risperidone PK: Time of the Maximum Plasma Concentration (Tmax) Over the PK Profile,1,0,Risperidone
DRD2,PK,Risperidone PK: Time of the Maximum Plasma Concentration (Tmax) Over the Secondary Peak,1,0,Risperidone
DRD2,PK,Ropinirole AUC (area under the plasma concentration-time curve) over the dosing interval Ropinirole maximum plasma concentration,1,0,Ropinirole
DRD2,PK,"Ropinirole AUC, the area under the plasma concentration-time curve over 24 hours Ropinirole maximum plasma concentration over 24 hours",1,1,Ropinirole
DRD2,PK,Rotigotine Plasma Concentration at the End of the Maintenance Phase/Week 12,1,0,Rotigotine
DRD2,PK,"Safety and tolerability of extended-release (ER) OROS paliperidone in healthy Japanese and Caucasian adults. Paliperidone plasma concentrations, time profiles and PK parameters after single and multiple dosing for Japane",1,0,Paliperidone
DRD2,PK,"Serum concentrations of ziprasidone and its major metabolites at Weeks 1, 3, 12, and 27.",1,0,Ziprasidone
DRD2,PK,single dose PK parameters(300mg),1,0,Quetiapine
DRD2,PK,"Steady-state Average Plasma Concentration (Cavg,ss) of Risperidone and Total Active Moiety",1,0,Risperidone
DRD2,PK,Steady-state multiple doses PK parameters,1,0,Quetiapine
DRD2,PK,Summary of Concentration (ng/mL) of Lurasidone - PK Population the Mean (SD) of Day 4 and Day 5,1,0,Lurasidone
DRD2,PK,Summary of Concentration (ng/mL) of Lurasidone - PK Population the Mean (SD) of Day 6 and Day 7,1,0,Lurasidone
DRD2,PK,"Terminal Half-life of the Analyte in Plasma at Steady State (t1/2,ss) for PK Population (All Subjects)",1,0,Pramipexole
DRD2,PK,"Terminal Half-life of the Analyte in Plasma at Steady State (t1/2,ss) for PK Population (Excluding Subjects Due to Emesis)",1,0,Pramipexole
DRD2,PK,Test the prediction that a dopamine D2/D3 agonist drug (pramipexole)by PK levels. PK sample taken on Week 1 only.,1,0,Amisulpride; Pramipexole
DRD2,PK,"The 90% confidence interval for the LSMeans ratio of CPEAK, AUCL, and AUCI for the test and reference product should be between 80.00% and 125.00% for the natural log-transformed data.",1,0,Olanzapine
DRD2,PK,"The Apparent Clearance of the Analyte in Plasma at Steady State Following Oral Administration (CL/F,ss) for PK Population (All Subjects)",1,0,Pramipexole
DRD2,PK,"The Apparent Clearance of the Analyte in Plasma at Steady State Following Oral Administration (CL/F,ss) for PK Population (Excluding Subjects Due to Emesis)",1,0,Pramipexole
DRD2,PK,The AUC of 24-hour intragastric pH >2 compared to baseline,1,0,Domperidone
DRD2,PK,The AUC of 24-hour intragastric pH >4 compared to baseline,1,0,Domperidone
DRD2,PK,The AUC of 24-hour intragastric pH >6 compared to baseline,1,0,Domperidone
DRD2,PK,The AUC of 24-hour total intragastric pH >4 compared to baseline,1,0,Domperidone
DRD2,PK,The Average Plasma Concentration (Cav) of Iloperidone - Phase B,1,0,Iloperidone
DRD2,PK,The Average Plasma Concentration (Cav) of Iloperidone - Phase C,1,0,Iloperidone
DRD2,PK,The Average Plasma Concentration (Cav) of Iloperidone Divided by Dose - Phase C,1,0,Iloperidone
DRD2,PK,the effect of carbamazepine on the plasma concentration of olanzapine via comparison to historic oral steady-state olanzapine concentrations,1,0,Olanzapine
DRD2,PK,the effect of olanzapine on the plasma concentrations of carbamazepine via a descriptive comparison of the two treatment groups,1,0,Olanzapine
DRD2,PK,The inter- and intra-subject variabilities of olanzapine pharmacokinetics,1,0,Olanzapine
DRD2,PK,"The max and min plasma concentrations, average plasma concentration, and time to reach the max plasma concentration at steady-state (2 weeks after 6th dose). Safety data for all timepoints will be summarized.",1,0,Risperidone
DRD2,PK,The maximum plasma concentration of unconjugated Rotigotine (Cmax),1,0,Rotigotine
DRD2,PK,The plasma concentration of 5-hydroxytryptamine and substance P at the baseline,1,0,Olanzapine
DRD2,PK,The plasma concentrations of domperidone,1,0,Domperidone
DRD2,PK,The plasma concentrations of moxifloxacin,1,0,Domperidone
DRD2,PK,"The potential influence of patient factors such as age, weight, gender, origin, and smoking status on olanzapine pharmacokinetics in adolescents 13-17 years of age that have been diagnosed with schizophrenia or bipolar I",1,0,Olanzapine
DRD2,PK,Time From Dosing to the Maximum Measured Concentration of the Analyte in Plasma (Tmax) for PK Population (All Subjects),1,0,Pramipexole
DRD2,PK,Time From Dosing to the Maximum Measured Concentration of the Analyte in Plasma (Tmax) for PK Population (Excluding Subjects Due to Emesis),1,0,Pramipexole
DRD2,PK,time of maximum observed plasma concentration (tmax),1,0,Aripiprazole
DRD2,PK,Time of maximum plasma concentration (tmax) [PK],1,0,Brexpiprazole
DRD2,PK,Time of occurrence of Cmax (Tmax) of risperidone and total risperidone,1,0,Risperidone
DRD2,PK,"Time to attain the maximum plasma concentration Incidence of adverse events over 37 days As above, but for ropinirole metabolites",1,1,Ropinirole
DRD2,PK,"Time to attain the maximum plasma concentration Time taken for ropinirole concentration to fall to half initial value Incidence of adverse events Vital signs, ECG and clinical laboratory data As above, but for ropinirole",1,0,Ropinirole
DRD2,PK,Time to Cmax (Tmax),1,0,Aripiprazole
DRD2,PK,Time to Maximum (Peak) Plasma Concentration (Tmax) for Brexpiprazole and Its Metabolite DM-3411,1,0,Brexpiprazole
DRD2,PK,Time to Maximum Observed Plasma Concentration (Tmax) - 7-Hydroxy-Chlorpromazine,1,0,Chlorpromazine; Promazine
DRD2,PK,Time to Maximum Observed Plasma Concentration (Tmax) - Chlorpromazine,1,0,Chlorpromazine; Promazine
DRD2,PK,Time to maximum peak steady-state plasma concentration,1,0,Brexpiprazole
DRD2,PK,Time to Maximum Plasma Concentration (Tmax) of Asenapine,1,0,Asenapine
DRD2,PK,"Time to Maximum Plasma Concentration of Unchanged MP-214, M7 (Desmethyl Cariprazine) and M6 (Didesmethyl Cariprazine) at Day 14",1,0,Cariprazine
DRD2,PK,"Time to obtain maximum concentration (tmax), area under concentration-time curve (AUC), and terminal half-life (t1/2).",1,0,Olanzapine
DRD2,PK,Time to peak plasma concentration for both risperidone and its metabolites,1,0,Risperidone
DRD2,PK,Time to reach a maximum plasma concentration (tmax) for single-dose application (Period 1),1,0,Rotigotine
DRD2,PK,"Time to reach a maximum plasma concentration at steady state (tmax,ss) for multiple-dose application (Period 2)",1,0,Rotigotine
DRD2,PK,Time to Reach Maximum Observed Plasma Concentration (Tmax) of Paliperidone,1,0,Paliperidone
DRD2,PK,Time to Reach Maximum Observed Plasma Concentration (Tmax) of paliperidone palmitate,1,0,Paliperidone
DRD2,PK,"Time to reach maximum plasma concentration during a dosing interval at steady-state (t max, ss) for total Rotigotine",1,1,Rotigotine
DRD2,PK,"Time to reach maximum plasma concentration during a dosing interval at steady-state (t max, ss) for unconjugated Rotigotine",1,1,Rotigotine
DRD2,PK,Time to Reach the Maximum Plasma Concentration (Tmax),1,0,Domperidone
DRD2,PK,Time to Reach the Maximum Plasma Concentration (Tmax) of Aripiprazole After First and Fourth Doses of Aripiprazole 2M LAI 960 mg,1,0,Aripiprazole
DRD2,PK,Time to Reach the Maximum Plasma Concentration (Tmax) of Iloperidone - Phase B,1,0,Iloperidone
DRD2,PK,Time to Reach the Maximum Plasma Concentration (Tmax) of Iloperidone - Phase C,1,0,Iloperidone
DRD2,PK,"Time to the maximum plasma concentration (Tmax), the area under the plasma concentration-time curve over time from 0 to t (AUC0-t) and terminal half-life (t½) of dexpramipexole.",1,0,Pramipexole
DRD2,PK,"To analyze steady-state olanzapine plasma concentrations following 10, 20, and 40 mg daily dosing and examine the associations between state plasma levels, efficacy, and safety measures",1,0,Olanzapine
DRD2,PK,To assess the pharmacokinetics (PK) of a postprandial single dose of 40 mg (150 Ci 5.55 Megabecquerels (MBq)) [Isothiazolyl-3-14C-Lurasidone and its metabolites,1,0,Lurasidone
DRD2,PK,To assess the potential effect of multiple doses of paliperidone ER tablets on the steady state pharmacokinetics of VPA.,1,0,Paliperidone
DRD2,PK,To characterize and document the pharmacokinetics of paliperidone in plasma and urine;the (+) and (-) paliperidone ratio;the possible interconversion between the (+)- and (-)- enantiomers of paliperidone;the absolute ora,1,0,Paliperidone
DRD2,PK,To characterize Area under the plasma concentration versus time curve (AUC) of LY03010 P1 and P2 and INVEGA SUSTENNA following a single IM injection of 156 mg dosage level in schizophrenia patients.,1,0,Paliperidone
DRD2,PK,To characterize olanzapine pharmacokinetics,1,0,Olanzapine
DRD2,PK,"To characterize the Maximum Plasma Concentration [Cmax]of LY03010 P1, P2 and INVEGA SUSTENNA following a single IM injection of 156 mg dosage level in schizophrenia patients",1,0,Paliperidone
DRD2,PK,To characterize the pharmacokinetics of olanzapine following multiple dosing with IM olanzapine depot at each of the prescribed dosing regimens,1,0,Olanzapine
DRD2,PK,to characterize the pharmacokinetics of paliperidone after single- and multiple-dose oral administrations of paliperidone ER in children and adolescent patients (>= 10 to <= 17 years of age),1,0,Paliperidone
DRD2,PK,To compare the AUCs of LY03010 P1 and P2 with the AUCs of INVEGA SUSTENNA,1,0,Paliperidone
DRD2,PK,To compare the Cmax of LY03010 P1 and P2 with the Cmax of INVEGA SUSTENNA,1,0,Paliperidone
DRD2,PK,"To compare the steady-state pharmacokinetics of paliperidone after administration of ER OROS paliperidone at 15 mg orally and IR risperidone at 8 mg orally, twice daily; to explore the dose-proportionality of 9 mg and 15",1,0,Paliperidone
DRD2,PK,to derive pharmacokinetic/pharmacodynamic relationships and the occurrence of adverse events,1,0,Paliperidone
DRD2,PK,To determine serum concentrations of Lurasidone,1,0,Lurasidone
DRD2,PK,To determine the effect of a single dose of paliperidone ER on steady-state VPA plasma concentrations,1,0,Paliperidone
DRD2,PK,To determine the whole blood and serum concentrations of total radioactivity of [Isothiazolyl-3-14C]-Lurasidone (150 Ci).,1,0,Lurasidone
DRD2,PK,To document the pharmacokinetics of a 1.5-mg dose of paliperidone ER in healthy men and to assess the safety and tolerability of the 1.5- and 3 mg tablets of paliperidone ER in healthy men,1,0,Paliperidone
DRD2,PK,to evaluate D2 receptor occupancy and plasma concentration of paliperidone at defined times after intake of a single dose of OROS paliperidone 6 mg,1,0,Paliperidone
DRD2,PK,to evaluate the effect of food on the pharmacokinetics of ER OROS paliperidone in ambulant healthy men; to evaluate the effect of posture on the pharmacokinetics of ER OROS paliperidone under fasting conditions,1,0,Paliperidone
DRD2,PK,to evaluate the effect of food on the pharmacokinetics of extended-release (ER) OROS paliperidone in healthy Japanese adults,1,0,Paliperidone
DRD2,PK,"To evaluate the effects of a CYP2D6 inhibitor, paroxetine, on the pharmacokinetics of a single dose of orally administered paliperidone ER",1,0,Paliperidone
DRD2,PK,"to evaluate the effects of a potent enzyme inducer, carbamazepine, on the steady-state pharmacokinetics of orally administered paliperidone ER",1,0,Paliperidone
DRD2,PK,"To evaluate the effects of an organic cation transporter inhibitor, trimethoprim, on the pharmacokinetics of orally administered ER OROS paliperidone",1,0,Paliperidone
DRD2,PK,"To evaluate the pharmacokinetics and relative bioavailability of paliperidone ER formulations with different in vitro release rates (slow, fast) compared to the target formulation after a single 12 mg dose.",1,0,Paliperidone
DRD2,PK,To evaluate the pharmacokinetics of 2 ER formulations of 2 mg-eq paliperidone in comparison with 2 mg IR paliperidone oral solution and to evaluate the effect of food on the pharmacokinetics of these ER formulations,1,0,Paliperidone
DRD2,PK,To evaluate the pharmacokinetics of 2 ER pellet formulations of 2 mg-eq paliperidone in comparison to 2 mg IR paliperidone oral solution and to evaluate the effect of food on the pharmacokinetics of the ER pellet formula,1,0,Paliperidone
DRD2,PK,To evaluate the pharmacokinetics of a single dose of orally administered paliperidone ER before and during the administration of VPA at steady-state,1,0,Paliperidone
DRD2,PK,"To evaluate the pharmacokinetics of a single oral dose of 3 mg ER OROS paliperidone in patients with varying degrees of renal impairment (mild, moderate, and severe), compared with patients with normal renal function",1,0,Paliperidone
DRD2,PK,To evaluate the potential pharmacokinetic interaction between topiramate and risperidone in patients with bipolar disorder or schizoaffective disorders.,1,0,Risperidone
DRD2,PK,To explore the comparability of pharmacokinetic parameter estimates of paliperidone and paliperidone palmitate between the 2 injection sites.,1,0,Paliperidone
DRD2,PK,To explore the pharmacokinetics of a 4-week long acting injectable (LAI) formulation of risperidone after single intramuscular (IM) injection of 75 mg in the gluteal muscle.,1,0,Risperidone
DRD2,PK,"To explore the relationship between the pharmacokinetics of paliperidone and ECG parameters of interest, and to explore the safety and tolerability of paliperidone",1,0,Paliperidone
DRD2,PK,"To explore the relationship between the pharmacokinetics of paliperidone ER and ECG parameters of interest, to evaluate the cardiovascular safety and tolerability of 18-mg paliperidone ER at steady state, and to evaluate",1,0,Paliperidone
DRD2,PK,"To investigate in schizophrenic patients the relationship between D2 RO, 5HT2A RO and stable plasma concentrations of SB-773812 (gr.1) and the relationship of D2 RO and PK over time at steady state to efficacy readouts a",1,0,Risperidone
DRD2,PK,To investigate the single-dose pharmacokinetics of IR paliperidone after oral administration to patients with moderate hepatic impairment as compared to patients with normal hepatic function,1,0,Paliperidone
DRD2,PK,To measure the pharmacokinetics levels of haloperidol after topical administration compared with intravenous administration.,1,0,Haloperidol
DRD2,PK,Total Risperidone PK: Accumulation Index Between Injections 1 and 3 In Terms of Area Under the Plasma Concentration Curve (Rac(AUC)),1,0,Risperidone
DRD2,PK,Total Risperidone PK: Accumulation Index Between Injections 1 and 3 In Terms of Maximum Plasma Concentrations (Rac(Cmax)),1,0,Risperidone
DRD2,PK,Total Risperidone PK: Area Under the Plasma Concentration-Time Curve From Day 2-29 Post Injection (AUC Day 2-29),1,0,Risperidone
DRD2,PK,Total Risperidone PK: Area Under the Plasma Concentration-Time Curve From Time Zero to 24 Hours (AUC0-24),1,0,Risperidone
DRD2,PK,Total Risperidone PK: Area Under the Plasma Concentration-Time Curve From Time Zero to Time Tau (Where Tau=28 Days) (AUCtau),1,0,Risperidone
DRD2,PK,Total Risperidone PK: Average Plasma Concentration (Cavg) Over the PK Profile,1,0,Risperidone
DRD2,PK,"Total Risperidone PK: Average Plasma Concentration Over the Secondary Peak (Cavg, Day 2-29)",1,0,Risperidone
DRD2,PK,Total Risperidone PK: Maximum Plasma Concentration (Cmax) During Initial Peak,1,0,Risperidone
DRD2,PK,Total Risperidone PK: Maximum Plasma Concentration (Cmax) Over the PK Profile,1,0,Risperidone
DRD2,PK,Total Risperidone PK: Maximum Plasma Concentration Over the Secondary Peak (Cmax),1,0,Risperidone
DRD2,PK,Total Risperidone PK: Minimum Plasma Concentration (Cmin) Over the PK Profile,1,0,Risperidone
DRD2,PK,Total Risperidone PK: Minimum Plasma Concentration (Cmin) Over the Secondary Peak,1,0,Risperidone
DRD2,PK,Total Risperidone PK: Percent Fluctuation Over the PK Profile,1,0,Risperidone
DRD2,PK,Total Risperidone PK: Swing Over the PK Profile,1,0,Risperidone
DRD2,PK,Total Risperidone PK: Time of Maximum Plasma Concentration (Tmax) During Initial Peak,1,0,Risperidone
DRD2,PK,Total Risperidone PK: Time of the Maximum Plasma Concentration (Tmax) Over the PK Profile,1,0,Risperidone
DRD2,PK,Total Risperidone PK: Time of the Maximum Plasma Concentration (Tmax) Over the Secondary Peak,1,0,Risperidone
DRD2,PK,Trough Plasma Concentration,1,0,Risperidone
DRD2,PK,Trough Plasma Concentration (Cmin) for Active Moiety,1,0,Risperidone
DRD2,PK,Trough Plasma Concentration at Steady State,1,1,Pramipexole
DRD2,PK,Truncated area under the plasma concentration curve from administration to last observed (AUC 0-72h),1,0,Aripiprazole
DRD2,other_biomarker,"BH4, blood: biomarker of dopaminergic neurotransmission",1,0,Pramipexole
DRD2,other_biomarker,"BH4, CSF: biomarker of dopaminergic neurotransmission",1,0,Pramipexole
DRD2,other_biomarker,Biomarkers,1,0,Olanzapine
DRD2,other_biomarker,"Change from baseline in PANSS subscale scores and Clinical Global Impression (CGI-S and CGI-I) scores, number of subjects achieving a clinical response (at least 20% improvement in total PANSS), safety, tolerability and ",1,0,Risperidone
DRD2,other_biomarker,Change in Biomarkers of Treatment Response: Dorsal Caudate (DCA) Gamma Amino Butyric Acid (GABA) Levels,1,0,Risperidone
DRD2,other_biomarker,Change in Biomarkers of Treatment Response: Dorsal Caudate (DCA) Glx (Glutamate+Glutamine),1,0,Risperidone
DRD2,other_biomarker,Change in Biomarkers Reflecting Treatment Response: Medial Prefrontal Cortex (MPFC) Gamma Amino Butyric Acid (GABA),1,0,Risperidone
DRD2,other_biomarker,Change in Biomarkers Reflecting Treatment Response: Medial Prefrontal Cortex (MPFC) Glx (Glutamate+Glutamine),1,0,Risperidone
DRD2,other_biomarker,Change in inflammatory biomarkers,1,0,Pramipexole
DRD2,other_biomarker,Change in measurements of serum biomarkers of angiogenesis and inflammation over 6 months,1,0,Cabergoline
DRD2,other_biomarker,Correlate Tissue Prolactin Biomarkers With Response to Therapy,1,0,Cabergoline
DRD2,other_biomarker,CYP2D6 activity biomarkers (solanidine and its metabolites),1,0,Risperidone
DRD2,other_biomarker,Examination of potential biomarkers for OHSS,1,0,Cabergoline
DRD2,other_biomarker,"Homovanillic acid, blood: biomarker of dopaminergic neurotransmission",1,0,Pramipexole
DRD2,other_biomarker,"Homovanillic acid, CSF: biomarker of dopaminergic neurotransmission",1,0,Pramipexole
DRD2,other_biomarker,"hs-CRP, blood: biomarker of inflammation",1,0,Pramipexole
DRD2,other_biomarker,"hs-CRP, CSF: biomarker of inflammation",1,0,Pramipexole
DRD2,other_biomarker,"IFN-y, blood: biomarker of inflammation",1,0,Pramipexole
DRD2,other_biomarker,"IFN-y, CSF: fluid biomarker of inflammation",1,0,Pramipexole
DRD2,other_biomarker,"IL-1b, blood: biomarker of inflammation",1,0,Pramipexole
DRD2,other_biomarker,"IL-1b, CSF: biomarker of inflammation",1,0,Pramipexole
DRD2,other_biomarker,Improvement of cardiac biomarkers (N-terminal Pro BNP),1,0,Bromocriptine
DRD2,other_biomarker,"L-DOPA, blood: biomarker of dopaminergic neurotransmission",1,0,Pramipexole
DRD2,other_biomarker,"L-DOPA, CSF: biomarker of dopaminergic neurotransmission",1,0,Pramipexole
DRD2,other_biomarker,"Phenylalanine, blood: biomarker of dopaminergic neurotransmission",1,0,Pramipexole
DRD2,other_biomarker,"Phenylalanine, CSF: biomarker of dopaminergic neurotransmission",1,0,Pramipexole
DRD2,other_biomarker,Plasma biomarkers will be analyzed using a customized multiplex protein array platform for the Senescence-Associated Secretory Phenotype (SASP).,1,1,Aripiprazole
DRD2,other_biomarker,"TNF, blood: biomarker of inflammation",1,0,Pramipexole
DRD2,other_biomarker,"TNF, CSF: biomarker of inflammation",1,0,Pramipexole
DRD2,other_biomarker,To determine the influence of short-term levodopa therapy on dopamine transporter density in early Parkinson's disease,1,1,Cabergoline
DRD2,other_biomarker,To determine the influence of short-term treatment with cabergoline on dopamine transporter density in early Parkinson's disease,1,1,Cabergoline
DRD2,other_biomarker,"To evaluate Quetiapine XR compared to placebo, in SSRI-nonresponsive unipolar patients, in treatment of anxiety and depressive symptoms and biomarkers, improving patient's overall quality of life, and to evaluate its saf",1,0,Quetiapine
DRD2,other_biomarker,"Tyrosine, blood: biomarker of dopaminergic neurotransmission",1,0,Pramipexole
DRD2,other_biomarker,"Tyrosine, CSF: biomarker of dopaminergic neurotransmission",1,0,Pramipexole
DRD2,other_biomarker,"•Assessment of the bioequivalence of the oral suspension formulation, the oral solution formulation, and the marketed tablet formulation of levofloxacin, on Days 1, 2, and 3, using the marketed tablet as the reference. P",1,0,Sulpiride
IGF1R,PK,Maximum Observed Serum Concentration (Cmax) of Teprotumumab,2,0,Teprotumumab
IGF1R,PK,Area Under the Serum Concentration-time Curve (AUC) From Time 0 Extrapolated to Infinity (AUCinf) of Teprotumumab,1,0,Teprotumumab
IGF1R,PK,Area Under the Serum Concentration-time Curve From Time Zero to Infinity (AUCinf) of Teprotumumab,1,0,Teprotumumab
IGF1R,PK,Area Under the Serum Concentration-time Curve From Time Zero to the Last Quantifiable Concentration (AUClast) of Teprotumumab,1,0,Teprotumumab
IGF1R,PK,AUC From Time 0 to the Last Quantifiable Concentration (AUClast) of Teprotumumab,1,0,Teprotumumab
IGF1R,PK,Changes From Baseline (Day 1) in Serum Concentrations of Acid-Labile Subunit (ALS),1,0,Mecasermin
IGF1R,PK,Changes From Baseline (Day 1) in Serum Concentrations of Growth Hormone (GH),1,0,Mecasermin
IGF1R,PK,Changes From Baseline (Day 1) in Serum Concentrations of Growth Hormone Binding Protein (GHBP),1,0,Mecasermin
IGF1R,PK,Changes From Baseline (Day 1) in Serum Concentrations of Insulin-Like Growth Factor Binding Protein-1 (IGFBP-1),1,0,Mecasermin
IGF1R,PK,Changes From Baseline (Day 1) in Serum Concentrations of Insulin-Like Growth Factor Binding Protein-3 (IGFPB-3),1,0,Mecasermin
IGF1R,PK,Changes From Baseline (Day 1) in Serum Concentrations of Insulin-Like Growth Factor-1 (IGF-1),1,0,Mecasermin
IGF1R,PK,Percent Change in Serum Concentration of ALS From Pretreatment to Week 86,1,0,Mecasermin
IGF1R,PK,"Percent Change in Serum Concentration of IGFBP-1, IGFBP-2 and IGFBP-3 From Pretreatment to Week 86",1,0,Mecasermin
IGF1R,PK,Percent Changes From Baseline in Serum Concentrations of IGF-1 at One Year,1,0,Mecasermin
IGF1R,PK,Percent Changes From Baseline in Serum Concentrations of IGF-2 at One Year,1,0,Mecasermin
IGF1R,PK,Percent Changes From Baseline in Serum Concentrations of Insulin-like Growth Factor Binding Protein-2 (IGFBP-2) at One Year,1,0,Mecasermin
IGF1R,PK,Percent Changes From Baseline in Serum Concentrations of Insulin-like Growth Factor Binding Protein-3 (IGFBP-3) at One Year,1,0,Mecasermin
IGF1R,PK,Pharmacokinetics (PK): Area Under the Curve (AUC) of Teprotumumab,1,0,Teprotumumab
IGF1R,PK,PK: Maximum Serum Concentration (Cmax) of Teprotumumab,1,0,Teprotumumab
IGF1R,PK,Time to Cmax (Tmax) of Teprotumumab,1,0,Teprotumumab
IL6,inflammation,Changes in inflammatory stress: C-reactive protein (CRP),1,0,Siltuximab
IL6,inflammation,Cytokine levels: FLT3L and IL-6,1,0,Siltuximab
IL6,inflammation,Frequency and nature of adverse events associated with siltuximab treatment of cytokine release syndrome (CRS) and/or immune effector cell associated neurotoxicity syndrome (ICANS),1,0,Siltuximab
IL6,inflammation,Incidence of all-grade cytokine release syndrome,1,0,Siltuximab
IL6,inflammation,Incidence of grade ≥ 2 cytokine release syndrome,1,0,Siltuximab
IL6,inflammation,Incidence of grade ≥ 2 cytokine release syndrome after siltuximab prophylaxis,1,0,Siltuximab
IL6,inflammation,Incidence of hospitalizations secondary to cytokine release syndrome or neurologic complications,1,0,Siltuximab
IL6,inflammation,Participants with a complete response for cytokine release syndrome (CRS),1,0,Siltuximab
IL6,inflammation,Percent Change From Baseline in C-Reactive Protein (CRP) Level,1,0,Siltuximab
IL6,PK,"Dexamethasone pharmacokinetic evaluations (Cmin, AUC[t1-t2]) from approx. 30 patients from each treatment arm to provide information on the pharmacokinetic profile of dexamethasone",1,0,Siltuximab
IL6,PK,Pharmacokinetic and Pharmacodynamic evaluations,1,0,Siltuximab
IL6,PK,Pharmacokinetics (AUC),1,0,Siltuximab
IL6,PK,Pharmacokinetics (CL),1,0,Siltuximab
IL6,PK,Pharmacokinetics (Cmin / Cmax),1,0,Siltuximab
IL6,PK,Pharmacokinetics (Ctrough),1,0,Siltuximab
IL6,PK,Pharmacokinetics (Tmax),1,0,Siltuximab
IL6,PK,Pharmacokinetics (Vd),1,0,Siltuximab
IL6,PK,"Siltuximab pharmacokinetic evaluations (Cmin, Cmax) to provide information on the pharmacokinetic profile of siltuximab",1,0,Siltuximab
IL6,other_biomarker,"Changes from baseline in plasma biomarkers (PCR, lymphocytes, ferritin, d-dimer and LDH) at days 1, 3, 5, 7 and 9.",1,0,Siltuximab
INSR,PK,"Cmax, maximum insulin aspart concentration",9,0,Insulin
INSR,PK,Cmax,8,0,Insulin
INSR,PK,Glucose Area Under the Curve (AUC),5,0,Insulin
INSR,PK,Cmax (maximum plasma concentration),4,0,Insulin
INSR,PK,"Cmax, maximum concentration",4,0,Insulin
INSR,PK,Maximum insulin concentration (Cmax),4,0,Insulin
INSR,PK,AUC 0-2,3,0,Insulin
INSR,PK,AUC 0-6,3,0,Insulin
INSR,PK,AUC(0-t),3,0,Insulin
INSR,PK,AUCGIR.0-12h,3,0,Insulin
INSR,PK,Pharmacokinetic Parameters: tmax and t1/2,3,0,Insulin
INSR,PK,Pharmacokinetic parameters:Maximum concentration (Cmax),3,0,Insulin
INSR,PK,Pharmacokinetics (PK): Area Under the Concentration Time Curve (AUC) of LY3209590,3,0,Insulin
INSR,PK,"tmax, time to reach Cmax",3,0,Insulin
INSR,fluid_molecular,Change in Cerebrospinal Fluid (CSF) Levels of Phospho-Tau 181,2,2,Insulin
INSR,fluid_molecular,Change in Cerebrospinal Fluid (CSF) Levels of Total Tau,2,2,Insulin
INSR,PK,(Part A) Pharmacodynamics (PD): AUC of Glucose Following a Meal,2,0,Insulin
INSR,PK,(Part A) Pharmacokinetics (PK): Area Under the Concentration Curve (AUC) of Insulin Lispro,2,0,Insulin
INSR,PK,(Part B) PD: AUC of Glucose Following a Meal,2,0,Insulin
INSR,PK,Area under the curve (AUC),2,0,Insulin
INSR,PK,Area under the insulin concentration curve (AUC),2,0,Insulin
INSR,PK,Area under the serum insulin concentration-time curve (AUC 0-24 hours),2,0,Insulin
INSR,PK,Area under the serum insulin concentration-time curve (AUC 0-inifinity hours),2,0,Insulin
INSR,PK,AUC 0-12,2,0,Insulin
INSR,PK,AUC 0-24,2,0,Insulin
INSR,PK,AUC 0-∞,2,0,Insulin
INSR,PK,AUC GIR 0-12,2,0,Insulin
INSR,PK,AUC of glucose below 3.5mmol/l (63mg/dl),2,0,Insulin
INSR,PK,"AUC(GIR,0-1h,basal-corrected): Area under the basal-corrected glucose infusion rate (GIR)-time curve from 0 to 1 hour",2,0,Insulin
INSR,PK,"AUC(GIR,0-t,basal-corrected): Area under the basal-corrected GIR-time curve from 0 to t",2,0,Insulin
INSR,PK,"AUC(NNC0471-0119,0-30min,basal-corrected): Area under the basal-corrected serum NNC0471-0119 concentration time curve from 0 to 30 minutes",2,0,Insulin
INSR,PK,"AUC(NNC0471-0119,0-t,basal-corrected): Area under the basal-corrected serum NNC0471-0119 concentration time curve from 0 to t",2,0,Insulin
INSR,PK,AUC0-last,2,0,Insulin
INSR,PK,AUCBG_0-6h,2,0,Insulin
INSR,PK,"AUCGIR, area under the glucose infusion rate value curve",2,0,Insulin
INSR,PK,AUCGIR.0-2h,2,0,Insulin
INSR,PK,AUCGIR0-∞,2,0,Insulin
INSR,PK,AUCins.0-12h,2,0,Insulin
INSR,PK,AUCins.0-2h,2,0,Insulin
INSR,PK,AUCins.0-∞,2,0,Insulin
INSR,PK,AUCIns0-11h,2,0,Insulin
INSR,PK,AUCIns0-∞,2,0,Insulin
INSR,PK,"Cmax,Ico,SD, Maximum observed serum insulin icodec concentration after a single dose",2,0,Insulin
INSR,PK,Insulin pharmacokinetics,2,0,Insulin
INSR,PK,Maximum serum insulin concentration (Cmax),2,0,Insulin
INSR,PK,"PD: AUCGIR.0-6h, AUCGIR.0-12h, areas under the glucose infusion rate curve in the indicated time-intervals",2,0,Insulin
INSR,PK,"PD: AUCGIR.0h-last, area under the glucose infusion rate curve from 0 hours until the end of clamp",2,0,Insulin
INSR,PK,Pharmacodynamics (PD): Area Under the Concentration Curve From Time Zero to 5 Hours (AUC[0-5h]) of Glucose Relative to a Mixed Meal Tolerance Test (MMTT) (Part A),2,0,Insulin
INSR,PK,Pharmacodynamics (PD): Area Under the Concentration Curve From Time Zero to 5 Hours (AUC[0-5h]) of Glucose Relative to a Mixed Meal Tolerance Test (MMTT) (Part B),2,0,Insulin
INSR,PK,"Pharmacodynamics (PD): Plasma Glucose Area Under the Concentration Curve Zero Through 5 Hours (AUC 0-5h), Above Pre Meal Baseline for Insulin Lispro",2,0,Insulin
INSR,PK,Pharmacodynamics: ΔAUCBG 0-2h,2,0,Insulin
INSR,PK,Pharmacokinetic parameter : AUC,2,0,Insulin
INSR,PK,Pharmacokinetic parameter : Cmax,2,0,Insulin
INSR,PK,Pharmacokinetic parameter : Tmax,2,0,Insulin
INSR,PK,Pharmacokinetic parameter: Area under curve from 0-22 hrs,2,0,Insulin
INSR,PK,Pharmacokinetics (PK): Area Under the Concentration Curve (AUC) for Insulin Lispro During Clamp,2,0,Insulin
INSR,PK,Pharmacokinetics (PK): Insulin Lispro Area Under the Concentration Curve From Time Zero to 5 Hours (AUC[0-5h]) (Part A),2,0,Insulin
INSR,PK,Pharmacokinetics (PK): Insulin Lispro Area Under the Concentration Curve From Time Zero to 5 Hours (AUC[0-5h]) (Part B),2,0,Insulin
INSR,PK,Pharmacokinetics: AUClis 0-30min,2,0,Insulin
INSR,PK,"PK: AUCins.0-6h, AUCins.0-12, areas under the serum insulin concentration curve in the indicated time intervals",2,0,Insulin
INSR,PK,"PK: AUCins.0-∞, area under the serum insulin concentration-time curve from 0 hours to infinity",2,0,Insulin
INSR,PK,Serum Concentrations of Insulin Degludec,2,0,Insulin
INSR,PK,"t(early50%Cmax,NNC0471-0119,basal-corrected): Time to early 50% maximum observed basal-corrected serum NNC0471-0119 concentration",2,0,Insulin
INSR,PK,"t(late50%Cmax,NNC0471-0119,basal-corrected): Time to late 50% maximum observed basal-corrected serum NNC0471-0119 concentration",2,0,Insulin
INSR,imaging,[18F]-FDG brain uptake,1,0,Insulin
INSR,imaging,"Cerebral metabolic rate of glucose, in brain regions associated with appetite control, as determined by FDG-PET",1,0,Insulin
INSR,imaging,Liver function improvement after high-dose insulin therapy after LVD measured with 99mTc-Mebrofenin Hepatobiliary Scintigraphy (HBS).,1,0,Insulin
INSR,imaging,Liver function improvement after high-dose insulin therapy measured with 99mTc-Mebrofenin Hepatobiliary Scintigraphy (HBS).,1,0,Insulin
INSR,fluid_molecular,AUC (Area Under the Curve) of Insulin Concentration - Cerebrospinal Fluid,1,0,Insulin
INSR,fluid_molecular,AUC (area under the curve) of insulin concentration-Cerebrospinal Fluid,1,0,Insulin
INSR,fluid_molecular,"Cerebral spinal fluid (CSF) and blood amyloid-beta, tau protein, and inflammatory markers",1,1,Insulin
INSR,fluid_molecular,Change in amyloid β-peptide (Aβ) 40 (Aβ40) in Cerebrospinal Fluid (CSF),1,1,Insulin
INSR,fluid_molecular,Change in Amyloid β-peptide (Aβ) 40 (Aβ40) in Cerebrospinal Fluid (CSF),1,1,Insulin
INSR,fluid_molecular,Change in amyloid β-peptide (Aβ) 42 (Aβ42) in Cerebrospinal Fluid (CSF),1,1,Insulin
INSR,fluid_molecular,Change in Amyloid β-peptide (Aβ) 42 (Aβ42) in Cerebrospinal Fluid (CSF),1,1,Insulin
INSR,fluid_molecular,Change in Cerebrospinal Fluid (CSF) Insulin Levels,1,1,Insulin
INSR,fluid_molecular,Change in Cerebrospinal Fluid (CSF) Levels of Phospho-Tau 217,1,1,Insulin
INSR,fluid_molecular,Change in CSF Biomarkers of AD,1,1,Insulin
INSR,fluid_molecular,Cmax of Insulin Concentration - Cerebrospinal Fluid,1,0,Insulin
INSR,fluid_molecular,Cmax of insulin concentration- Cerebrospinal Fluid,1,0,Insulin
INSR,fluid_molecular,Concentration of insulin over Time - Cerebrospinal fluid,1,0,Insulin
INSR,fluid_molecular,"CSF Biomarkers, Week 24 Visit Value Minus Baseline Value",1,1,Insulin
INSR,fluid_molecular,Diagnostics of the cerebrospinal fluid,1,0,Insulin
INSR,fluid_molecular,Ghrelin transport into the CSF,1,0,Insulin
INSR,fluid_molecular,Glucose content in cerebrospinal fluid,1,0,Insulin
INSR,fluid_molecular,Insulin Concentration Over Time - Cerebrospinal Fluid,1,0,Insulin
INSR,fluid_molecular,Insulin transport into the CSF,1,0,Insulin
INSR,fluid_molecular,Lactate content in cerebrospinal fluid,1,0,Insulin
INSR,fluid_molecular,Leptin transport into the CSF,1,0,Insulin
INSR,fluid_molecular,Monitoring of changes in cerebrospinal fluid,1,0,Insulin
INSR,fluid_molecular,Neurobiological outcome - The effect of the combination of Semaglutide and intranasal insulin on ADRD-blood biomarkers- Neurofilament light (NfL).,1,1,Insulin
INSR,fluid_molecular,Neurobiological outcome - The effect of the combination of Semaglutide and intranasal insulin on ADRD-blood biomarkers- P-tau181.,1,1,Insulin
INSR,fluid_molecular,Neurobiological outcome - The effect of the combination of Semaglutide and intranasal insulin on ADRD-blood biomarkers-P-tau231.,1,1,Insulin
INSR,fluid_molecular,PYY transport into the CSF,1,0,Insulin
INSR,fluid_molecular,Tmax of Insulin Concentration - Cerebrospinal Fluid,1,0,Insulin
INSR,fluid_molecular,Tmax of insulin concentration-Cerebrospinal FLuid,1,0,Insulin
INSR,fluid_molecular,Transport of FGF21 and FGF23 into the CSF,1,0,Insulin
INSR,fluid_molecular,Transport of proglucagon cleavage products into the CSF,1,0,Insulin
INSR,inflammation,Adipocytokine levels,1,0,Insulin
INSR,inflammation,Association of the variability of HbA1c (by measurement of standard deviation of HbA1c) to oxidative stress markers measured by urinary isoprostanes and inflammation measured by highly sensitive C-reactive protein.,1,0,Insulin
INSR,inflammation,Biomarkers of Inflammation Measurement: CRP (C-Reactive Protein),1,0,Insulin
INSR,inflammation,C-reactive protein (CRP),1,0,Insulin
INSR,inflammation,"C-reactive protein, LDL C/HDL C ratio and Apo B/Apo A-I ratio",1,0,Insulin
INSR,inflammation,Cardiovascular Risk Marker: High-sensitivity C-reactive Peptide,1,0,Insulin
INSR,inflammation,Change From Baseline in Cardiovascular (CV) Biomarkers - High Sensitive C-reactive Protein (Hs-CRP),1,0,Insulin
INSR,inflammation,"Change From Baseline in Cardiovascular (CV) Biomarkers High Sensitivity C-reactive Protein (Hs-CRP), Leptin, and Spot Urine Microalbumin at Week 26",1,0,Insulin
INSR,inflammation,Change From Baseline in CV Biomarkers - Interleukin 6 (IL-6),1,0,Insulin
INSR,inflammation,Change from Baseline in High Sensitivity C-reactive Protein.,1,0,Insulin
INSR,inflammation,Change from Baseline in High-Sensitivity C-Reactive Protein.,1,0,Insulin
INSR,inflammation,Change from Baseline serum levels of Interleukin-6 (IL6),1,0,Insulin
INSR,inflammation,Change in autoimmune-related cytokines,1,0,Insulin
INSR,inflammation,Change in CRP and IL-6 levels between baseline and day 5,1,0,Insulin
INSR,inflammation,Change in cytokine levels from baseline to 6 months after treatment,1,0,Insulin
INSR,inflammation,Change in plasma concentration of pro-inflammatory cytokines with data reported as picograms per ml of plasma.,1,0,Insulin
INSR,inflammation,Changes in Interleukin 6 (IL6),1,0,Insulin
INSR,inflammation,Cytokine gene expression (fold change),1,0,Insulin
INSR,inflammation,"cytokines in serum, urine",1,0,Insulin
INSR,inflammation,Ex vivo production of pro- and anti-inflammatory cytokines and chemokines,1,0,Insulin
INSR,inflammation,High Sensitivity C-reactive Protein (Hs-CRP),1,0,Insulin
INSR,inflammation,High sensitivity CRP (Hs-CRP),1,0,Insulin
INSR,inflammation,High-sensitivity C-reactive protein (hs-CRP),1,0,Insulin
INSR,inflammation,High-sensitivity C-reactive protein levels,1,0,Insulin
INSR,inflammation,IL-6 (interleukin 6),1,0,Insulin
INSR,inflammation,Inflammatory cytokines and biochemical hormonal response,1,0,Insulin
INSR,inflammation,Inflammatory responses of hypoglycaemia by measuring the cytokine production of isolated monocytes using ELISA,1,0,Insulin
INSR,inflammation,Interleukin 6 (IL-6),1,0,Insulin
INSR,inflammation,Interleukin-6 levels,1,0,Insulin
INSR,inflammation,"mRNA expression of proinflammatory cytokines (MAPK/eNOS, adiponectin, hsCRP, MMP-9)",1,0,Insulin
INSR,inflammation,Percentage Reduction in C-reactive Protein (CRP),1,0,Insulin
INSR,inflammation,"Plasma Levels of Free Fatty Acids, Tumor Necrosis Factor-α, Interleukin-6, and Von Willebrand Factor Antigen",1,0,Insulin
INSR,inflammation,"Postprandial change in and AUC for hs CRP (after BF, LU, DI)",1,0,Insulin
INSR,inflammation,Time course of daily C-reactive protein in ICU,1,0,Insulin
INSR,inflammation,To determine the role of GIP in adipocytokine gene expression and secretion from human subcutaneous adipose tissue,1,0,Insulin
INSR,inflammation,To measure changes in markers of inflammation (high sensitivity C-reactive protein) and endothelial function using EndoPat 2000,1,0,Insulin
INSR,inflammation,• Drop in the inflammatory cytokine response after brain death after a minimum of 6 hours therapy with the GICT prior to organ procurement.,1,0,Insulin
INSR,genomic,"Analysis of inflammatory marker (blood levels and gene expression), Activity of 11beta HSD and 11-beta HSD mRNA in adipose tissue, etc.",1,0,Insulin
INSR,genomic,Baseline adipose tissue and skeletal muscle gene expression,1,0,Insulin
INSR,genomic,Baseline Characteristics (as Measured by Estimated Glomerular Filtration Rate (eGFR)) of Patients Starting Index Prescriptions Off-label,1,0,Insulin
INSR,genomic,Baseline Characteristics of Adults (as Measured by Estimated Glomerular Filtration Rate (eGFR)) With a Recorded Diagnosis of T2DM Starting Index Prescriptions in the UK,1,0,Insulin
INSR,genomic,Change From Baseline in eGFR,1,0,Insulin
INSR,genomic,Change From Baseline in eGFR at Week 54,1,0,Insulin
INSR,genomic,Change From Baseline in Estimated Glomerular Filtration Rate (eGFR),1,0,Insulin
INSR,genomic,Change From Baseline in Estimated Glomerular Filtration Rate (eGFR) at Week 24,1,0,Insulin
INSR,genomic,Change From Baseline of Estimated Glomerular Filtration Rate (eGFR),1,0,Insulin
INSR,genomic,Change in eGFR,1,0,Insulin
INSR,genomic,Change in UCP1 gene expression after vericiguat in Black obese individuals with insulin resistance.,1,0,Insulin
INSR,genomic,Changes from baseline in eGFR,1,0,Insulin
INSR,genomic,Changes in gene expression of subcutaneous adipose tissue with microarray analysis,1,0,Insulin
INSR,genomic,eGFR,1,0,Insulin
INSR,genomic,eGFR (estimated glomerular filtration rate),1,0,Insulin
INSR,genomic,Estimated Glomerular Filtration Rate (eGFR) Calculated by CKD-EPI,1,0,Insulin
INSR,genomic,Estimated Glomular Filtration Rate (eGFR),1,0,Insulin
INSR,genomic,Gene expression analysis of single cells.,1,0,Insulin
INSR,genomic,Gene expression changes in leukocytes,1,0,Insulin
INSR,genomic,Gene expression in muscle tissue by Global transcriptome analysis by DNA Chip,1,0,Insulin
INSR,genomic,"Gene expression in muscle tissue by quantitative RT-PCR: genes involved in the carbohydrates and lipids metabolism (lipid carriers, PPARs), 7 sirtuins isoforms and of their target genes (NFkB, PGC1a)",1,0,Insulin
INSR,genomic,Gene expression of CD4+ T cell response to insulin.,1,0,Insulin
INSR,genomic,Gene expression of single cells.,1,0,Insulin
INSR,genomic,Leukocyte gene expression,1,0,Insulin
INSR,genomic,Macrophage marker gene expression (fold change),1,0,Insulin
INSR,PK,(AUCGIR 0-360): Area Under the Curve of the Glucose Infusion Rate From Time 0 to 360 minutes post dose Pharmacodynamic Parameter.,1,0,Insulin
INSR,PK,(Cohort 1) Assessment of PK parameter: Area under the insulin concentration time curve (INS-AUClast),1,0,Insulin
INSR,PK,(Cohort 1) Assessment of PK parameter: Maximum insulin concentration (INS-Cmax),1,0,Insulin
INSR,PK,(Cohort 2) Area under the insulin concentration time curve from 4 to 12 hours post administration (INS-AUC4-12H),1,0,Insulin
INSR,PK,(Cohort 2) Assessment of PK parameter: Maximum insulin concentration (INS-Cmax),1,0,Insulin
INSR,PK,(Cohort 2) Assessment of PK parameters: Area under the insulin concentration time curve from 0 to 4 hours post administration (INS-AUC0-4H),1,0,Insulin
INSR,PK,(Part B) PK: AUC of Insulin Lispro,1,0,Insulin
INSR,PK,(Part B) PK: AUC of Insulin Lispro Glucose Following a Mixed Meal,1,0,Insulin
INSR,PK,- Pharmacokinetic parameters,1,0,Insulin
INSR,PK,-IAUC (Incremental Area Under the Curve) for PPG (0-2 Hours) Following a Standard Meal Test,1,0,Insulin
INSR,PK,"Absolute changes from baseline in C peptide at 60-min and 120-min (AUC) during a mixed-meal tolerance test and at week 26, 52, 78 and 104.",1,0,Insulin
INSR,PK,Albiglutide Plasma Concentrations at Week 8 and Week 24,1,0,Insulin
INSR,PK,Area (AUC) under the glucose infusion rate curve,1,0,Insulin
INSR,PK,Area (AUC) under the insulin aspart concentration time curve,1,0,Insulin
INSR,PK,Area Under Curve (AUC) during 4H after a high-fat meal,1,0,Insulin
INSR,PK,Area Under Curve (AUC) of glycemia,1,0,Insulin
INSR,PK,"Area Under Curve (AUC) of the blood glucose (BG) profile after the meal, with and without baseline correction.",1,0,Insulin
INSR,PK,area under curve (AUC) when the glucose level was higher than 7.8mmol/L,1,0,Insulin
INSR,PK,area under curve (AUC) when the glucose level was lower than 3.9mmol/L,1,0,Insulin
INSR,PK,"Area under serum glucose infusion rate (GIR AUC 0-360) for RAA (8U) as measured by: GIR AUC 0-360 timepoints: 0, 5, 10, 15, 20, 30, 40, 50, 60, 75, 90, 105, 120, 150, 180, 210, 240, 270, 300 and 360 minutes post-RAA dosi",1,0,Insulin
INSR,PK,"Area under serum glucose infusion rate (GIR AUC 0-360) for TI Inhalation Powder (20U) as measured by: GIR AUC 0-360 timepoints: 0, 3, 6, 9, 12, 15, 20, 30, 40, 50, 60, 75, 90, 105, 120, 150, 180, 240, 300 and 360 minutes",1,0,Insulin
INSR,PK,Area under the blood glucose time curve: AUCbg(0-2h),1,0,Insulin
INSR,PK,Area under the body weight standardized glucose infusion rate (GIR) versus time curve from 0 to 12 hours post administration (GIR-AUC0-12),1,0,Insulin
INSR,PK,Area under the body weight standardized glucose infusion rate curve (GIR) within 24 h (GIR-AUC0-24),1,0,Insulin
INSR,PK,"Area under the body-weight-standardized Glucose Infusion Rate (GIR) over the first 12, 24 and 36 hours after dosing (GIR-AUC0-12, GIR-AUC0-24 and, GIR-AUC0-36)",1,0,Insulin
INSR,PK,Area under the body-weight-standardized Glucose Infusion Rate (GIR) within 24 hours (GIR-AUC0-24h) after dosing on Day 6 during the clamp,1,0,Insulin
INSR,PK,Area Under the Concentration (AUC) Curve for Plasma Glucose,1,0,Insulin
INSR,PK,Area under the concentration curve (AUC) of the two formulations from time 0 hours to infinity,1,0,Insulin
INSR,PK,"Area under the concentration versus time curve (AUC) of SAR342434, US-approved Humalog and EU-approved Humalog",1,0,Insulin
INSR,PK,Area Under the Concentration-Time Curve (AUC),1,0,Insulin
INSR,PK,Area Under the Concentration-time Curve for Serum Insulin From Time 0 to 60 Minutes (AUC0-60),1,0,Insulin
INSR,PK,Area under the curve (AUC 0-24) of the excursions of glucose values below 60 mg/dl per day,1,0,Insulin
INSR,PK,Area under the Curve (AUC) (insulin aspart),1,0,Insulin
INSR,PK,Area under the curve (AUC) after a testmeal measured CGM.,1,0,Insulin
INSR,PK,Area under the curve (AUC) for first meal challenge,1,0,Insulin
INSR,PK,Area under the curve (AUC) for IM treatment group,1,0,Insulin
INSR,PK,Area under the curve (AUC) in the interval of 0-6 hours,1,0,Insulin
INSR,PK,Area Under the Curve (AUC3.9-IG) for IG ≤3.9 mmol/L [70 mg/dL],1,0,Insulin
INSR,PK,Area under the curve (AUCins(0-1h)),1,0,Insulin
INSR,PK,Area under the Curve Glucose Infusion Rate (AUCGIR),1,0,Insulin
INSR,PK,Area under the curve of insulin aspart concentration (AUC IAsp),1,0,Insulin
INSR,PK,"Area under the curve of insulin aspart concentration (AUC IAsp, 0-16h)",1,0,Insulin
INSR,PK,Area under the curve of plasma glucose concentration AUC(0-2h),1,0,Insulin
INSR,PK,Area under the curve of plasma glucose concentration AUC(0-4h),1,0,Insulin
INSR,PK,Area under the curve of plasma glucose concentration AUC(0-6h),1,0,Insulin
INSR,PK,Area under the GIR (Glucose Infusion Rate) profile (AUC GIR) in the interval 0-120 minutes,1,0,Insulin
INSR,PK,Area Under the Glucose Concentration Curve (AUC[0-360]),1,0,Insulin
INSR,PK,"Area Under the Glucose Concentration Curve (AUC[0-360]), Stage 1",1,0,Insulin
INSR,PK,"Area Under the Glucose Concentration Curve (AUC[0-360]), Stage 3",1,0,Insulin
INSR,PK,Area under the glucose infusion rate (GIR AUC0-540 min) for Technosphere® Insulin compared to regular human insulin,1,0,Insulin
INSR,PK,Area under the glucose infusion rate curve (AUCGIR),1,0,Insulin
INSR,PK,Area Under the glycemia Curve over 120 min (AUC 0-120min),1,0,Insulin
INSR,PK,Area Under the Insulin Concentration-time Curve (AUC),1,0,Insulin
INSR,PK,Area Under the Insulin Concentration-time Curve (AUC) - First Phase Response,1,0,Insulin
INSR,PK,Area under the insulin curve (AUC),1,0,Insulin
INSR,PK,"Area under the insulin human / insulin lispro concentration-time curve from 0 to 8 hours (AUCINS,0-8h)",1,0,Insulin
INSR,PK,Area Under the insulinemia Curve over 120 min (AUC 0-120min),1,0,Insulin
INSR,PK,Area under the plasma concentration-time curve (AUC0-last) will be assessed (Cohort 1),1,0,Insulin
INSR,PK,Area under the plasma concentration-time curve (AUC0-last) will be assessed (Cohort 2),1,0,Insulin
INSR,PK,Area under the plasma concentration-time curve (AUC0-last) will be assessed (Cohort 3),1,0,Insulin
INSR,PK,Area under the plasma concentration-time curve from time 12 hours to 24 hours,1,0,Insulin
INSR,PK,Area under the plasma concentration-time curve from time zero to 12 hours,1,0,Insulin
INSR,PK,Area under the plasma concentration-time curve from time zero to 24 hours,1,0,Insulin
INSR,PK,Area under the plasma concentration-time curve from time zero to t,1,0,Insulin
INSR,PK,Area Under the Plasma Drug Curve From 0 to Infinity (AUC0-inf) Insulin Glargine Part 4,1,0,Insulin
INSR,PK,Area Under the Plasma Drug Curve From 0 to Infinity (AUC0-inf) Insulin Glargine Parts 1 and 3,1,0,Insulin
INSR,PK,Area Under the Plasma Drug Curve From 0 to Infinity (AUC0-inf) MK-1092 Part 4,1,0,Insulin
INSR,PK,Area Under the Plasma Drug Curve From 0 to Infinity (AUC0-inf) MK-1092 Parts 1 and 3,1,0,Insulin
INSR,PK,Area under the plasma glucose concentration curve (AUC) between 0 and 1 hour after insulin injection AUC(0-1h),1,0,Insulin
INSR,PK,Area under the plasma glucose concentration versus time (AUCglucose),1,0,Insulin
INSR,PK,Area under the plasma glucose concentration versus time (AUCglucose) compared to week 6 (baseline),1,0,Insulin
INSR,PK,Area under the plasma glucose concentration versus time (AUCglucose) compared to week 6 (baseline.,1,0,Insulin
INSR,PK,Area under the plasma insulin concentration curve AUC (0-1h),1,0,Insulin
INSR,PK,Area under the plasma insulin concentration curve AUC (0-2h),1,0,Insulin
INSR,PK,Area under the plasma insulin concentration curve AUC (0-4h),1,0,Insulin
INSR,PK,Area under the plasma insulin concentration curve AUC (0-6h),1,0,Insulin
INSR,PK,Area under the plasma lixisenatide concentration curve (AUC),1,0,Insulin
INSR,PK,Area under the plasma lixisenatide concentration curve (LIX-AUClast),1,0,Insulin
INSR,PK,Area under the serum insulin concentration curve within 24 hours (INS-AUC0-24) after dosing on Day 6,1,0,Insulin
INSR,PK,Area under the serum insulin concentration-time curve (AUC 0-6 hours),1,0,Insulin
INSR,PK,Area under the serum insulin concentration-time curve (AUC 6-24 hours),1,0,Insulin
INSR,PK,"Area under the serum insulin icodec concentration-time curve after a single dose (AUCIco,0-inf,SD)",1,0,Insulin
INSR,PK,"Area under the SHR-3167 concentration-time curve (AUC SHR-3167, tau, ss).",1,0,Insulin
INSR,PK,Area-under-the-serum glucose infusion rate (GIR AUC0-240min) for TI compared to AUC0-600min for RHI,1,0,Insulin
INSR,PK,Area-under-the-serum insulin concentration versus time curve (AUC0-240min,1,0,Insulin
INSR,PK,Area-under-the-serum insulin concentration versus time curve (AUC0-240min) for inhaled Technosphere Insulin (TI) compared to that of subcutaneous regular human insulin (RHI),1,0,Insulin
INSR,PK,"area-under-the-serum insulin concentration versus time curve (AUC0-240min) for inhaled Technosphere Insulin (TI) post-dosing of a TI dose (10 U, 30 U, 60 U or 80U). Time points: 0, 5, 10, 15, 20, 30, 45, 60, 90, 120, 180",1,0,Insulin
INSR,PK,Assess the Mean Area Under the Curve (AUC) for Blood Glucose Concentration in Subjects Treated With Either Insulin Detemir Mixed With Rapid Acting Insulin (RAI) or Insulin Detemir and RAI as Separate Subcutaneous Injecti,1,0,Insulin
INSR,PK,"Assess the Mean Area Under the Curve (AUC) for Blood Glucose Concentration in Subjects Treated With Pramlintide + Insulin, Compared to Insulin Alone",1,0,Insulin
INSR,PK,Assessment of PD parameter: area under plasma concentration of the BG-time curve between IMP dosing and time t (BG-AUC0-t),1,0,Insulin
INSR,PK,Assessment of PD parameter: area under the body weight standardized glucose infusion rate (GIR) versus time curve from 0 to 10 hours (GIR-AUC0-10),1,0,Insulin
INSR,PK,Assessment of PD parameter: Area under the glucose infusion rate curve within 24 hours after administration of the investigational medicinal product or until administration of rescue insulin (GIR-AUC0-end),1,0,Insulin
INSR,PK,Assessment of PD parameter: BG-maximum concentration (BG-Cmax),1,0,Insulin
INSR,PK,Assessment of PD parameter: BG-time to Cmax (BG-tmax),1,0,Insulin
INSR,PK,Assessment of PD parameter: GIR versus time curve from 0 to 24 hours post administration (GIR-AUC0-24H),1,0,Insulin
INSR,PK,Assessment of PD parameter: The area under the body weight standardized glucose infusion rate (GIR) versus time curve from 0 to 4 hours post administration (GIR-AUC0-4H),1,0,Insulin
INSR,PK,Assessment of PD parameter: The area under the body weight standardized glucose infusion rate (GIR) versus time curve from 4 to 12 hours post administration (GIR-AUC4-12H),1,0,Insulin
INSR,PK,Assessment of PD: Time to 20 % of total GIR-AUC0-12h,1,0,Insulin
INSR,PK,Assessment of pharmacodynamic (PD) parameter:GIR-AUC0-8,1,0,Insulin
INSR,PK,Assessment of pharmacodynamic parameter: plasma glucose AUC-0-4.5 hours,1,0,Insulin
INSR,PK,Assessment of pharmacokinetc (PK) parameter:INS-Cmax,1,0,Insulin
INSR,PK,Assessment of pharmacokinetic (PK) parameters: lixisenatide plasma concentration,1,0,Insulin
INSR,PK,Assessment of PK parameter (recombinant glucagon and SAR438544): area under curve from zero time until the last measurable concentration (AUClast),1,0,Insulin
INSR,PK,Assessment of PK parameter (recombinant glucagon and SAR438544): AUC,1,0,Insulin
INSR,PK,Assessment of PK parameter (recombinant glucagon and SAR438544): Cmax,1,0,Insulin
INSR,PK,Assessment of PK parameter (recombinant glucagon and SAR438544): partial AUCs (AUC0-t),1,0,Insulin
INSR,PK,Assessment of PK parameter (recombinant glucagon and SAR438544): terminal half-life,1,0,Insulin
INSR,PK,Assessment of PK parameter (recombinant glucagon and SAR438544): tlast,1,0,Insulin
INSR,PK,Assessment of PK parameter (recombinant glucagon and SAR438544): tmax,1,0,Insulin
INSR,PK,Assessment of PK parameter :INS-AUClast -,1,0,Insulin
INSR,PK,Assessment of PK parameter: area under the concentration time curve,1,0,Insulin
INSR,PK,"Assessment of PK parameter: Area under the insulin concentration time curve for fractional periods post administration (INS-AUC0-4H, INS-AUC0-24H, INS-AUC4-24H)",1,0,Insulin
INSR,PK,Assessment of PK parameter: Area under the insulin concentration time curve from 0 to infinity (INS-AUC),1,0,Insulin
INSR,PK,Assessment of PK parameter: area under the serum insulin concentration time curve from time 0 to 8H (INS-AUC0-8H),1,0,Insulin
INSR,PK,Assessment of PK parameter: AUC from dosing to last concentration (AUClast),1,0,Insulin
INSR,PK,Assessment of PK parameter: Half-life (t1/2),1,0,Insulin
INSR,PK,Assessment of PK parameter: maximum Afrezza insulin serum concentration (INS-Cmax),1,0,Insulin
INSR,PK,Assessment of PK parameter: maximum observed insulin concentration,1,0,Insulin
INSR,PK,Assessment of PK parameter: terminal half-life (INS-t1/2z),1,0,Insulin
INSR,PK,Assessment of PK parameter: Time to Cmax (INS-tmax),1,0,Insulin
INSR,PK,Assessment of PK parameter: Time to INS-Cmax,1,0,Insulin
INSR,PK,Assessment of PK parameter: time to INS-Cmax (INS-tmax),1,0,Insulin
INSR,PK,Assessment of PK parameter: time to reach Cmax (INS-tmax),1,0,Insulin
INSR,PK,Assessment of PK parameter:INS-AUC,1,0,Insulin
INSR,PK,Assessment of PK parameter:INS-t1/2z,1,0,Insulin
INSR,PK,Assessment of PK parameter:INS-tmax,1,0,Insulin
INSR,PK,Assessment of PK parameters: area under curve (AUC),1,0,Insulin
INSR,PK,Assessment of PK parameters: Area under the baseline-corrected serum insulin concentration-time curve over 24 hours or until administration of rescue insulin (INS-AUClast),1,0,Insulin
INSR,PK,Assessment of PK parameters: Area under the concentration versus time curve (AUC),1,0,Insulin
INSR,PK,Assessment of PK parameters: Area under the concentration-time curve (INS-AUClast),1,0,Insulin
INSR,PK,Assessment of PK parameters: area under up to last concentration (AUClast),1,0,Insulin
INSR,PK,Assessment of PK parameters: Baseline-corrected maximum serum concentration (INS-Cmax),1,0,Insulin
INSR,PK,Assessment of PK parameters: maximum concentration (Cmax),1,0,Insulin
INSR,PK,Assessment of PK parameters: maximum plasma concentration (Cmax),1,0,Insulin
INSR,PK,Assessment of PK parameters: Time to INS-Cmax (INS-Tmax),1,0,Insulin
INSR,PK,Assessment of PK parameters: time to reach Cmax (Tmax),1,0,Insulin
INSR,PK,Assessment of PK: Time to 20 % of INS-AUC,1,0,Insulin
INSR,PK,Assessment of PK: time to reach INS-Cmax (INS-tmax),1,0,Insulin
INSR,PK,AUC,1,0,Insulin
INSR,PK,AUC (area under curve) of PG during exercise and recovery,1,0,Insulin
INSR,PK,AUC (area under the curve) 0-8h (human insulin),1,0,Insulin
INSR,PK,AUC (area under the curve) of insulin aspart,1,0,Insulin
INSR,PK,AUC (Area Under the Curve) of Insulin Concentration - Serum,1,0,Insulin
INSR,PK,AUC (area under the curve) of insulin concentration - Serum,1,0,Insulin
INSR,PK,"AUC (GIR, recovery, PG 5.5 mmol/L, 0-6h)-Area under the glucose infusion rate-time profile during 6 hours at a PG concentration of 5.5 mmol/L (100 mg/dL) after recovery from hypoglycaemia after 2 & 3 times the individual",1,0,Insulin
INSR,PK,"AUC (GIR, recovery, PG nadir -PG 5.5 mmol/L) - Area under the glucose infusion rate-time profile during recovery from PGnadir to a PG concentration of 5.5 mmol/L (100 mg/dL) after 2 and 3 times the individualised optimal",1,0,Insulin
INSR,PK,AUC (Insulin and Blood Glucose),1,0,Insulin
INSR,PK,AUC 0-10,1,0,Insulin
INSR,PK,AUC 0-30 and AUC 0-60,1,0,Insulin
INSR,PK,AUC 0-4,1,0,Insulin
INSR,PK,AUC >140 mg/dL,1,0,Insulin
INSR,PK,AUC for intact proinsulin levels for two hours after a standardized test meal (breakfast and lunch),1,0,Insulin
INSR,PK,AUC GIR 0-2,1,0,Insulin
INSR,PK,AUC GIR 0-24,1,0,Insulin
INSR,PK,AUC GIR 0-4,1,0,Insulin
INSR,PK,AUC GIR 0-6,1,0,Insulin
INSR,PK,AUC GIR 360-720 min,1,0,Insulin
INSR,PK,AUC glucose above 10.0mmol/L (180mg/dL),1,0,Insulin
INSR,PK,AUC in the interval of 0-infinity hours,1,0,Insulin
INSR,PK,AUC of glucose below 3.0mmol/l (54mg/dl),1,0,Insulin
INSR,PK,AUC of glucose below 3.5 mmol/l,1,0,Insulin
INSR,PK,AUC of SG during exercise and recovery,1,0,Insulin
INSR,PK,AUC Postprandial Glucagon,1,0,Insulin
INSR,PK,AUC Postprandial Glucose,1,0,Insulin
INSR,PK,AUC up to the last measurable concentration,1,0,Insulin
INSR,PK,"AUC(GIR,0-1h,basal-corrected)/AUC(GIR,0-t,basal-corrected): Ratio of the area under the basal-corrected GIR-time curve from 0 to 1 hour and 0 to t",1,0,Insulin
INSR,PK,"AUC(GIR,0-1h,basal-corrected)/AUC(GIR,0-t,basalcorrected):Ratio of the area under the basal-corrected GIR-time curve from 0 to 1 hour and 0 to t",1,0,Insulin
INSR,PK,"AUC(IAsp),0-12h, area under the serum insulin aspart concentration-time curve from 0 to 12 hours",1,0,Insulin
INSR,PK,"AUC(NNC0471-0119,0-30min,basal corrected)/AUC(NNC0471-0119,0-t,basal-corrected):Ratio of basal-corrected area under serum NNC0471-0119 conc. time curve from 0-30min and 0-t",1,0,Insulin
INSR,PK,"AUC(NNC0471-0119,0-30min,basal-corrected)/AUC (NNC0471-0119,0-t,basal-corrected): Ratio of the basal-corrected area under the serum NNC0471-0119 concentration time curve from 0 to 30 minutes and 0 to t",1,0,Insulin
INSR,PK,"AUC(NNC0471-0119,2h-t,basal-corrected)/AUC(NNC0471-0119 H,0-t,basal-corrected): Ratio of the basal-corrected area under the serum NNC0471-0119 concentration time curve from 2 hours to t and 0 to t",1,0,Insulin
INSR,PK,"AUC(NNC0471-0119,2h-t,basal-corrected)/AUC(NNC0471-0119 H,0-t,basal-corrected):Ratio of basal corrected area under serum NNC0471-0119 conc. time curve from 2hrs-t and 0-t",1,0,Insulin
INSR,PK,"AUC(NNC0471-0119,2h-t,basal-corrected): Area under the basal-corrected serum NNC0471-0119 concentration time curve from 2 hours to t",1,0,Insulin
INSR,PK,"AUC(NNC0471-0119,2h-t,basal-corrected): Area under the basal-corrected serum NNC0471-0119 concentration time curve from 2 hours to t, where t is the first time the curve is back to basal level after bolus infusion (at mo",1,0,Insulin
INSR,PK,"AUC, area under the serum insulin detemir concentration curve",1,0,Insulin
INSR,PK,"AUC, MAGE, HbA1c, body weight change",1,0,Insulin
INSR,PK,"AUC, the area under the serum insulin 287 concentration-time curve",1,0,Insulin
INSR,PK,"AUC,Ico,0-inf,SD, Area under the serum insulin icodec concentration-time curve after a single dose",1,0,Insulin
INSR,PK,AUC0-10 of Acute Insulin Response (AIR) during IVGTT,1,0,Insulin
INSR,PK,AUC0-168h,1,0,Insulin
INSR,PK,AUC0-24h,1,0,Insulin
INSR,PK,"AUC0-36h, area under the serum insulin detemir concentration curve",1,0,Insulin
INSR,PK,AUC0-inf,1,0,Insulin
INSR,PK,AUC75-120 of Glucose Infusion Rate (GIR),1,0,Insulin
INSR,PK,AUC_PG_0-8h,1,0,Insulin
INSR,PK,"AUCBG,0-1h",1,0,Insulin
INSR,PK,AUCF 0-360 min of serum insulin,1,0,Insulin
INSR,PK,AUCGIR,1,0,Insulin
INSR,PK,AUCGIR 0-11h,1,0,Insulin
INSR,PK,AUCGIR(0 min-end of clamp) the area under the GIR profile,1,0,Insulin
INSR,PK,AUCGIR(0-300 min) the area under the GIR profile,1,0,Insulin
INSR,PK,AUCGIR(0-60min),1,0,Insulin
INSR,PK,AUCGIR(0-last),1,0,Insulin
INSR,PK,AUCGIR(300min-end of clamp) the area under the GIR profile,1,0,Insulin
INSR,PK,"AUCGIR,0-24h,SS (for insulin glargine) - Area under the glucose infusion rate-time curve at steady state",1,0,Insulin
INSR,PK,"AUCGIR,0-24h,SS - Area under the glucose infusion rate-time curve at steady state",1,0,Insulin
INSR,PK,"AUCGIR,0-24h,SS, area under the glucose infusion rate-time curve at steady state",1,0,Insulin
INSR,PK,"AUCGIR,0-36h,SS,Area under the glucose infusion rate-time curve at steady state",1,0,Insulin
INSR,PK,"AUCGIR,138-168h,SS (for insulin 287) - Area under the glucose infusion rate-time curve at steady state",1,0,Insulin
INSR,PK,"AUCGIR,144-168h,SS,Area under the glucose infusion rate-time curve at steady state",1,0,Insulin
INSR,PK,"AUCGIR,150-168h,SS - Area under the glucose infusion rate-time curve at steady state",1,0,Insulin
INSR,PK,"AUCGIR,16-52h,SS (for insulin 287) - Area under the glucose infusion rate-time curve at steady state",1,0,Insulin
INSR,PK,"AUCGIR,24-48h,SS - Area under the glucose infusion rate-time curve at steady state",1,0,Insulin
INSR,PK,"AUCGIR,40-64h,SS,Area under the glucose infusion rate-time curve at steady state",1,0,Insulin
INSR,PK,"AUCGIR,τ,SS,model, Model-based area under the glucose infusion rate-time curve during one dosing interval at steady state",1,0,Insulin
INSR,PK,AUCGIR.0-11h,1,0,Insulin
INSR,PK,AUCGIR.0-1h,1,0,Insulin
INSR,PK,AUCGIR.0-4h,1,0,Insulin
INSR,PK,AUCGIR.0-6h,1,0,Insulin
INSR,PK,AUCGIR.4-8h,1,0,Insulin
INSR,PK,AUCGIR.6-12h,1,0,Insulin
INSR,PK,AUCGIR0-t,1,0,Insulin
INSR,PK,"AUCglu: The area under the plasma glucose concentration (0-12, 0-6, 6-12, 0-4, 4-8, 8-12 hours after test meal) after a single injection of one of the four insulin aspart preparation: IAsp (NovoRapid®), Biphasic insulin ",1,0,Insulin
INSR,PK,"AUCglu: The area under the plasma glucose concentration (0-12, 0-6, 6-12, 0-4, 4-8, 8-12 hours after test meal) after a single injection of one of the four insulins: IAsp, Biphasic insulin aspart 50 and 70 & fast-acting ",1,0,Insulin
INSR,PK,"AUCI287,0-168,FD - Area under the serum insulin 287 concentration-time curve after the first dose",1,0,Insulin
INSR,PK,"AUCI287,0-168h,FD (from insulin 287) - Area under the serum insulin 287 concentration-time curve after the first dose",1,0,Insulin
INSR,PK,"AUCI287,0-840h,SD: Area under the serum insulin 287 concentration-time curve after a single dose",1,0,Insulin
INSR,PK,"AUCI287,τ,SS - Area under the serum insulin 287 concentration-time curve during one dosing interval at steady state",1,0,Insulin
INSR,PK,"AUCI287,τ,SS, area under the steady-state serum insulin 287 concentration-time curve",1,0,Insulin
INSR,PK,"AUCI287τ,SS - Area under the serum insulin 287 concentration-time curve during one dosing interval at steady state",1,0,Insulin
INSR,PK,"AUCIAsp,0-15min, area under the serum insulin aspart concentration-time curve 0 to 15 minutes",1,0,Insulin
INSR,PK,"AUCIAsp,0-1hr, area under the serum insulin aspart concentration-time curve from 0 to 1 hour",1,0,Insulin
INSR,PK,"AUCIAsp,0-1½hr, area under the serum insulin aspart concentration-time curve from 0 to 1½ hour",1,0,Insulin
INSR,PK,"AUCIAsp,0-2hr, area under the serum insulin aspart concentration-time curve from 0 to 2 hours",1,0,Insulin
INSR,PK,"AUCIAsp,0-30min, area under the serum insulin aspart concentration-time curve from 0 to 30 minutes",1,0,Insulin
INSR,PK,"AUCIco,0-inf,SD, Area under the serum insulin icodec concentration-time curve after a single dose",1,0,Insulin
INSR,PK,"AUCIco,0-inf: Area under the serum insulin icodec concentration-time curve after a single dose",1,0,Insulin
INSR,PK,"AUCIco,0-tz:Area under the serum insulin icodec concentration-time curve after a single dose",1,0,Insulin
INSR,PK,"AUCIco,τ,SS, Area under the serum insulin icodec concentration-time curve during one dosing interval at steady state",1,0,Insulin
INSR,PK,"AUCIGlar,τ,SS (for insulin glargine) - Area under the serum insulin glargine concentration-time curve during one dosing interval at steady state",1,0,Insulin
INSR,PK,"AUCIGlar,τ,SS - Area under the serum IGlar concentration-time curve during one dosing interval at steady state",1,0,Insulin
INSR,PK,AUCINS(0-300 min) the area under the serum insulin (or serum insulin aspart) profile,1,0,Insulin
INSR,PK,AUCins(0-30min),1,0,Insulin
INSR,PK,AUCINS(0-60 min) the area under the serum insulin (or serum insulin aspart) profile,1,0,Insulin
INSR,PK,AUCins(0-600min),1,0,Insulin
INSR,PK,AUCins(0-60min),1,0,Insulin
INSR,PK,AUCINS(0min-end of clamp) the area under the serum insulin (or serum insulin aspart) profile,1,0,Insulin
INSR,PK,AUCINS(300min-end of clamp) the area under the serum insulin (or serum insulin aspart) profile,1,0,Insulin
INSR,PK,"AUCIns,0-1h",1,0,Insulin
INSR,PK,AUCins.0-4h,1,0,Insulin
INSR,PK,AUCINS.0-4h and AUCGIR.0-4h,1,0,Insulin
INSR,PK,AUCins.0-6h,1,0,Insulin
INSR,PK,AUCins.6-12h,1,0,Insulin
INSR,PK,"AUCins: The area under insulin aspart concentration (0-12, 0-6, 6-12, 0-4, 4-8, 8-12 hours after test meal) after a single injection of one of the four insulin aspart preparation: IAsp (NovoRapid®), Biphasic insulin aspa",1,0,Insulin
INSR,PK,"AUCins: The area under insulin aspart/human insulin concentration (0-12, 0-6, 6-12, 0-4, 4-8, 8-12 hours after test meal) after a single injection of one of the four insulins: IAsp, Biphasic insulin aspart 50 and 70 & fa",1,0,Insulin
INSR,PK,AUCLIS.0-12h,1,0,Insulin
INSR,PK,AUCLIS.0-1h,1,0,Insulin
INSR,PK,AUCLIS.2-6h,1,0,Insulin
INSR,PK,AUClis_0-6h,1,0,Insulin
INSR,PK,AUCLisp,1,0,Insulin
INSR,PK,AUCLisp(0-30 min),1,0,Insulin
INSR,PK,AUClisp_0-6h,1,0,Insulin
INSR,PK,AUClispro 0-30min (timepoint 0 = time of dosing),1,0,Insulin
INSR,PK,AUCLispro(0-30min),1,0,Insulin
INSR,PK,AUClispro_0-6h,1,0,Insulin
INSR,PK,"AUCNNC0471-0119, 0-t: Area under the serum NNC0471-0119 concentration-time curve from 0 to t, where t is the last observed time point with insulin concentration above LLOQ.",1,0,Insulin
INSR,PK,"AUCNNC0471-0119,0-30 min/AUCNNC0471-0119,0-t: Ratio of the area under the serum NNC0471-0119 concentration-time curve from 0-30 min and 0-t, where t is the last observed time point with insulin concentration above lower ",1,0,Insulin
INSR,PK,"AUCNNC0471-0119,2h-t/AUCNNC0471-0119,0-t: Ratio of the area under the serum NNC0471-0119 concentration-time curve from 2 hours to t and 0 to t, where t is the last observed time point with insulin concentration above LLO",1,0,Insulin
INSR,PK,"AUCPG,0-1h Area under the plasma glucose-time curve at steady concentrations",1,0,Insulin
INSR,PK,"AUCPG,0-2hArea under the plasma glucose-time curve at steady concentrations",1,0,Insulin
INSR,PK,"AUCPG,0-4h Area under the plasma glucose-time curve at steady concentrations",1,0,Insulin
INSR,PK,"AUCPG,0.5-2h Area under the plasma glucose-time curve at steady concentrations",1,0,Insulin
INSR,PK,AUCs With/Without Pomelo,1,0,Insulin
INSR,PK,AUCΔBG0-2h (timepoint 0 = administration of the meal),1,0,Insulin
INSR,PK,Beta-cell Function - C-peptide AUC (Area Under the Curve),1,0,Insulin
INSR,PK,BG-AUC 0-2h,1,0,Insulin
INSR,PK,BG-AUC 0-6h,1,0,Insulin
INSR,PK,Bioequivalence based on Pharmacodynamic parameter: AUC (GIR 0-20h),1,0,Insulin
INSR,PK,Bioequivalence based on Pharmacodynamic parameter: AUC (GIR 0-8h),1,0,Insulin
INSR,PK,Bioequivalence based on Pharmacodynamic parameter:AUC (GIR 0-20h),1,0,Insulin
INSR,PK,Bioequivalence based on Pharmacokinetic parameter AUC (INS-LIS 0-8h),1,0,Insulin
INSR,PK,Bioequivalence based on Pharmacokinetic parameter: AUC (INS-LIS 0-20h),1,0,Insulin
INSR,PK,Bioequivalence based on Pharmacokinetic parameter:AUC (INS-LIS 0-20h),1,0,Insulin
INSR,PK,Bioequivalence of Two 15 U Cartridges (TI Inhalation Powder A) and One 30 U Cartridge (TI Inhalation Powder B) Based on Baseline Corrected Insulin AUC0-360,1,0,Insulin
INSR,PK,Bioequivalence of Two 15 U Cartridges (TI Inhalation Powder A) and One 30 U Cartridge (TI Inhalation Powder B) Based on Baseline Corrected Insulin Cmax.,1,0,Insulin
INSR,PK,bsAUC Glucagon 30-90,1,0,Insulin
INSR,PK,bsAUC glucagon 90-150 min,1,0,Insulin
INSR,PK,bsAUC of glucagon concentration,1,0,Insulin
INSR,PK,C-peptide Area Under the Curve (AUC) Post MMTT,1,0,Insulin
INSR,PK,C-peptide AUC,1,0,Insulin
INSR,PK,C-peptide Average Area Under the Curve (AUC) in Response to a Mixed Meal at 1 Year Following Enrollment.,1,0,Insulin
INSR,PK,C-terminal telopeptide (CTX). At all time points and AUC(0-240 min).,1,0,Insulin
INSR,PK,"Change From Baseline in AUCIG,0-15min",1,0,Insulin
INSR,PK,"Change From Baseline in AUCIG,0-1h",1,0,Insulin
INSR,PK,"Change From Baseline in AUCIG,0-2h",1,0,Insulin
INSR,PK,"Change From Baseline in AUCIG,0-30min",1,0,Insulin
INSR,PK,"Change From Baseline in AUCIG,0-4h",1,0,Insulin
INSR,PK,Change From Baseline in Glucose Exposure (Area Under the Diurnal Median Curve or AUC),1,0,Insulin
INSR,PK,Change From Baseline in Glucose Profile Measured by 24-hour Area Under Curve (AUC) at Week 52,1,0,Insulin
INSR,PK,Change From Baseline in Incremental Area Under the Curve 0-4h (iAUC0-4h) Derived From the Glucose Concentration Profile During Meal Test,1,0,Insulin
INSR,PK,Change From Baseline in PMG Total Area Under the Plasma Concentration Time Curve (AUC) at Week 24 (Phase A),1,0,Insulin
INSR,PK,Change From Baseline in Postprandial Glucose (PPG) Area Under the Curve (AUC) Response to an Meal Tolerance Test (MTT),1,0,Insulin
INSR,PK,Change From Baseline in Postprandial Incremental Area Under the Glucose Curve (iAUC) 0-1 Hour at Week 12,1,0,Insulin
INSR,PK,Change From Baseline in Postprandial Incremental Area Under the Glucose Curve (iAUC) 0-2 Hour at Week 12,1,0,Insulin
INSR,PK,Change From Baseline in the Areas Under the Curve From 0 to 2 h (AUC0-2h) for Postprandial Plasma Glucose,1,0,Insulin
INSR,PK,Change From Baseline to Day 56 in Corrected C-Peptide AUC From Time 0.5 Hours to 5.5 Hours,1,0,Insulin
INSR,PK,Change From Baseline to Day 56 in Corrected Glucagon AUC From Time 0.5 Hours to 5.5 Hours,1,0,Insulin
INSR,PK,Change From Baseline to Day 56 in Plasma Glucose Corrected Area Under The Plasma Concentration-Time Curve (AUC) From Time 0.5 Hours to 4.5 Hours,1,0,Insulin
INSR,PK,Change From Baseline to Day 56 in Plasma Glucose Corrected AUC From Time 0.5 Hours to 5.5 Hours,1,0,Insulin
INSR,PK,"Change from baseline to W104 in mean 2h mixed meal tolerance test (MMTT) stimulated C-peptide concentration, calculated from AUC",1,0,Insulin
INSR,PK,"Change in AUCIG,0-15min",1,0,Insulin
INSR,PK,"Change in AUCIG,0-1h",1,0,Insulin
INSR,PK,"Change in AUCIG,0-2h",1,0,Insulin
INSR,PK,"Change in AUCIG,0-30min",1,0,Insulin
INSR,PK,"Change in AUCIG,0-4h",1,0,Insulin
INSR,PK,Change in Glycemic Variability - AUC in Hyper (≥180mg/dL),1,0,Insulin
INSR,PK,Change in Glycemic Variability - AUC in Hypo (≤70mg/dL),1,0,Insulin
INSR,PK,Change in IAUC (Incremental Area Under the Curve) for Postprandial Glucose (0-4 Hours) Over 3 Main Meals,1,0,Insulin
INSR,PK,"Change in Mean IAUC for Postprandial Glucose (0-4 Hours) After Each Meal (Breakfast, Lunch, Dinner) Assessed by CGMS",1,0,Insulin
INSR,PK,Change in plasma concentration of a natriuretic peptide,1,0,Insulin
INSR,PK,Change of C-peptide area under the curve (AUC C-peptide) or fasting C-peptide from baseline in patients with type 1 diabetes treated with saxagliptin plus insulin or insulin alone by 3-hour mixed meal tolerance test(MMTT,1,0,Insulin
INSR,PK,Changes in Hyperglycemia Area Under the Curve (AUC) From Baseline to Week 26,1,0,Insulin
INSR,PK,Changes in Hypoglycemia Area Under the Curve (AUC) From Baseline to Week 26,1,0,Insulin
INSR,PK,"CI287,trough (for insulin 287) - Serum insulin 287 trough concentration",1,0,Insulin
INSR,PK,"CI287,trough - Serum insulin 287 trough concentration",1,0,Insulin
INSR,PK,"CIGlar,trough (for insulin glargine) - Serum insulin glargine trough concentration",1,0,Insulin
INSR,PK,"CIGlar,trough - Serum IGlar trough concentration",1,0,Insulin
INSR,PK,Cmax (Lisp),1,0,Insulin
INSR,PK,Cmax insulin,1,0,Insulin
INSR,PK,Cmax of Insulin Concentration - Serum,1,0,Insulin
INSR,PK,Cmax of insulin concentration - Serum,1,0,Insulin
INSR,PK,"Cmax, maximum concentration of total insulin",1,0,Insulin
INSR,PK,"Cmax, maximum serum insulin detemir concentration",1,0,Insulin
INSR,PK,"Cmax, the maximum serum insulin 287 concentration",1,0,Insulin
INSR,PK,"Cmax,I287,FD (for insulin 287) - Maximum observed serum insulin 287 concentration after the first dose",1,0,Insulin
INSR,PK,"Cmax,I287,FD - Maximum observed serum insulin 287 concentration after the first dose",1,0,Insulin
INSR,PK,"Cmax,I287,SD: Maximum observed serum insulin 287 concentration after a single dose",1,0,Insulin
INSR,PK,"Cmax,I287,SS (for insulin 287) - Maximum observed serum insulin 287 concentration after the last dose",1,0,Insulin
INSR,PK,"Cmax,I287,SS - Maximum observed serum insulin 287 concentration after the last dose",1,0,Insulin
INSR,PK,"Cmax,IAsp, maximum observed serum insulin aspart concentration",1,0,Insulin
INSR,PK,"Cmax,Ico,SS, Maximum observed serum insulin icodec concentration during one dosing interval at steady state",1,0,Insulin
INSR,PK,"Cmax,Ico: Maximum observed serum insulin icodec concentration after a single dose",1,0,Insulin
INSR,PK,"Cmax,IGlar,SS (for insulin glargine) - Maximum observed serum insulin glargine concentration at steady state",1,0,Insulin
INSR,PK,"Cmax,IGlar,SS - Maximum observed serum IGlar concentration at steady state",1,0,Insulin
INSR,PK,"Cmax,ins: the maximal serum insulin (or serum insulin aspart) concentration",1,0,Insulin
INSR,PK,"Cmax,NNC0471-0119: Maximum observed serum NNC0471- 0119 concentration",1,0,Insulin
INSR,PK,Cmax.LIS,1,0,Insulin
INSR,PK,Cmax_lisp,1,0,Insulin
INSR,PK,Cmax_lispro,1,0,Insulin
INSR,PK,CmaxBG,1,0,Insulin
INSR,PK,"Cmaxglu: Peak plasma glucose following test meal (breakfast). A comparison will be made between fast-acting human insulin vs. IAsp, BIAsp 50 and BIAsp 70, IAsp vs BIAsp 50 and BIAsp 70, BIAsp 50 vs. BIAsp 70.",1,0,Insulin
INSR,PK,"Cohort 2, 3, 4: Assess the population PK and intra-tumoral concentration of study intervention.",1,0,Insulin
INSR,PK,Cohorts 1a/1b: Evaluate the pharmacokinetic impact by measuring AUC.,1,0,Insulin
INSR,PK,Cohorts 1a/1b: Evaluate the pharmacokinetic impact by measuring Cmax.,1,0,Insulin
INSR,PK,Cohorts 1a/1b: Evaluate the pharmacokinetic impact by measuring Tmax.,1,0,Insulin
INSR,PK,compare the pharmacokinetics of test doses of preprandial HIIP and preprandial injectable insulin (regular human insulin or insulin lispro) administered to a subgroup of patients,1,0,Insulin
INSR,PK,"Comparison of glucose sensor 2h, 3h and 4h post-prandial and AUC in conditions identical meals for each trigger level (50 or 75%). Measuring AUC during and 2 hours after physical activity, then to lunch time, during dinn",1,0,Insulin
INSR,PK,CV_AUC-PG_3-8h,1,0,Insulin
INSR,PK,Dose-corrected area-under-the serum insulin concentration vs. time curve (AUC0-540 min) for inhaled Technosphere® Insulin compared to that of subcutaneous regular human insulin,1,0,Insulin
INSR,PK,"Dose-normalised AUCIco,τ,SS, Area under the serum insulin icodec concentration-time curve during one dosing interval at steady state divided by dose",1,0,Insulin
INSR,PK,"Dose-normalised AUCSema,0-inf: Area under the plasma semaglutide concentration-time curve after a single dose divided by dose",1,0,Insulin
INSR,PK,"Dose-normalised AUCSema,0-tz: Area under the plasma semaglutide concentration-time curve after a single dose divided by dose",1,0,Insulin
INSR,PK,"Dose-normalised Cmax,Ico,SS, Maximum observed serum insulin icodec concentration after the last dose divided by dose",1,0,Insulin
INSR,PK,"Dose-normalised Cmax,Sema: Maximum observed plasma semaglutide concentration after a single dose divided by dose",1,0,Insulin
INSR,PK,Duration of Insulin Action (AUMC[0-360]/AUC[0-360]),1,0,Insulin
INSR,PK,"Duration of Insulin Action (AUMC[0-360]/AUC[0-360]), Stage 1",1,0,Insulin
INSR,PK,"Duration of Insulin Action (AUMC[0-360]/AUC[0-360]), Stage 3",1,0,Insulin
INSR,PK,"Early Exposure to Insulin (%AUC[0-60]), Stage 3",1,0,Insulin
INSR,PK,Early Insulin Exposure (%AUC[0-60]),1,0,Insulin
INSR,PK,"Early Insulin Exposure (%AUC[0-60]), Stage 1",1,0,Insulin
INSR,PK,"Efficacy endpoints include: additional PK parameters of serum insulin and serum FDKP, Pharmacodynamic parameters of sersum insulin, safety of T/I",1,0,Insulin
INSR,PK,Efficacy of Pramlintide by Measurement of Absolute 24-hour Plasma Glucagon Area Under the Plasma Concentration-time Curve (AUC),1,0,Insulin
INSR,PK,Efficacy of Pramlintide by Measurement of Absolute 24-hour Plasma Glucose Area Under the Plasma Concentration-time Curve (AUC),1,0,Insulin
INSR,PK,Efficacy of Pramlintide by Measurement of Absolute Plasma Glucose Area Under the Plasma Concentration-time Curve (AUC) Following Breakfast,1,0,Insulin
INSR,PK,Efficacy of Pramlintide by Measurement of Absolute Plasma Glucose Area Under the Plasma Concentration-time Curve (AUC) Following Dinner,1,0,Insulin
INSR,PK,Efficacy of Pramlintide by Measurement of Absolute Plasma Glucose Area Under the Plasma Concentration-time Curve (AUC) Following Lunch,1,0,Insulin
INSR,PK,Efficacy of Pramlintide by Measurement of Incremental 24-hour Plasma Glucagon Area Under the Plasma Concentration-time Curve (AUC),1,0,Insulin
INSR,PK,Efficacy of Pramlintide by Measurement of Incremental 24-hour Plasma Glucose Area Under the Plasma Concentration-time Curve (AUC),1,0,Insulin
INSR,PK,Efficacy of Pramlintide by Measurement of Incremental 24-hour Tissue Glucose Area Under the Plasma Concentration-time Curve (AUC) Obtained With Continuous Glucose Monitoring (CGM),1,0,Insulin
INSR,PK,Ertugliflozin Plasma Concentrations (ng/mL): Summary Statistics Over Time (Excluding Rescue Approach),1,0,Insulin
INSR,PK,Evaluate effect of topical metformin on decreasing serum concentration of insulin-like growth factor 1 (IGF-1),1,0,Insulin
INSR,PK,Evaluate intra- and intersubjects variation in pharmacokinetic,1,0,Insulin
INSR,PK,Evaluate pharmacokinetics of insulin following duodenal administration,1,0,Insulin
INSR,PK,Exploratory PK endpoint,1,0,Insulin
INSR,PK,Explore any influence of PH/ insulin concentration on PK /PD parameters,1,0,Insulin
INSR,PK,For Multiplex PK Profiling: Aggregate Mean Difference in Tmax Between the Analog With Greatest and the Analog With the Least Value of Tmax for Individuals,1,0,Insulin
INSR,PK,Fraction of the possible difference in ß-cell function and insulin sensitivity between Japanese and Caucasian that can be explained by each covariate factor,1,0,Insulin
INSR,PK,fractional and total insulin areas under the curve (AUC),1,0,Insulin
INSR,PK,Frexalimab plasma concentrations over time,1,0,Insulin
INSR,PK,"GIRmax, maximum glucose infusion AUCGIR,0-32h, AUCGIR,0-12h, AUCGIR,12-32h, tinf=0, Cmax,ins, tmax,ins, AUCins,0-24h AUCins,0-∞ AUCins,0-12h AUCins,12-24h",1,0,Insulin
INSR,PK,Glucodynamics (GD): Area Under the Baseline Subtracted Glucose Concentration Curve (BGΔAUC) for Each Treatment Arm,1,0,Insulin
INSR,PK,Glucodynamics (GD): Change From Baseline Area Under the Concentration Curve From Time Zero to 5 Hours (AUC [0-5 h]) of Glucose Relative to MMTT Following Administration of Each Study Arm With a Standard Dual-wave Bolus,1,0,Insulin
INSR,PK,Glucodynamics (GD): Change From Baseline Area Under the Concentration Curve From Time Zero to 5 Hours (AUC [0-5h]) of Glucose Relative to Mixed Meal Tolerance Test Following Administration of Each Study Arm With a Standa,1,0,Insulin
INSR,PK,Glucose Area Under Curve [AUC],1,0,Insulin
INSR,PK,Glucose Area Under the Curve (AUC) Post MMTT,1,0,Insulin
INSR,PK,Glucose AUC0-t will be assessed (Cohort 1),1,0,Insulin
INSR,PK,Glucose AUC0-t will be assessed (Cohort 2),1,0,Insulin
INSR,PK,Glucose AUC0-t will be assessed (Cohort 3),1,0,Insulin
INSR,PK,Glucose turnover overnight Insulin pharmacokinetics,1,0,Insulin
INSR,PK,HbA1c plasma concentration,1,0,Insulin
INSR,PK,INS-Area Under the Curve (AUC) over 24 and 36 hours after dosing (INS AUC 0-24 and INS AUC 0-36),1,0,Insulin
INSR,PK,INSAUC,1,0,Insulin
INSR,PK,Insulin Area Under the Concentration (AUC) Curve,1,0,Insulin
INSR,PK,Insulin Area Under the Curve (AUC) - Second Phase Response,1,0,Insulin
INSR,PK,Insulin Area Under the Curve (AUC) Post MMTT,1,0,Insulin
INSR,PK,Insulin AUC,1,0,Insulin
INSR,PK,insulin AUC,1,0,Insulin
INSR,PK,Insulin Cmax,1,0,Insulin
INSR,PK,Insulin detemir pharmacokinetics with and without liraglutide administration,1,0,Insulin
INSR,PK,Insulin Maximum Concentration (Cmax),1,0,Insulin
INSR,PK,Insulin measurements will be used to compute PK model parameters: absorption rate(s) and elimination rate using an appropriate transport model.,1,0,Insulin
INSR,PK,Intra-participant Variability in Percent of Total Area Under the Plasma Insulin Concentration-Versus-Time Curve Attained by Time T (%AUC[0-T]),1,0,Insulin
INSR,PK,"Intra-patient and inter-patient comparison of CV % between treatments was based on a t-test.for bioavailability (ie, SI AUC0-540 min) & bioeffect (ie, GIR AUC0-540 min)",1,0,Insulin
INSR,PK,IRAP plasma concentration during the hyperinsulinemic euglycemic clamp,1,0,Insulin
INSR,PK,Lixisenatide maximum plasma/serum peak concentration (LIX-Cmax),1,0,Insulin
INSR,PK,Maximal Plasma Insulin Glargine Concentration (Cmax) Part 4,1,0,Insulin
INSR,PK,Maximal Plasma Insulin Glargine Concentration (Cmax) Parts 1 and 3,1,0,Insulin
INSR,PK,Maximal Plasma MK-1092 Concentration (Cmax) Part 4,1,0,Insulin
INSR,PK,Maximal Plasma MK-1092 Concentration (Cmax) Parts 1 and 3,1,0,Insulin
INSR,PK,"Maximum concentration (Cmax, μIU/mL)",1,0,Insulin
INSR,PK,Maximum drug concentration of the two formulations (Cmax),1,0,Insulin
INSR,PK,Maximum glucose concentration (Cmax),1,0,Insulin
INSR,PK,Maximum insulin aspart concentration (Cmax IAsp),1,0,Insulin
INSR,PK,Maximum Insulin Concentration (Cmax) - First Phase Response,1,0,Insulin
INSR,PK,Maximum Insulin Concentration (Cmax) - Second Phase Response,1,0,Insulin
INSR,PK,Maximum insulin concentration (INS-Cmax),1,0,Insulin
INSR,PK,"Maximum insulin concentration INS-Cmax, and time to Cmax (INS-Tmax)",1,0,Insulin
INSR,PK,maximum insulin serum concentration,1,0,Insulin
INSR,PK,"Maximum observed serum insulin icodec concentration after a single dose (Cmax,Ico,SD)",1,0,Insulin
INSR,PK,"Maximum observed SHR-3167 concentration (Cmax, ss).",1,0,Insulin
INSR,PK,Maximum plasma concentration (Cmax) of insulin aspart,1,0,Insulin
INSR,PK,"Maximum plasma concentration (Cmax) of SAR342434, US-approved Humalog and EU-approved Humalog",1,0,Insulin
INSR,PK,Maximum Plasma Insulin Concentration (Cmax),1,0,Insulin
INSR,PK,Maximum serum insulin aspart concentration (Cmax) (for IDegAsp),1,0,Insulin
INSR,PK,Maximum serum insulin degludec concentration (Cmax) (for IDegAsp),1,0,Insulin
INSR,PK,Maximum serum insulin degludec concentration (Cmax) (for insulin degludec),1,0,Insulin
INSR,PK,Mean AUC0-24h and Cmax,1,0,Insulin
INSR,PK,Mean C-peptide AUC value,1,0,Insulin
INSR,PK,"Mean Change From Baseline in Time Normalized Plasma Glucagon AUC (From MMTT) at Week 16, 28, 52 and 64",1,0,Insulin
INSR,PK,Mean Change From Baseline in Time Normalized Stimulated (From Mixed Meal Tolerance Test [MMTT]) 2-hour Plasma C-peptide Area Under the Curve (AUC) at Week 52,1,0,Insulin
INSR,PK,"Mean Change From Baseline in Time Normalized Stimulated (From MMTT) 2 Hour Plasma C-peptide AUC at Week 16, 28 and Week 64",1,0,Insulin
INSR,PK,"Mean Plasma Glucose Area Under the Curve (AUC) for Blood Glucose Concentration in the Exenatide 1.25 mcg or Exenatide 2.5 mcg Treated Groups Along With Insulin, Compared to Insulin Alone",1,0,Insulin
INSR,PK,"Measuring glucose sensor 2h, 3h and 4h post-prandial and AUC, in every situation tested to evaluate the efficacy and safety (time spent in hypoglycemia)",1,0,Insulin
INSR,PK,"Model-based area under the serum insulin icodec concentration-time curve during one dosing interval at steady state (AUC,Ico,τ,SS,model)",1,0,Insulin
INSR,PK,"Model-based maximum serum insulin icodec concentration during one dosing interval at steady state (Cmax,Ico,SS,model)",1,0,Insulin
INSR,PK,Multiplex PK: Average Baseline HbA1c Categorized According to Baseline Use of Insulin Analog Found to Have the Most Favorable PK Profile for Each Individual,1,0,Insulin
INSR,PK,Multiplex PK: Average Number of Hypoglycemia Events Over the Last Month at Baseline Categorized According to Baseline Use of Insulin Analog Found to Have the Most Favorable PK Profile for Each Individual,1,0,Insulin
INSR,PK,N-terminal propeptide of type 1 procollagen (P1NP). At all time points and AUC(0-240 min).,1,0,Insulin
INSR,PK,"Part 1 SAD: AUC,I1063,SD- Area under the serum NNC0363-1063 concentration time curve after a single dose",1,0,Insulin
INSR,PK,"Part 1 SAD: AUC0-inf,I1063,SD: Area under the serum NNC0363-1063 concentration-time curve from 0 to infinity after a single dose",1,0,Insulin
INSR,PK,"Part 1 SAD: Cmax,I1063,SD- Maximum observed serum NNC0363-1063 concentration after a single dose",1,0,Insulin
INSR,PK,Part 1: Area Under the Curve (AUC) of Glucose Infusion Rate (GIR) From 0-6 Hours,1,0,Insulin
INSR,PK,Part 1: Area Under the Curve From Time Zero to the Last Measureable Concentration (AUC0-last),1,0,Insulin
INSR,PK,Part 1: Fractional and Absolute AUC0-1hr,1,0,Insulin
INSR,PK,Part 1: Fractional and Absolute AUC2hr-end,1,0,Insulin
INSR,PK,Part 1: Mean Maximum Concentration (Cmax),1,0,Insulin
INSR,PK,Part 1: Time to 50% of Total AUC (AUC0-last),1,0,Insulin
INSR,PK,"Part 2 PoP: AUC,I1063,SD- Area under the serum NNC0363-1063 concentration time curve after a single dose",1,0,Insulin
INSR,PK,"Part 2 PoP: AUC0-inf,I1063,SD: Area under the serum NNC0363-1063 concentration-time curve from 0 to infinity after a single dose",1,0,Insulin
INSR,PK,"Part 2 PoP: Cmax,I1063,SD- Maximum observed serum NNC0363-1063 concentration after a single dose",1,0,Insulin
INSR,PK,Part 2: Insulin Analog Serum Concentration as a Function of Time Following Bolus Insulin Infusion,1,0,Insulin
INSR,PK,"Part 3 Meal test: AUC,PG,meal: Area under the plasma glucose concentration-time curve at steady state",1,0,Insulin
INSR,PK,"Part 3 Meal test: AUC0-1h,PG,meal: Area under the plasma glucose concentration-time curve from 0 to 1 hour after initiation of the meal test at steady state",1,0,Insulin
INSR,PK,"Part 3 Meal test: AUC0-2h,PG,meal: Area under the plasma glucose concentration-time curve from 0 to 2 hours after initiation of the meal test at steady state",1,0,Insulin
INSR,PK,"Part 3 Meal test: AUC0-4h,PG,mean: Area under the plasma glucose concentration-time curve from 0 to 4 hours after initiation of the meal test at steady state",1,0,Insulin
INSR,PK,"Part 3 Meal test: AUC0-6h,PG,meal: Area under the plasma glucose concentration-time curve from 0 to 6 hours after initiation of the meal test at steady state",1,0,Insulin
INSR,PK,"Part 3 Meal test: AUCτ,I1063,SS: Area under the serum NNC0363-1063 concentration-time curve during one dosing interval at steady state",1,0,Insulin
INSR,PK,"Part 3 Meal test: Cmax,I1063,SS: Maximum observed serum NNC0363-1063 concentration during one dosing interval at steady state",1,0,Insulin
INSR,PK,Part 3: Insulin Analog Serum Concentration as a Function of Time Following Termination of Insulin Infusion,1,0,Insulin
INSR,PK,Part A and Part B: Pharmacokinetics (PK): Area Under the Concentration Versus Time Curve (AUC),1,0,Insulin
INSR,PK,Part A: Pharmacokinetics (PK ): Area Under the Concentration Curve From Zero to the Last Recorded Time Post Dose (AUC0-tlast),1,0,Insulin
INSR,PK,Part A: Pharmacokinetics (PK): Area Under the Concentration Versus Time Curve (AUC) of LY3938577,1,0,Insulin
INSR,PK,Part A: Pharmacokinetics: Area Under the Concentration Versus Time Curve Over the Dosing Interval (AUCτ) of LY2605541 and Insulin Glargine: Intra-Participant Variability,1,0,Insulin
INSR,PK,Part A: Pharmacokinetics: Maximum Drug Concentration (Cmax) of LY2605541 and Insulin Glargine: Intra-Participant Variability,1,0,Insulin
INSR,PK,Part A: PK: Maximum Observed Concentration (Cmax) of LY3938577,1,0,Insulin
INSR,PK,Part B: Pharmacodynamic (PD): Area under the glucose infusion rate curve (GIR AUC) of LY3938577,1,0,Insulin
INSR,PK,Part B: Pharmacokinetics (PK): Area Under the Concentration Curve From Zero to the Last Recorded Time Post Dose (AUC0-tlast) - Interparticipant Variability,1,0,Insulin
INSR,PK,Part B: Pharmacokinetics (PK): Area Under the Concentration Versus Time Curve (AUC) of LY3938577,1,0,Insulin
INSR,PK,Part B: Pharmacokinetics: AUCτ of LY2605541 and Insulin Glargine: Exercise Versus Non-Exercise,1,0,Insulin
INSR,PK,Part B: Pharmacokinetics: Cmax of LY2605541 and Insulin Glargine: Exercise Versus Non-Exercise,1,0,Insulin
INSR,PK,Part B: Pharmacokinetics: ISF-to-Serum Concentrations,1,0,Insulin
INSR,PK,Part B: Pharmacokinetics: Steady-State Concentrations in Adipose Tissue Interstitial Fluid (ISF),1,0,Insulin
INSR,PK,Part B: PK: Maximum Observed Concentration (Cmax) of LY3938577,1,0,Insulin
INSR,PK,Part C: Pharmacokinetics (PK): Area Under the Concentration Versus Time Curve (AUC) of LY3938577,1,0,Insulin
INSR,PK,Part D: Pharmacokinetics (PK): Area Under the Concentration Versus Time Curve (AUC) of LY3938577,1,0,Insulin
INSR,PK,Part I: The within-subject coefficient of variation in time-action profile of glargine for AUC-GIR and GIRmax over the duration of action of glargine,1,0,Insulin
INSR,PK,"Part II: The within-subject coefficient of variation in time-action profile of glargine for AUC-GIR (AUC of glucose infusion rate), GIRmax (maximum level of glucose infusion rate), over the duration of action of glargine",1,0,Insulin
INSR,PK,Participants Mean Level of 17-OHP Area Under the Curve (AUC) - 24 Hours,1,0,Insulin
INSR,PK,Participants Mean Level of 17-OHP Area Under the Curve (AUC) - Daytime (0700-1500),1,0,Insulin
INSR,PK,Participants Mean Level of 17-OHP Area Under the Curve (AUC) - Midday (1500 - 2300),1,0,Insulin
INSR,PK,Participants Mean Level of 17-OHP Area Under the Curve (AUC) - Nighttime (2300 - 0700),1,0,Insulin
INSR,PK,Participants Mean Level of ACTH Area Under the Curve (AUC) - 24 Hours,1,0,Insulin
INSR,PK,Participants Mean Level of ACTH Area Under the Curve (AUC) - Daytime (0700-1500),1,0,Insulin
INSR,PK,Participants Mean Level of ACTH Area Under the Curve (AUC) - Midday (1500 - 2300),1,0,Insulin
INSR,PK,Participants Mean Level of ACTH Area Under the Curve (AUC) - Nighttime (2300 - 0700),1,0,Insulin
INSR,PK,Participants Mean Level of Androstenedione Area Under the Curve (AUC) - 24 Hours,1,0,Insulin
INSR,PK,Participants Mean Level of Androstenedione Area Under the Curve (AUC) - Daytime (0700-1500),1,0,Insulin
INSR,PK,Participants Mean Level of Androstenedione Area Under the Curve (AUC) - Midday (1500 - 2300),1,0,Insulin
INSR,PK,Participants Mean Level of Androstenedione Area Under the Curve (AUC) - Nighttime (2300 - 0700),1,0,Insulin
INSR,PK,Participants Mean Level of Progesterone Area Under the Curve (AUC) - 24 Hours,1,0,Insulin
INSR,PK,Participants Mean Level of Progesterone Area Under the Curve (AUC) - Daytime (0700-1500),1,0,Insulin
INSR,PK,Participants Mean Level of Progesterone Area Under the Curve (AUC) - Midday (1500 - 2300),1,0,Insulin
INSR,PK,Participants Mean Level of Progesterone Area Under the Curve (AUC) - Nighttime (2300 - 0700),1,0,Insulin
INSR,PK,PD endpoint: area under the glucose infusion rate curve(AUCGIR).0-2h,1,0,Insulin
INSR,PK,PD endpoint: area under the glucose infusion rate curve(AUCGIR).0-6h,1,0,Insulin
INSR,PK,PD endpoint: area under the glucose infusion rate curve(AUCGIR).6-12h,1,0,Insulin
INSR,PK,PD endpoint:area under the glucose infusion rate curve(AUCGIR)0-24h,1,0,Insulin
INSR,PK,"PD endpoints like GIR max, t max/GIR, AUC GIR 0-120 min, AUC GIR 0-720 min, t >2/GIR, early and late t 50%/GIR",1,0,Insulin
INSR,PK,PD endpoints: Area under the glucose infusion rate curve(AUCGIR).0-12h,1,0,Insulin
INSR,PK,PD: AUC of Glucose Infusion Rate (GIR),1,0,Insulin
INSR,PK,"PD: AUCGIR.0-last, area under the glucose infusion rate curve from 0 hours until the end of the glucose clamp",1,0,Insulin
INSR,PK,"PD: AUCGIR0-4h, AUCGIR0-6h, AUCGIR6-last, areas under the glucose infusion rate curve in the indicated time-intervals",1,0,Insulin
INSR,PK,Peak Serum Insulin Concentration (Cmax),1,0,Insulin
INSR,PK,Percentage of Total Area Under the Concentration-time Curve for Serum Insulin Attained by Time t (AUC0-t),1,0,Insulin
INSR,PK,Pharmacodynamic Endpoint: Area under curve (AUC)Glucose infusion rate (GIR).0-24h,1,0,Insulin
INSR,PK,Pharmacodynamic endpoints: area under the glucose infusion rate curve (AUCGIR) 0-2h,1,0,Insulin
INSR,PK,Pharmacodynamic endpoints: area under the glucose infusion rate curve (AUCGIR)0-6h,1,0,Insulin
INSR,PK,Pharmacodynamic endpoints: area under the glucose infusion rate curve (AUCGIR)12-24h,1,0,Insulin
INSR,PK,Pharmacodynamic endpoints: area under the glucose infusion rate curve(AUCGIR)0-12h,1,0,Insulin
INSR,PK,Pharmacodynamic: Area under the blood glucose concentration time curve from 0-8 hours after a standardized meal: AUCbg(0-8h),1,0,Insulin
INSR,PK,Pharmacodynamics (PD): Area Under the Concentration Curve From Time Zero to 5 Hours (AUC[0-5h]) of Glucose Relative to a Mixed Meal Tolerance Test (MMTT),1,0,Insulin
INSR,PK,Pharmacodynamics (PD): Area Under the Concentration Zero Through 5 Hours (AUC 0-5h) for Triglycerides,1,0,Insulin
INSR,PK,Pharmacodynamics (PD): AUC of Glucose Following a Meal,1,0,Insulin
INSR,PK,Pharmacodynamics: Three-Hour Postprandial Glucose Area Under the Concentration Time Curve (AUC),1,0,Insulin
INSR,PK,Pharmacodynamics: Three-Hour Postprandial Glucose Area Under the Concentration Time Curve (AUC) Excursion,1,0,Insulin
INSR,PK,Pharmacokinetic effects,1,0,Insulin
INSR,PK,Pharmacokinetic endpoint: area under the insulin concentration curve(AUCins) 0-12h,1,0,Insulin
INSR,PK,Pharmacokinetic endpoint: area under the insulin concentration curve(AUCins) 0-2h,1,0,Insulin
INSR,PK,Pharmacokinetic endpoint: area under the insulin concentration curve(AUCins) 0-6h,1,0,Insulin
INSR,PK,Pharmacokinetic endpoint: area under the insulin concentration curve(AUCins).0-infinity,1,0,Insulin
INSR,PK,Pharmacokinetic endpoint: area under the insulin concentration curve(AUCins)12-24h,1,0,Insulin
INSR,PK,Pharmacokinetic endpoint: AUC Lisp(0-last),1,0,Insulin
INSR,PK,Pharmacokinetic endpoint: Cmax(Lisp),1,0,Insulin
INSR,PK,Pharmacokinetic endpoint: terminal elimination half-life (t½),1,0,Insulin
INSR,PK,Pharmacokinetic endpoint: time to maximum observed insulin concentration (tmax),1,0,Insulin
INSR,PK,Pharmacokinetic endpoint: time(t)50%-ins(early),1,0,Insulin
INSR,PK,Pharmacokinetic endpoint: time(t)50%-ins(late),1,0,Insulin
INSR,PK,Pharmacokinetic endpoint:terminal elimination rate constant(λz),1,0,Insulin
INSR,PK,Pharmacokinetic endpoints: area under the insulin concentration curve (AUCins) 0-24h,1,0,Insulin
INSR,PK,Pharmacokinetic endpoints: insulin concentration (Cins).max,1,0,Insulin
INSR,PK,Pharmacokinetic parameter: Area under curve from 0-10hrs,1,0,Insulin
INSR,PK,Pharmacokinetic Parameter: Area Under the Curve(AUC),1,0,Insulin
INSR,PK,Pharmacokinetic parameter: area under the plasma concentration curve from time 0 to infinity (AUC [0 to infinity]),1,0,Insulin
INSR,PK,Pharmacokinetic Parameter: Area Under the Serum Insulin Concentration Versus Time Curve From Time Zero to the Last Time Point With a Measurable Concentration [AUC0-tlast],1,0,Insulin
INSR,PK,Pharmacokinetic Parameter: Area Under the Serum Insulin Concentration Versus Time Curve From Zero to Time of Return to Baseline (AUC0-tlast),1,0,Insulin
INSR,PK,Pharmacokinetic parameter: clearance (CL),1,0,Insulin
INSR,PK,Pharmacokinetic Parameter: Maximum Serum Insulin Concentration (Cmax),1,0,Insulin
INSR,PK,Pharmacokinetic Parameter: Maximum Serum Insulin Concentration [Cmax],1,0,Insulin
INSR,PK,Pharmacokinetic parameter: plasma apparent terminal half-life,1,0,Insulin
INSR,PK,Pharmacokinetic parameter: steady state plasma concentration (Css),1,0,Insulin
INSR,PK,Pharmacokinetic Parameter: Time of Maximum Observed Serum Concentration (Tmax),1,0,Insulin
INSR,PK,Pharmacokinetic parameter: volume of distribution (Vd),1,0,Insulin
INSR,PK,Pharmacokinetic profiles of endogenous insulin and Insulin Aspart,1,0,Insulin
INSR,PK,Pharmacokinetic properties,1,0,Insulin
INSR,PK,Pharmacokinetic variable: insulin,1,0,Insulin
INSR,PK,Pharmacokinetic variables,1,0,Insulin
INSR,PK,Pharmacokinetic: Area under the serum insulin lispro concentration time curve from 0-8hours: AUClisp(0-8h),1,0,Insulin
INSR,PK,Pharmacokinetic: Maximum observed serum insulin lispro concentration: Cmax(lisp),1,0,Insulin
INSR,PK,Pharmacokinetics,1,0,Insulin
INSR,PK,Pharmacokinetics (PK) : Insulin Lispro Area Under the Concentration Curve Zero to Infinity (AUC[0-∞]) ),1,0,Insulin
INSR,PK,Pharmacokinetics (PK): Area Under The Concentration Curve (AUC 0-30mins) of Insulin Lispro,1,0,Insulin
INSR,PK,Pharmacokinetics (PK): Area under the Concentration Curve (AUC) of Insulin Lispro,1,0,Insulin
INSR,PK,Pharmacokinetics (PK): Area Under the Concentration Curve Concentration Curve Zero Through 5 Hours (AUC 0-5h) for Prandial Insulin Lispro,1,0,Insulin
INSR,PK,Pharmacokinetics (PK): Area Under the Concentration Curve From Time Zero to Last Time (AUC [0 Tlast]) for Paracetamol,1,0,Insulin
INSR,PK,Pharmacokinetics (PK): Area Under the Concentration Curve Zero Through 5 Hours (AUC 0-5h) for Acetaminophen,1,0,Insulin
INSR,PK,Pharmacokinetics (PK): Area Under the Concentration Versus Time Curve (AUC) of LY4057996,1,0,Insulin
INSR,PK,Pharmacokinetics (PK): Area Under the Concentration Versus Time Curve (AUC0-∞) of LY2605541 and Insulin Lispro,1,0,Insulin
INSR,PK,Pharmacokinetics (PK): Area Under the Drug Plasma Concentration Versus Time Curve from Time Zero to 168 hours (AUC[0-168]) of LY3209590,1,0,Insulin
INSR,PK,Pharmacokinetics (PK): Area Under the Drug-Plasma-Concentration-Versus-Time Curve from Time Zero to 168 Hours Postdose (AUC[0-168]) of LY3209590,1,0,Insulin
INSR,PK,Pharmacokinetics (PK): Area Under the Plasma Concentration Versus Time Curve From Time Zero to Last Measurable Timepoint (AUClast) of Insulin Aspart Following Administration of Either SAR341402 (Switching Arm) or NovoLog,1,0,Insulin
INSR,PK,Pharmacokinetics (PK): Insulin Lispro Area Under the Concentration Curve (AUC),1,0,Insulin
INSR,PK,Pharmacokinetics (PK): Insulin Lispro Area Under the Concentration Curve (AUC) Following Each Treatment Arm for Each Study Part,1,0,Insulin
INSR,PK,Pharmacokinetics (PK): Insulin Lispro Area Under the Concentration Curve From Time Zero to 5 Hours (AUC [0-5 h]) of Following Administration of Each Study Arm With a Standard Dual-wave Bolus,1,0,Insulin
INSR,PK,Pharmacokinetics (PK): Insulin Lispro Area Under the Concentration Curve From Time Zero to 5 Hours (AUC[0-5h]),1,0,Insulin
INSR,PK,Pharmacokinetics (PK): Insulin Lispro Area Under the Concentration Curve From Time Zero to 5 Hours(h) (AUC [0-5 h]) Following Administration of Each Study Arm With a Standard Single-wave Bolus,1,0,Insulin
INSR,PK,Pharmacokinetics (PK): Insulin Lispro Area Under the Concentration Curve From Time Zero to 8 Hours (AUC[0-8 Hours]),1,0,Insulin
INSR,PK,Pharmacokinetics (PK): Insulin Lispro Area Under the Concentration Curve Zero to 10 Hours (AUC 0-10h) Following Administration of Each Treatment Arm,1,0,Insulin
INSR,PK,Pharmacokinetics (PK): Insulin Lispro Area Under the Concentration Curve Zero to Seven Hours (AUC0-7hr),1,0,Insulin
INSR,PK,Pharmacokinetics (PK): Insulin Lispro Area Under the Concentration Versus Time Curve (AUC),1,0,Insulin
INSR,PK,Pharmacokinetics (PK): Insulin Lispro Area Under the Plasma Concentration Curve Zero to 10 Hours (AUC[0-10) Following Each Treatment Arm,1,0,Insulin
INSR,PK,Pharmacokinetics (PK): Insulin Lispro Area Under the Serum Concentration Versus Time Curve From Time Zero to 10 Hours Postdose (AUC[0-10h]),1,0,Insulin
INSR,PK,Pharmacokinetics (PK): Insulin Lispro Maximum Concentration (Cmax) (Part B),1,0,Insulin
INSR,PK,Pharmacokinetics (PK): Insulin Lispro or Insulin Aspart Area Under the Concentration Curve From Zero to Seven Hours (AUC 0-7h) Following Administration of Each Study Arm,1,0,Insulin
INSR,PK,Pharmacokinetics (PK): Maximum Drug Concentration (Cmax) of LY2605541 and Insulin Lispro,1,0,Insulin
INSR,PK,Pharmacokinetics (PK): Maximum Serum Concentration (Cmax) of Insulin Glargine and Lantus,1,0,Insulin
INSR,PK,Pharmacokinetics (PK): Pharmacokinetics (PK): Area Under the Insulin Lispro Curve (AUC) 0 to 5 hours after Bolus Administration Prior to a Mixed Meal Tolerance Text (MMTT),1,0,Insulin
INSR,PK,Pharmacokinetics (PK): Plasma Serum Concentrations of Orforglipron,1,0,Insulin
INSR,PK,Pharmacokinetics (PK): Steady State Area Under the Concentration Time Curve From Zero to Tau (AUC 0-Tau) of Tirzepatide,1,0,Insulin
INSR,PK,Pharmacokinetics (PK): Time to Maximum Concentration (Tmax) of LY3192767,1,0,Insulin
INSR,PK,Pharmacokinetics (PK): Time to Maximum Observed Insulin Lispro Concentration (Tmax) Following Administration of LY900014 and Insulin Lispro (Humalog),1,0,Insulin
INSR,PK,Pharmacokinetics (PK): Time to Reach Peak Concentration (tmax) of LY2605541 and Insulin Lispro,1,0,Insulin
INSR,PK,Pharmacokinetics (PK): Under the Concentration Curve Zero Through 5 Hours (AUC 0-5h) for Prandial Insulin Lispro,1,0,Insulin
INSR,PK,Pharmacokinetics - Drug (LY2605541) Concentration at Steady State (Css) at Week 12 Endpoint,1,0,Insulin
INSR,PK,Pharmacokinetics - Drug (LY2605541) Concentration at Steady State (Css) at Week 8 Endpoint,1,0,Insulin
INSR,PK,Pharmacokinetics of Insulin,1,0,Insulin
INSR,PK,Pharmacokinetics of Insulin as Demonstrated by 24-hour Average Plasma Insulin Concentration.,1,0,Insulin
INSR,PK,Pharmacokinetics of Insulin as Demonstrated by 24-hour Plasma Insulin Area Under the Plasma Concentration-time Curve (AUC),1,0,Insulin
INSR,PK,Pharmacokinetics of Insulin as Demonstrated by Maximum Plasma Insulin Concentration,1,0,Insulin
INSR,PK,Pharmacokinetics of Insulin as Demonstrated by the Time to the Maximum Plasma Insulin Concentration,1,0,Insulin
INSR,PK,Pharmacokinetics of liraglutide with and without insulin detemir,1,0,Insulin
INSR,PK,Pharmacokinetics of Paracetamol,1,0,Insulin
INSR,PK,Pharmacokinetics of Pramlintide,1,0,Insulin
INSR,PK,Pharmacokinetics of tesaglitazar,1,0,Insulin
INSR,PK,Pharmacokinetics of the PassPort(R) Transdermal Insulin Delivery System in Type 1 Diabetes Patients (Cmax),1,0,Insulin
INSR,PK,Pharmacokinetics: Area under the concentration curve (AUC),1,0,Insulin
INSR,PK,Pharmacokinetics: Area Under the Concentration Curve (AUC) of Insulin Peglispro,1,0,Insulin
INSR,PK,Pharmacokinetics: Area Under the Concentration Curve (AUC) of LY3374849,1,0,Insulin
INSR,PK,Pharmacokinetics: Area Under The Concentration Curve Zero to Infinity (AUC[0-∞]) of LY3209590,1,0,Insulin
INSR,PK,Pharmacokinetics: Area Under the Concentration vs. Time Curve From Time Zero to Infinity of Free Insulin,1,0,Insulin
INSR,PK,Pharmacokinetics: Area Under the Concentration vs. Time Curve From Time Zero to Infinity of Insulin Aspart,1,0,Insulin
INSR,PK,Pharmacokinetics: Area Under the Concentration vs. Time Curve From Time Zero to Infinity of Insulin Detemir,1,0,Insulin
INSR,PK,Pharmacokinetics: Area Under the Concentration vs. Time Curve From Time Zero to the Time of the Last Measured Level of Free Insulin,1,0,Insulin
INSR,PK,Pharmacokinetics: Area Under the Concentration vs. Time Curve From Time Zero to the Time of the Last Measured Level of Insulin Aspart,1,0,Insulin
INSR,PK,Pharmacokinetics: Area Under the Concentration vs. Time Curve From Time Zero to the Time of the Last Measured Level of Insulin Detemir,1,0,Insulin
INSR,PK,Pharmacokinetics: Area under the insulin lispro serum concentration. Time curve from t=0 to 6 hours,1,0,Insulin
INSR,PK,Pharmacokinetics: Area Under the Plasma Concentration Versus Time Curve (AUC) of Insulin Aspart Following Administration of Either SAR341402 (Switching Arm) or NovoLog (Non-switching Arm),1,0,Insulin
INSR,PK,Pharmacokinetics: AUCins/lisp(0-10h): Area under the human insulin / insulin lispro serum concentration,1,0,Insulin
INSR,PK,Pharmacokinetics: Cmax of Free Insulin,1,0,Insulin
INSR,PK,Pharmacokinetics: Cmax of Insulin Aspart,1,0,Insulin
INSR,PK,Pharmacokinetics: Cmax of Insulin Detemir,1,0,Insulin
INSR,PK,Pharmacokinetics: Cmax(ins/lisp),1,0,Insulin
INSR,PK,Pharmacokinetics: Early t0.5max ins/lisp,1,0,Insulin
INSR,PK,Pharmacokinetics: Early t0.5max(Lisp),1,0,Insulin
INSR,PK,Pharmacokinetics: Insulin Lispro Area Under the Concentration Versus Time Curve (AUC) for Each Treatment Arm,1,0,Insulin
INSR,PK,Pharmacokinetics: Maximum concentration (Cmax),1,0,Insulin
INSR,PK,Pharmacokinetics: Maximum Observed Plasma Concentration (Cmax) of Insulin Aspart Following Administration of Either SAR341402 (Switching Arm) or NovoLog (Non-switching Arm),1,0,Insulin
INSR,PK,Pharmacokinetics: Observed Maximum Concentration (Cmax) of Insulin Peglispro,1,0,Insulin
INSR,PK,Pharmacokinetics: Terminal Phase Elimination Half-life (T½) - Parameter of Free Insulin,1,0,Insulin
INSR,PK,Pharmacokinetics: Terminal Phase Elimination Half-life (T½) - Parameter of Insulin Aspart,1,0,Insulin
INSR,PK,Pharmacokinetics: Terminal Phase Elimination Half-life (T½) - Parameter of Insulin Detemir,1,0,Insulin
INSR,PK,Pharmacokinetics: Time of maximum concentration (Tmax),1,0,Insulin
INSR,PK,Pharmacokinetics: Time of Maximum Observed Drug Concentration (Tmax) of Insulin Peglispro,1,0,Insulin
INSR,PK,Pharmacokinetics: Time to Reach Maximum Observed Plasma Concentration (Tmax) of Insulin Aspart Following Administration of Either SAR341402 (Switching Arm) or NovoLog (Non-switching Arm),1,0,Insulin
INSR,PK,Pharmacokinetics: Tmax of Free Insulin,1,0,Insulin
INSR,PK,Pharmacokinetics: Tmax of Insulin Aspart,1,0,Insulin
INSR,PK,Pharmacokinetics: Tmax of Insulin Detemir,1,0,Insulin
INSR,PK,Pharmacokinetics: Tmax(ins/lisp) - Time to maximum observed serum human insulin concentration and insulin lispro concentration,1,0,Insulin
INSR,PK,Pharmacokinetics: Tmax(lisp),1,0,Insulin
INSR,PK,Pharmacokinetics: tmax(Lisp) - Time from t=0 hours to maximum observed insulin lispro concentration,1,0,Insulin
INSR,PK,Pharmacokinetics: Within-participant variability of time to maximum drug concentration (tmax) of BC106 insulin lispro,1,0,Insulin
INSR,PK,PK endpoint- Area under the insulin concentration curve(AUCins).0-2h,1,0,Insulin
INSR,PK,PK endpoint- Area under the insulin concentration curve(AUCins).0-6h,1,0,Insulin
INSR,PK,PK endpoint- Area under the insulin concentration curve(AUCins).0-infinity,1,0,Insulin
INSR,PK,PK endpoint- Area under the insulin concentration curve(AUCins).6-12h,1,0,Insulin
INSR,PK,"PK endpoints such as C max/ins, t max/ins, AUC ins 0-120 min, AUC ins 360-720 min, AUC ins 0-720 min",1,0,Insulin
INSR,PK,PK endpoints:Area under the insulin concentration curve(AUCins).0-12h,1,0,Insulin
INSR,PK,"PK endpts: AUC0-4h, AUC0-6h, AUC0-12h, AUC6-12h, AUC6-24h,tmax,and elimination rate constant. PD endpoints: AUCGIR0-4h, AUCGIR0-6h, AUCGIR0-12h,AUCGIR0-24h, AUCGIR6-12h, AUCGIR6-24h, GIRmax and tGIRmax Safety : AEs,haema",1,0,Insulin
INSR,PK,"PK measures for RAA (8U) as measured by area under the concentration-time curve (AUC 0-360) - timepoints 0, 5, 10, 15, 20, 30, 40, 50, 60, 75, 90, 105, 120, 150, 180, 210, 240, 270, 300 and 360 minutes post-RAA dosing",1,0,Insulin
INSR,PK,"PK measures for TI Inhalation Powder (20U) as measured by area under the concentration-time curve (AUC 0-360) - timepoints: 0, 3, 6, 9, 12, 15, 20, 30, 40, 50, 60, 75, 90, 105, 120, 150, 180, 240, 300 and 360 minutes pos",1,0,Insulin
INSR,PK,PK: Area Under the Concentration Versus Time Curve From Time Zero to 24 Hours (AUC[0-24]) of Insulin Glargine and Lantus,1,0,Insulin
INSR,PK,PK: Area Under the Concentration-Time Curve from Time Zero to Infinity (AUC[0-inf] of LY3192767,1,0,Insulin
INSR,PK,"PK: AUCins.0-12h, area under the serum insulin concentration time curve from 0 to 12 hours",1,0,Insulin
INSR,PK,"PK: AUCins.0-24, harea under the serum insulin concentration curve from 0-24 hours",1,0,Insulin
INSR,PK,"PK: AUCins.0-24h, area under the serum insulin concentration curve from 0 to 24 hours",1,0,Insulin
INSR,PK,"PK: AUCins.0-4h,area under the serum insulin concentration time curve from 0 to 4 hours",1,0,Insulin
INSR,PK,"PK: AUCins.0-6h,area under the serum insulin concentration time curve from 0 to 6 hours",1,0,Insulin
INSR,PK,"PK: AUCins.0-infinity, area under the serum insulin concentration time curve from 0 (dosing) to infinity",1,0,Insulin
INSR,PK,"PK: AUCins.6-12h, area under the serum insulin concentration time curve from 6 to 12 hours",1,0,Insulin
INSR,PK,PK: Insulin Lispro Area Under the Concentration-Time Curve From Time Zero to 30 Minutes (AUC[0-30min]) (Part B),1,0,Insulin
INSR,PK,PK: Maximum Concentration (Cmax) of LY4057996,1,0,Insulin
INSR,PK,PK: Maximum Concentration (Cmax) of Treprostinil (Part A),1,0,Insulin
INSR,PK,PK: Maximum Observed Insulin Lispro Concentration (Cmax),1,0,Insulin
INSR,PK,PK: Maximum Serum Concentration (Cmax) of LY3192767,1,0,Insulin
INSR,PK,Plasma Concentration of Liraglutide,1,0,Insulin
INSR,PK,"Plasma concentrations of degludec, liraglutide",1,0,Insulin
INSR,PK,Plasma concentrations of glibenclamide,1,0,Insulin
INSR,PK,Plasma Concentrations of Liraglutide,1,0,Insulin
INSR,PK,Plasma Glucose Cmax,1,0,Insulin
INSR,PK,Population Estimates of Pharmacokinetic (PK) Parameters: Apparent Clearance [CL/F],1,0,Insulin
INSR,PK,Population Estimates of PK Parameters: Apparent Volume of Distribution [V/F],1,0,Insulin
INSR,PK,Population Estimates of PK Parameters: First-order Absorption Rate Constant [Ka],1,0,Insulin
INSR,PK,Post-infusion Incremental Glucose Area Under the Plasma Concentration Versus Time Curve [AUC0-240 min] Study Part 1,1,0,Insulin
INSR,PK,Post-infusion Incremental Glucose Area Under the Plasma Concentration Versus Time Curve [AUC0-240 min] Study Part 2,1,0,Insulin
INSR,PK,Post-prandial AUC120,1,0,Insulin
INSR,PK,"Postprandial change in and AUC for ADMA (after BF, LU, DI)",1,0,Insulin
INSR,PK,postprandial dynamics of intact proinsulin secretion after standardized test meals (AUC for two hours after dinner),1,0,Insulin
INSR,PK,"Postprandial increase in and AUC for glucose levels (after BF, LU, DI)",1,0,Insulin
INSR,PK,Pramlintide Area Under the Concentration (AUC) Curve,1,0,Insulin
INSR,PK,Pramlintide Cmax,1,0,Insulin
INSR,PK,Primary pharmacodynamics (PD) endpoint:area under the glucose infusion rate curve (AUCGIR)0-12h,1,0,Insulin
INSR,PK,Primary Pharmacokinetic Endpoint - PK 1,1,0,Insulin
INSR,PK,Primary Pharmacokinetic Endpoint - PK 2,1,0,Insulin
INSR,PK,Primary pharmacokinetics (PK) endpoint: area under the insulin concentration curve(AUCins).0-12h,1,0,Insulin
INSR,PK,Primary pharmacokinetics (PK) endpoint: maximum observed insulin concentration(Cins.max),1,0,Insulin
INSR,PK,Primary PK endpoint: area under the insulin concentration curve(AUCins).0-24h,1,0,Insulin
INSR,PK,Primary PK endpoint: maximum observed insulin concentration(Cins.max),1,0,Insulin
INSR,PK,ratio Сmax/AUC0-t,1,0,Insulin
INSR,PK,Receptor occupancy,1,0,Insulin
INSR,PK,Relationship between inflammatory markers and plasma concentrations of IGF-I and IGFBP-1 during hemodialysis,1,0,Insulin
INSR,PK,ROC curves and the area under the curve (AUC) of the ROC curves,1,0,Insulin
INSR,PK,Secondary PD endpoint: areas under the glucose infusion rate curve(AUCGIR).0-12h,1,0,Insulin
INSR,PK,Secondary PD endpoint: areas under the glucose infusion rate curve(AUCGIR).12-24h,1,0,Insulin
INSR,PK,Secondary pharmacodynamics (PD) endpoint: areas under the glucose infusion rate curve(AUCGIR).0-24h,1,0,Insulin
INSR,PK,Secondary pharmacodynamics (PD) endpoint: areas under the glucose infusion rate curve(AUCGIR).12-24h,1,0,Insulin
INSR,PK,Secondary Pharmacokinetic Endpoint - PK 1,1,0,Insulin
INSR,PK,Secondary Pharmacokinetic Endpoint - PK 2,1,0,Insulin
INSR,PK,Secondary Pharmacokinetic Endpoint - PK 3,1,0,Insulin
INSR,PK,Secondary Pharmacokinetic Endpoint - PK 4,1,0,Insulin
INSR,PK,Secondary Pharmacokinetic Endpoint - PK 5,1,0,Insulin
INSR,PK,Secondary pharmacokinetics (PK) endpoint: area under the insulin concentration-time curve (AUCins).12-24h,1,0,Insulin
INSR,PK,Secondary pharmacokinetics (PK) endpoint: area under the insulin concentration-time curve(AUCins).0-24h,1,0,Insulin
INSR,PK,Secondary pharmacokinetics (PK) endpoint: area under the insulin concentration-time curve(AUCins).0-infinity,1,0,Insulin
INSR,PK,Secondary pharmacokinetics (PK) endpoint: terminal elimination half-life (t½),1,0,Insulin
INSR,PK,Secondary pharmacokinetics (PK) endpoint: time(t) 50%-Insulin (INS)(late),1,0,Insulin
INSR,PK,Secondary pharmacokinetics (PK) endpoint: time(t)50%-Insulin (INS)(early),1,0,Insulin
INSR,PK,Secondary pharmacokinetics (PK) endpoint:terminal elimination rate constant of insulin (λz),1,0,Insulin
INSR,PK,Secondary pharmacokinetics (PK) endpoint:time to maximum observed insulin concentration (tmax.ins),1,0,Insulin
INSR,PK,Secondary PK endpoint,1,0,Insulin
INSR,PK,Secondary PK endpoint: area under the insulin concentration-time curve(AUCins).0-12h,1,0,Insulin
INSR,PK,Secondary PK endpoint: area under the insulin concentration-time curve(AUCins).0-infinity,1,0,Insulin
INSR,PK,Secondary PK endpoint: area under the insulin concentration-time curve(AUCins).12-24h,1,0,Insulin
INSR,PK,Secondary PK endpoint: terminal elimination half-life (t½),1,0,Insulin
INSR,PK,Secondary PK endpoint: time(t)50%-INS(early),1,0,Insulin
INSR,PK,Secondary PK endpoint: time(t)50%-INS(late),1,0,Insulin
INSR,PK,Secondary PK endpoint:terminal elimination rate constant of insulin (λz),1,0,Insulin
INSR,PK,Secondary PK endpoint:time to maximum observed insulin concentration (tmax.ins),1,0,Insulin
INSR,PK,Serum blood glucose area under the curve (AUC) at one 4-hour in-clinic meal challenge,1,0,Insulin
INSR,PK,Steady-state Plasma Concentrations of Insulin Degludec and Insulin Detemir on Three Different Visits (Three Different Weeks) During the First 26 Weeks of Treatment,1,0,Insulin
INSR,PK,Study Period: CGM Area Under the Curve (AUC) With Glucose < 70 mg/dL,1,0,Insulin
INSR,PK,Study Period: CGM AUC With Glucose> 140 mg/dL,1,0,Insulin
INSR,PK,T-INSAUC50%,1,0,Insulin
INSR,PK,tCmax,1,0,Insulin
INSR,PK,The area under the body weight standardized glucose infusion rate curve (GIR) within 36 hours (GIR-AUC0-36),1,0,Insulin
INSR,PK,"The Area Under the Curve Calculation (AUC) (Min*mg/dl) in the PPBG and PPGE,",1,0,Insulin
INSR,PK,The area under the insulin glargine concentration curve within 36 hours (INS-AUC0-36) -,1,0,Insulin
INSR,PK,The AUC of blood glucose within 24 hours before delivery,1,0,Insulin
INSR,PK,The difference in glucagon secretion quantified as the difference in plasma glucagon concentration and incremental baseline-subtracted area under the curve (AUC) for plasma glucagon,1,0,Insulin
INSR,PK,The Event Area Under the Curve (AUC) Was Used to Demonstrate the Reduction of Nocturnal Hypoglycemia With the Low Glucose Suspend (LGS) Feature (LGS ON),1,0,Insulin
INSR,PK,The fractional area under the body weight standardized GIR versus time curve from 0 or y to x hours post administration (GIR-AUC0 or Y to X),1,0,Insulin
INSR,PK,The fractional area under the concentration versus time curve from 0 or y to x hours post administration (INS-AUC0 or Y to X),1,0,Insulin
INSR,PK,The maximum concentration (Cmax),1,0,Insulin
INSR,PK,The maximum observed plasma drug concentration (Cmax) will be assessed (Cohort 1),1,0,Insulin
INSR,PK,The maximum observed plasma drug concentration (Cmax) will be assessed (Cohort 3),1,0,Insulin
INSR,PK,The maximum observed plasma drug concentration (Cmax) will be assessed. (Cohort 2),1,0,Insulin
INSR,PK,The QTcF Profile of Oral Moxifloxacin (400 mg) in Healthy Japanese Versus Caucasian Subjects,1,0,Insulin
INSR,PK,The ratio of area under the glucose infusion rate curve (AUCGIR) 0-5 hours to AUCGIR 0-24 hours,1,0,Insulin
INSR,PK,The relative exposure (Cmax and AUC0-120) of insulin from TI Inhalation Powder as delivered,1,0,Insulin
INSR,PK,the unadjusted 6-hour postprandial blood glucose excursion (AUCBG0-6h) following ingestion of a standardized breakfast,1,0,Insulin
INSR,PK,Time to 20% of AUC (t20%-AUC),1,0,Insulin
INSR,PK,Time to 20% of total GIR-AUC0-12h (t20%-GIR-AUC0-12h),1,0,Insulin
INSR,PK,"Time to 50% Cmax, IAsp, the first time point where the insulin aspart concentration equals 50% of Cmax,IAsp",1,0,Insulin
INSR,PK,Time to 50% of INS-AUC0-36 (T50% INS-AUC0-36),1,0,Insulin
INSR,PK,Time to 50% of the GIR-AUC within 24 h (T50%-GIR AUC0-24),1,0,Insulin
INSR,PK,Time to 50% of the GIR-AUC0-36 (T50%-GIR AUC0-36),1,0,Insulin
INSR,PK,Time to Cmax,1,0,Insulin
INSR,PK,Time to Cmax (Tmax ) for lixisenatide,1,0,Insulin
INSR,PK,"Time to fraction of total glucose AUC(10%, 20%)",1,0,Insulin
INSR,PK,"Time to fraction of total insulin AUC (10%, 20%)",1,0,Insulin
INSR,PK,Time to INS-Cmax (INS-tmax),1,0,Insulin
INSR,PK,"Time to late 50% Cmax,IAsp, the last time point where the insulin aspart concentration equals 50% of Cmax,IAsp",1,0,Insulin
INSR,PK,"Time to minimum plasma concentration, NEFA",1,0,Insulin
INSR,PK,Time to reach 50% of GIR-AUC0-36 (T50%-GIR-AUC0-36),1,0,Insulin
INSR,PK,Time to reach 50% of INS-AUC 0-36,1,0,Insulin
INSR,PK,Time to reach 50% of INS-AUC0-24 (T50%-INS-AUC0-24),1,0,Insulin
INSR,PK,Time to reach at least 50% of GIR-AUC0-24 (T50%-GIR-AUC0-24),1,0,Insulin
INSR,PK,Time to reach INS-Cmax (INS-tmax),1,0,Insulin
INSR,PK,To assess the pharmacokinetics on inhaled human insulin in a subgroup of patients,1,0,Insulin
INSR,PK,"To compare the ppGlucmax for all treatments, the ppTGluc-max, the AUCGluc 0-180 and the AUCGluc 0-360, CGluc-baseline for all treatments.",1,0,Insulin
INSR,PK,"To evaluate the pharmacokinetic disposition of serum insulin and serum fumaryl diketopiperazine following dosing with 30 U T/I, as measured via Area Under the Curve serum insulin and AUC 0-480 min serum FDKP",1,0,Insulin
INSR,PK,To evaluate the pharmacokinetics of intranasal insulin compared to NovoLog,1,0,Insulin
INSR,PK,To measure Serum FDKP AUC,1,0,Insulin
INSR,PK,Total BG-AUC0-4 h,1,0,Insulin
INSR,PK,"ΔAUCBG,0-1h",1,0,Insulin
INSR,PK,"• Cmaxglu: Peak plasma glucose following test meal (breakfast). A comparison will be made between BIAsp 50 vs BIAsp 70, BIAsp 30 vs BIAsp 70, BIAsp 30 vs BIAsp 50 and IAsp vs BIAsp 30, 50 and 70.",1,0,Insulin
INSR,PK,"• Δ SSPIAsp (S.C. /I.V.) • AUC IAsp • Tmax IAsp • Cmax IAsp - Bioequivalence of Iasp under SS (GIR, S-FFA, S-glycerol)",1,0,Insulin
INSR,other_biomarker,Assessment of the Diagnostic Role of Serum Insulin-like Growth Factor Binding Protein-3 as a Potential Biomarker for Colorectal Cancer (CRC) in Egypt,1,0,Insulin
INSR,other_biomarker,Biomarkers of the Perioperative Inflammatory Response,1,0,Insulin
INSR,other_biomarker,Blood biomarkers,1,0,Insulin
INSR,other_biomarker,Cerebral Spinal Fluid (CSF) Biomarkers of AD,1,1,Insulin
INSR,other_biomarker,Cerebral Spinal Fluid (CSF) Biomarkers of AD TTau-P181/Abeta42 Ratio,1,1,Insulin
INSR,other_biomarker,Change from Baseline HAND inflammasome biomarker laboratory result profile,1,1,Insulin
INSR,other_biomarker,Change from Baseline HAND metabolomics biomarker laboratory result profile,1,1,Insulin
INSR,other_biomarker,Change From Baseline in CV Biomarkers - Soluble Tissue Factor (STF),1,0,Insulin
INSR,other_biomarker,Change From Baseline in CV Biomarkers - Thrombin-antithrombin Complexes (Tat-complexes),1,0,Insulin
INSR,other_biomarker,Change From Baseline in CV Biomarkers Adiponectin and Apolipoprotein B (ApoB) at Week 26,1,0,Insulin
INSR,other_biomarker,"difference in change of cardiovascular biomarkers of inflammation, lipid metabolism and NT-proBNP",1,0,Insulin
INSR,other_biomarker,"Evaluate the effectiveness of a CSII vs MDI treatment, between randomization and 6 months, on hepatic biological parameters and non-invasive biomarkers of fatty liver (FLI) and of fibrosis of the liver (FIB-4 and NAFLD S",1,0,Insulin
INSR,other_biomarker,"HbA1C, glycemic variability, glycemic load, insulin secretion after testmeal, free fatty acids, biomarkers of low grade inflammation, endothelial dysfunction.",1,0,Insulin
INSR,other_biomarker,Neurobiological outcome - The effect of the combination of Semaglutide and intranasal insulin on ADRD-blood biomarkers- Aβ.,1,1,Insulin
INSR,other_biomarker,Neurobiological outcome - The effect of the combination of Semaglutide and intranasal insulin on ADRD-blood biomarkers- glial fibrillary acidic protein (GFAP).,1,1,Insulin
INSR,other_biomarker,Neurobiological outcome - The effect of the combination of Semaglutide and intranasal insulin on ADRD-blood biomarkers- T-tau.,1,1,Insulin
INSR,other_biomarker,Percent Change From Baseline in Bone Biomarker Carboxy-Terminal Cross-Linking Telopeptides of Type I Collagen (CTX) at Week 26 (Excluding Bone Rescue Approach),1,0,Insulin
INSR,other_biomarker,Percent Change From Baseline in Bone Biomarker CTX at Week 104 (Excluding Bone Rescue Approach),1,0,Insulin
INSR,other_biomarker,Percent Change From Baseline in Bone Biomarker CTX at Week 52 (Excluding Bone Rescue Approach),1,0,Insulin
INSR,other_biomarker,Percent Change From Baseline in Bone Biomarker P1NP at Week 104 (Excluding Bone Rescue Approach),1,0,Insulin
INSR,other_biomarker,Percent Change From Baseline in Bone Biomarker P1NP at Week 52 (Excluding Bone Rescue Approach),1,0,Insulin
INSR,other_biomarker,Percent Change From Baseline in Bone Biomarker Parathyroid Hormone (PTH) at Week 26 (Excluding Bone Rescue Approach),1,0,Insulin
INSR,other_biomarker,Percent Change From Baseline in Bone Biomarker Procollagen Type I N-terminal Propeptide (P1NP) at Week 26 (Excluding Bone Rescue Approach),1,0,Insulin
INSR,other_biomarker,Percent Change From Baseline in Bone Biomarker PTH at Week 104 (Excluding Bone Rescue Approach),1,0,Insulin
INSR,other_biomarker,Percent Change From Baseline in Bone Biomarker PTH at Week 52 (Excluding Bone Rescue Approach),1,0,Insulin
INSR,other_biomarker,Plasma biomarkers of AD,1,1,Insulin
INSR,other_biomarker,Plasma Biomarkers of AD,1,1,Insulin
INSR,other_biomarker,relationship of serum biomarkers of insulin resistance and performance of protocols,1,0,Insulin
INSR,other_biomarker,"Renal damage, measured by urine biomarkers",1,0,Insulin
INSR,other_biomarker,the level of Neurocognitive biomarkers,1,1,Insulin
INSR,other_biomarker,To evaluate the presence of blood biomarkers that correlate with the evolution of α-cell function. (WP1),1,0,Insulin
INSR,other_biomarker,Urine biomarkers,1,0,Insulin
MAOA,genomic,HIF-1alpha Expression in CTC (Circulating Tumor Cells) as a Potential Measure of MAO Activity,1,0,Phenelzine
MAOA,genomic,MAOA Expression in CTC (Circulating Tumor Cells) and Comparison to Biopsy MAOA Expression,1,0,Phenelzine
MAOA,PK,Abraxane AUC,1,0,Phenelzine
MAOA,PK,Abraxane Cmax,1,0,Phenelzine
MAOA,PK,CC1084037 Pharmacokinetics: AUC0-24,1,0,Phenelzine
MAOA,PK,CC1084037 Pharmacokinetics: Cmax,1,0,Phenelzine
MAOA,PK,CC1084037 Pharmacokinetics: Cmin,1,0,Phenelzine
MAOA,PK,CC1084037 Pharmacokinetics: Ctrough,1,0,Phenelzine
MAOA,PK,CC1084037 Pharmacokinetics: Tmax,1,0,Phenelzine
MAOA,PK,CC112273 Pharmacokinetics: AUC0-24,1,0,Phenelzine
MAOA,PK,CC112273 Pharmacokinetics: Cmax,1,0,Phenelzine
MAOA,PK,CC112273 Pharmacokinetics: Cmin,1,0,Phenelzine
MAOA,PK,CC112273 Pharmacokinetics: Ctrough,1,0,Phenelzine
MAOA,PK,CC112273 Pharmacokinetics: Tmax,1,0,Phenelzine
MAOA,PK,Nardil AUC,1,0,Phenelzine
MAOA,PK,Nardil Cmax,1,0,Phenelzine
MAOA,PK,Ozanimod Pharmacokinetics: AUC0-24,1,0,Phenelzine
MAOA,PK,Ozanimod Pharmacokinetics: Cmax,1,0,Phenelzine
MAOA,PK,Ozanimod Pharmacokinetics: Cmin,1,0,Phenelzine
MAOA,PK,Ozanimod Pharmacokinetics: Ctrough,1,0,Phenelzine
MAOA,PK,Ozanimod Pharmacokinetics: Tmax,1,0,Phenelzine
MAOA,PK,Pharmacokinetics (PK) effects of TCP in plasma when combined with ATRA,1,0,Tranylcypromine
MAOA,PK,Pharmacokinetics - AUC0-24,1,0,Phenelzine
MAOA,PK,Pharmacokinetics - Cmax,1,0,Phenelzine
MAOA,PK,Pharmacokinetics - Cmin,1,0,Phenelzine
MAOA,PK,Pharmacokinetics - Ctrough,1,0,Phenelzine
MAOA,PK,Pharmacokinetics - Tmax,1,0,Phenelzine
MAOA,PK,Pharmacokinetics for tyramine: Cave,1,0,Phenelzine
MAOB,PK,AUC0-t - Area Under the Plasma Concentration-time Curve From Time 0 to Last Observed Concentration,2,2,Rasagiline
MAOB,imaging,Change in Regional Glucose Metabolism Between Week 24 and Baseline as Measured by 18F-2-fluoro-2-deoxy-D-glucose Positron Emission Tomography (FDG-PET).,1,1,Rasagiline
MAOB,fluid_molecular,Comparison of Baseline plasma BDNF with magnitude of change in brain cognitive biomarkers and MMSE and MoCA scores,1,1,Rasagiline
MAOB,fluid_molecular,Comparison of changes in plasma BDNF with changes in brain cognitive biomarkers and MMSE and MoCA scores,1,1,Rasagiline
MAOB,genomic,HIF-1alpha Expression in CTC (Circulating Tumor Cells) as a Potential Measure of MAO Activity,1,0,Phenelzine
MAOB,genomic,MAOA Expression in CTC (Circulating Tumor Cells) and Comparison to Biopsy MAOA Expression,1,0,Phenelzine
MAOB,PK,Abraxane AUC,1,0,Phenelzine
MAOB,PK,Abraxane Cmax,1,0,Phenelzine
MAOB,PK,"Accumulation Ratio, Based on AUC (Racc,AUC)",1,0,Safinamide
MAOB,PK,"Accumulation Ratio, Based on Cmax (Racc,Cmax)",1,0,Safinamide
MAOB,PK,Area under the concentration-time curve (AUC) from time 0 to dose interval (AUCτ),1,1,Rasagiline
MAOB,PK,Area Under the Concentration-time Curve at Steady State From the Last Dose Administration to the Last Observed Concentration Time t (AUC0-t_ss),1,0,Safinamide
MAOB,PK,Area Under the Concentration-time Curve From Single-dose Administration to the Last Quantifiable Concentration-time t (AUC0-t),1,0,Safinamide
MAOB,PK,Area Under the Concentration-time Curve in the Tau Interval (From Single Dose Administration to 24 h Post Dose) (AUC0-24h),1,0,Safinamide
MAOB,PK,AUC and Cmax of Levodopa,1,1,Safinamide
MAOB,PK,AUC from time 0 to infinity (AUC∞),1,1,Rasagiline
MAOB,PK,AUC from time 0 to the time of the last measurable drug concentration (AUC0-t),1,1,Rasagiline
MAOB,PK,AUC From Time Zero Extrapolated to Infinity (AUC(0-inf)),1,0,Safinamide
MAOB,PK,AUC Over the Dosing Interval at Steady State (AUC0-τ_ss),1,0,Safinamide
MAOB,PK,AUC over the dosing interval at steady state (AUCτ),1,1,Rasagiline
MAOB,PK,AUC0-∞ of safinamide in plasma in groups of subjects with different grades of renal function after a single dose of 50 mg safinamide,1,0,Safinamide
MAOB,PK,AUC0-∞ of safinamide metabolite NW-1153 in plasma,1,0,Safinamide
MAOB,PK,AUC0-∞ of safinamide metabolite NW-1689 acylglucuronide in plasma,1,0,Safinamide
MAOB,PK,AUC0-∞ of safinamide metabolite NW-1689 in plasma,1,0,Safinamide
MAOB,PK,"Average plasma concentration at steady state (Cav,ss)",1,1,Rasagiline
MAOB,PK,Average Safinamide Plasma Concentration at Steady State(Cave_ss),1,0,Safinamide
MAOB,PK,CC1084037 Pharmacokinetics: AUC0-24,1,0,Phenelzine
MAOB,PK,CC1084037 Pharmacokinetics: Cmax,1,0,Phenelzine
MAOB,PK,CC1084037 Pharmacokinetics: Cmin,1,0,Phenelzine
MAOB,PK,CC1084037 Pharmacokinetics: Ctrough,1,0,Phenelzine
MAOB,PK,CC1084037 Pharmacokinetics: Tmax,1,0,Phenelzine
MAOB,PK,CC112273 Pharmacokinetics: AUC0-24,1,0,Phenelzine
MAOB,PK,CC112273 Pharmacokinetics: Cmax,1,0,Phenelzine
MAOB,PK,CC112273 Pharmacokinetics: Cmin,1,0,Phenelzine
MAOB,PK,CC112273 Pharmacokinetics: Ctrough,1,0,Phenelzine
MAOB,PK,CC112273 Pharmacokinetics: Tmax,1,0,Phenelzine
MAOB,PK,Cmax,1,1,Rasagiline
MAOB,PK,Cmax - Maximum Observed Plasma Concentration,1,1,Rasagiline
MAOB,PK,Cmax - Maximum Observed Plasma Drug Concentration,1,1,Rasagiline
MAOB,PK,Cmax of safinamide in plasma in groups of subjects with different grades of renal function after a single dose of 50 mg safinamide,1,0,Safinamide
MAOB,PK,Cmax of safinamide metabolite NW-1153 in plasma,1,0,Safinamide
MAOB,PK,Cmax of safinamide metabolite NW-1689 acylglucuronide in plasma,1,0,Safinamide
MAOB,PK,Cmax of safinamide metabolite NW-1689 in plasma,1,0,Safinamide
MAOB,PK,Dose Proportionality of PK parameters and EMSAM release characteristics.,1,0,Selegiline
MAOB,PK,Evaluate Diclofenac Rate of Absorption Reported as Plasma Cmax After Single Administration of 50 mg Diclofenac With and Without 200 mg of Safinamide.,1,0,Safinamide
MAOB,PK,maximum observed concentration (Cmax),1,1,Rasagiline
MAOB,PK,Maximum Safinamide Plasma Concentration (Cmax),1,0,Safinamide
MAOB,PK,Maximum Safinamide Plasma Concentration at Steady State (Cmax_ss),1,0,Safinamide
MAOB,PK,Mean AUC of Betahistine,1,0,Selegiline
MAOB,PK,"Minimum measured plasma concentration at steady state by inspection (Cmin,ss)",1,1,Rasagiline
MAOB,PK,Nardil AUC,1,0,Phenelzine
MAOB,PK,Nardil Cmax,1,0,Phenelzine
MAOB,PK,Ozanimod Pharmacokinetics: AUC0-24,1,0,Phenelzine
MAOB,PK,Ozanimod Pharmacokinetics: Cmax,1,0,Phenelzine
MAOB,PK,Ozanimod Pharmacokinetics: Cmin,1,0,Phenelzine
MAOB,PK,Ozanimod Pharmacokinetics: Ctrough,1,0,Phenelzine
MAOB,PK,Ozanimod Pharmacokinetics: Tmax,1,0,Phenelzine
MAOB,PK,Peak-trough Fluctuation Over One Dosing Interval at Steady-state (DF%),1,0,Safinamide
MAOB,PK,Percentage extrapolated AUC (%AUCext),1,1,Rasagiline
MAOB,PK,Percentage of AUC(0-inf) Obtained by Extrapolation (%AUCex),1,0,Safinamide
MAOB,PK,Pharmacokinetic (PK) AUC determination of rasagiline and its metabolite 1-aminoindan (1-AI),1,1,Rasagiline
MAOB,PK,pharmacokinetic assessment,1,0,Selegiline
MAOB,PK,Pharmacokinetics (PK) effects of TCP in plasma when combined with ATRA,1,0,Tranylcypromine
MAOB,PK,Pharmacokinetics - AUC0-24,1,0,Phenelzine
MAOB,PK,Pharmacokinetics - Cmax,1,0,Phenelzine
MAOB,PK,Pharmacokinetics - Cmin,1,0,Phenelzine
MAOB,PK,Pharmacokinetics - Ctrough,1,0,Phenelzine
MAOB,PK,Pharmacokinetics - Tmax,1,0,Phenelzine
MAOB,PK,Pharmacokinetics for tyramine: Cave,1,0,Phenelzine
MAOB,PK,Pharmacokinetics of safinamide after single dose administration (AUC),1,0,Safinamide
MAOB,PK,Pharmacokinetics of safinamide after single dose administration (Cmax),1,0,Safinamide
MAOB,PK,Pharmacokinetics of safinamide metabolite NW1153 (AUC),1,0,Safinamide
MAOB,PK,Pharmacokinetics of safinamide metabolite NW1153 (Cmax),1,0,Safinamide
MAOB,PK,Pharmacokinetics of safinamide metabolite NW1689 (AUC),1,0,Safinamide
MAOB,PK,Pharmacokinetics of safinamide metabolite NW1689 (Cmax),1,0,Safinamide
MAOB,PK,PK Cmax determination of rasagiline and its metabolite 1-aminoindan (1-AI),1,1,Rasagiline
MAOB,PK,Plasma Pharmacokinetic-AUC 0-t,1,0,Selegiline
MAOB,PK,Plasma Pharmacokinetic-AUC 0-∞,1,0,Selegiline
MAOB,PK,Plasma Pharmacokinetic-Cmax,1,0,Selegiline
MAOB,PK,Plasma Pharmacokinetic-MTR,1,0,Selegiline
MAOB,PK,Plasma Pharmacokinetic-T1/2,1,0,Selegiline
MAOB,PK,Plasma Pharmacokinetic-Tlag,1,0,Selegiline
MAOB,PK,Plasma Pharmacokinetic-Tmax,1,0,Selegiline
MAOB,PK,Plasma Pharmacokinetic-λz (Lambda z),1,0,Selegiline
MAOB,PK,Steady-state trough concentration (Css_min),1,1,Rasagiline
MAOB,PK,The percent change from baseline to steady state (end of dosing period for 100 mg daily safinamide doses) on quantitative determinations of occupancy of the dopamine transporter in striatum as determined by [123|] ß-CIT ,1,1,Safinamide
MAOB,PK,The percent change from baseline to steady state (end of dosing period for 200 mg daily safinamide doses) on quantitative determinations of occupancy of the dopamine transporter in striatum as determined by [123|] ß-CIT ,1,1,Safinamide
MAOB,PK,The percent change from baseline to steady state (end of dosing period for 300 mg daily safinamide doses) on quantitative determinations of occupancy of the dopamine transporter in striatum as determined by [123|] ß-CIT ,1,1,Safinamide
MAOB,PK,Time Corresponding to Occurrence of Cmax (Tmax),1,0,Safinamide
MAOB,PK,Time Corresponding to Occurrence of Cmax_ss at Steady State (tmax_ss),1,0,Safinamide
MAOB,PK,Time of Occurrence of Cmax (Tmax),1,1,Rasagiline
MAOB,PK,Tmax - Time of Occurrence of Cmax,1,1,Rasagiline
MAOB,PK,"To Evaluate Plasma Diclofenamic Acid Extent of Exposure Reported as Plasma AUC After Single Administration of 50 mg Diclofenac Sodium, With and Without Co-administration of a Single 200 mg Dose of Safinamide.",1,0,Safinamide
MAOB,PK,Transporter-Mediated Interaction (TMI) between safinamide (investigational drug) and rosuvastatin (selected BCRP substrate) defined as ANOVA comparison between AUC of treatments (co-administration / rosuvastatin alone),1,0,Safinamide
MAOB,PK,Transporter-Mediated Interaction (TMI) between safinamide (investigational drug) and rosuvastatin (selected BCRP substrate) defined as ANOVA comparison between Cmax of treatments (co-administration / rosuvastatin alone),1,0,Safinamide
MAOB,other_biomarker,Change in BCL2/BAX Mitochondrial Biomarkers,1,0,Rasagiline
MAOB,other_biomarker,Change in cognitive biomarkers assessed by DTI,1,1,Rasagiline
MAOB,other_biomarker,Change in JC-1 Mitochondrial Biomarkers,1,0,Rasagiline
MAOB,other_biomarker,Change in Mitotracker Mitochondrial Biomarkers,1,0,Rasagiline
MAOB,other_biomarker,Change in ORAC Mitochondrial Biomarkers,1,0,Rasagiline
MAOB,other_biomarker,Change in Percent Annexin V Mitochondrial Biomarkers,1,0,Rasagiline
MAOB,other_biomarker,Comparison of change in cognitive biomarkers with change in MMSE and MoCA scores,1,1,Rasagiline
RPL14,PK,Ataluren Plasma Concentration,2,0,Ataluren
RPL14,inflammation,Change From Baseline in Clinically Significant Serum Levels of C-Reactive Protein at Day 14 or 15 of Cycles 1 and 2 and Overall Day 56,1,0,Ataluren
RPL14,inflammation,"Change From Baseline in Sputum Markers of Inflammation (Tumor Necrosis Factor-Alpha [TNF-α], Interleukin-8 [IL-8], Transforming Growth Factor Beta 1 [TGF-β1]) at Day 14 or 15 of Cycles 1 and 2 and Overall Day 56",1,0,Ataluren
RPL14,inflammation,Change From Baseline in the Concentration of C-Reactive Protein (CRP) in Serum at Week 48,1,0,Ataluren
RPL14,inflammation,Change From Baseline in the Concentration of Interleukin-8 (IL-8) in Serum and Sputum at Week 48,1,0,Ataluren
RPL14,genomic,Change From Baseline in Nonsense Mutation CFTR mRNA in Nasal Mucosa as Determined by Quantitative Polymerase Chain Reaction (PCR) Assay,1,0,Ataluren
RPL14,genomic,Change From Baseline in Nonsense Mutation CFTR mRNA in Nasal Mucosa as Determined by Quantitative Real-Time Polymerase Chain Reaction (RT-PCR) Assay at Overall Day 42,1,0,Ataluren
RPL14,PK,Area Under the Concentration-Time Curve Between Dosing Interval (AUC0-τ) of Ataluren,1,0,Ataluren
RPL14,PK,Area Under the Concentration-Time Curve From Time 0 to 24 Hours (AUC0-24) of Ataluren,1,0,Ataluren
RPL14,PK,Area Under the Plasma Concentration Time Curve From Time Zero up to 10 Hours After the Morning Dose (AUC0-10hr),1,0,Ataluren
RPL14,PK,Area under the plasma concentration versus time curve (AUC),1,0,Ataluren
RPL14,PK,Change From Baseline in Serum Concentration of Creatine Kinase (CK) at Week 48,1,0,Ataluren
RPL14,PK,Change From Baseline in Serum Concentration of Creatine Kinase (CK) at Week 60,1,0,Ataluren
RPL14,PK,"Corticosteroid Plasma Concentrations as Assessed by a Validated Bioanalytical Method, in Participants Who Received a Daily Corticosteroid Regimen With Prednisone or Deflazacort",1,0,Ataluren
RPL14,PK,Maximum Concentration (Cmax) of Ataluren,1,0,Ataluren
RPL14,PK,Maximum plasma concentration (Cmax),1,0,Ataluren
RPL14,PK,Pharmacokinetics (PK): Time to Maximum Concentration (Tmax) of Ataluren,1,0,Ataluren
RPL14,PK,Pharmacokinetics: Ataluren Plasma Exposure,1,0,Ataluren
RPL14,PK,Pharmacokinetics: Ataluren Plasma Exposure in All Participants,1,0,Ataluren
RPL14,PK,Pharmacokinetics: Ataluren Plasma Exposure in Ambulatory Participants,1,0,Ataluren
RPL14,PK,Pharmacokinetics: Concentration at the End of the First (Morning) Dose Interval (Ctrough6hr),1,0,Ataluren
RPL14,PK,Pharmacokinetics: Maximum Observed Plasma Concentration From Time Zero up to 6 Hours After the Morning Dose (Cmax0-6hr),1,0,Ataluren
RPL14,PK,Pharmacokinetics: Time to Reach Maximum Observed Plasma Concentration From Time Zero up to 6 Hours After the Morning Dose (Tmax0-6hr),1,0,Ataluren
RPL14,PK,PK: Area Under the Concentration Time Curve From Time 0 (Dosing) to 24 Hours (AUC0-24) of Ataluren,1,0,Ataluren
RPL14,PK,PK: Area Under the Plasma Concentration Time Curve (AUC) of Ataluren,1,0,Ataluren
RPL14,PK,PK: Maximum Plasma Concentration (Cmax) of Ataluren,1,0,Ataluren
RPL14,PK,Time to Maximum Plasma Concentration (Tmax) of Ataluren,1,0,Ataluren
RPL14,PK,Trough Ataluren Plasma Concentration,1,0,Ataluren
RPL14,PK,Trough Concentration (Ctrough) of Ataluren,1,0,Ataluren
RPL14,other_biomarker,Identification of prediction biomarkers,1,0,Ataluren
RPL23A,PK,Ataluren Plasma Concentration,2,0,Ataluren
RPL23A,inflammation,Change From Baseline in Clinically Significant Serum Levels of C-Reactive Protein at Day 14 or 15 of Cycles 1 and 2 and Overall Day 56,1,0,Ataluren
RPL23A,inflammation,"Change From Baseline in Sputum Markers of Inflammation (Tumor Necrosis Factor-Alpha [TNF-α], Interleukin-8 [IL-8], Transforming Growth Factor Beta 1 [TGF-β1]) at Day 14 or 15 of Cycles 1 and 2 and Overall Day 56",1,0,Ataluren
RPL23A,inflammation,Change From Baseline in the Concentration of C-Reactive Protein (CRP) in Serum at Week 48,1,0,Ataluren
RPL23A,inflammation,Change From Baseline in the Concentration of Interleukin-8 (IL-8) in Serum and Sputum at Week 48,1,0,Ataluren
RPL23A,genomic,Change From Baseline in Nonsense Mutation CFTR mRNA in Nasal Mucosa as Determined by Quantitative Polymerase Chain Reaction (PCR) Assay,1,0,Ataluren
RPL23A,genomic,Change From Baseline in Nonsense Mutation CFTR mRNA in Nasal Mucosa as Determined by Quantitative Real-Time Polymerase Chain Reaction (RT-PCR) Assay at Overall Day 42,1,0,Ataluren
RPL23A,PK,Area Under the Concentration-Time Curve Between Dosing Interval (AUC0-τ) of Ataluren,1,0,Ataluren
RPL23A,PK,Area Under the Concentration-Time Curve From Time 0 to 24 Hours (AUC0-24) of Ataluren,1,0,Ataluren
RPL23A,PK,Area Under the Plasma Concentration Time Curve From Time Zero up to 10 Hours After the Morning Dose (AUC0-10hr),1,0,Ataluren
RPL23A,PK,Area under the plasma concentration versus time curve (AUC),1,0,Ataluren
RPL23A,PK,Change From Baseline in Serum Concentration of Creatine Kinase (CK) at Week 48,1,0,Ataluren
RPL23A,PK,Change From Baseline in Serum Concentration of Creatine Kinase (CK) at Week 60,1,0,Ataluren
RPL23A,PK,"Corticosteroid Plasma Concentrations as Assessed by a Validated Bioanalytical Method, in Participants Who Received a Daily Corticosteroid Regimen With Prednisone or Deflazacort",1,0,Ataluren
RPL23A,PK,Maximum Concentration (Cmax) of Ataluren,1,0,Ataluren
RPL23A,PK,Maximum plasma concentration (Cmax),1,0,Ataluren
RPL23A,PK,Pharmacokinetics (PK): Time to Maximum Concentration (Tmax) of Ataluren,1,0,Ataluren
RPL23A,PK,Pharmacokinetics: Ataluren Plasma Exposure,1,0,Ataluren
RPL23A,PK,Pharmacokinetics: Ataluren Plasma Exposure in All Participants,1,0,Ataluren
RPL23A,PK,Pharmacokinetics: Ataluren Plasma Exposure in Ambulatory Participants,1,0,Ataluren
RPL23A,PK,Pharmacokinetics: Concentration at the End of the First (Morning) Dose Interval (Ctrough6hr),1,0,Ataluren
RPL23A,PK,Pharmacokinetics: Maximum Observed Plasma Concentration From Time Zero up to 6 Hours After the Morning Dose (Cmax0-6hr),1,0,Ataluren
RPL23A,PK,Pharmacokinetics: Time to Reach Maximum Observed Plasma Concentration From Time Zero up to 6 Hours After the Morning Dose (Tmax0-6hr),1,0,Ataluren
RPL23A,PK,PK: Area Under the Concentration Time Curve From Time 0 (Dosing) to 24 Hours (AUC0-24) of Ataluren,1,0,Ataluren
RPL23A,PK,PK: Area Under the Plasma Concentration Time Curve (AUC) of Ataluren,1,0,Ataluren
RPL23A,PK,PK: Maximum Plasma Concentration (Cmax) of Ataluren,1,0,Ataluren
RPL23A,PK,Time to Maximum Plasma Concentration (Tmax) of Ataluren,1,0,Ataluren
RPL23A,PK,Trough Ataluren Plasma Concentration,1,0,Ataluren
RPL23A,PK,Trough Concentration (Ctrough) of Ataluren,1,0,Ataluren
RPL23A,other_biomarker,Identification of prediction biomarkers,1,0,Ataluren
RPL6,PK,Ataluren Plasma Concentration,2,0,Ataluren
RPL6,inflammation,Change From Baseline in Clinically Significant Serum Levels of C-Reactive Protein at Day 14 or 15 of Cycles 1 and 2 and Overall Day 56,1,0,Ataluren
RPL6,inflammation,"Change From Baseline in Sputum Markers of Inflammation (Tumor Necrosis Factor-Alpha [TNF-α], Interleukin-8 [IL-8], Transforming Growth Factor Beta 1 [TGF-β1]) at Day 14 or 15 of Cycles 1 and 2 and Overall Day 56",1,0,Ataluren
RPL6,inflammation,Change From Baseline in the Concentration of C-Reactive Protein (CRP) in Serum at Week 48,1,0,Ataluren
RPL6,inflammation,Change From Baseline in the Concentration of Interleukin-8 (IL-8) in Serum and Sputum at Week 48,1,0,Ataluren
RPL6,genomic,Change From Baseline in Nonsense Mutation CFTR mRNA in Nasal Mucosa as Determined by Quantitative Polymerase Chain Reaction (PCR) Assay,1,0,Ataluren
RPL6,genomic,Change From Baseline in Nonsense Mutation CFTR mRNA in Nasal Mucosa as Determined by Quantitative Real-Time Polymerase Chain Reaction (RT-PCR) Assay at Overall Day 42,1,0,Ataluren
RPL6,PK,Area Under the Concentration-Time Curve Between Dosing Interval (AUC0-τ) of Ataluren,1,0,Ataluren
RPL6,PK,Area Under the Concentration-Time Curve From Time 0 to 24 Hours (AUC0-24) of Ataluren,1,0,Ataluren
RPL6,PK,Area Under the Plasma Concentration Time Curve From Time Zero up to 10 Hours After the Morning Dose (AUC0-10hr),1,0,Ataluren
RPL6,PK,Area under the plasma concentration versus time curve (AUC),1,0,Ataluren
RPL6,PK,Change From Baseline in Serum Concentration of Creatine Kinase (CK) at Week 48,1,0,Ataluren
RPL6,PK,Change From Baseline in Serum Concentration of Creatine Kinase (CK) at Week 60,1,0,Ataluren
RPL6,PK,"Corticosteroid Plasma Concentrations as Assessed by a Validated Bioanalytical Method, in Participants Who Received a Daily Corticosteroid Regimen With Prednisone or Deflazacort",1,0,Ataluren
RPL6,PK,Maximum Concentration (Cmax) of Ataluren,1,0,Ataluren
RPL6,PK,Maximum plasma concentration (Cmax),1,0,Ataluren
RPL6,PK,Pharmacokinetics (PK): Time to Maximum Concentration (Tmax) of Ataluren,1,0,Ataluren
RPL6,PK,Pharmacokinetics: Ataluren Plasma Exposure,1,0,Ataluren
RPL6,PK,Pharmacokinetics: Ataluren Plasma Exposure in All Participants,1,0,Ataluren
RPL6,PK,Pharmacokinetics: Ataluren Plasma Exposure in Ambulatory Participants,1,0,Ataluren
RPL6,PK,Pharmacokinetics: Concentration at the End of the First (Morning) Dose Interval (Ctrough6hr),1,0,Ataluren
RPL6,PK,Pharmacokinetics: Maximum Observed Plasma Concentration From Time Zero up to 6 Hours After the Morning Dose (Cmax0-6hr),1,0,Ataluren
RPL6,PK,Pharmacokinetics: Time to Reach Maximum Observed Plasma Concentration From Time Zero up to 6 Hours After the Morning Dose (Tmax0-6hr),1,0,Ataluren
RPL6,PK,PK: Area Under the Concentration Time Curve From Time 0 (Dosing) to 24 Hours (AUC0-24) of Ataluren,1,0,Ataluren
RPL6,PK,PK: Area Under the Plasma Concentration Time Curve (AUC) of Ataluren,1,0,Ataluren
RPL6,PK,PK: Maximum Plasma Concentration (Cmax) of Ataluren,1,0,Ataluren
RPL6,PK,Time to Maximum Plasma Concentration (Tmax) of Ataluren,1,0,Ataluren
RPL6,PK,Trough Ataluren Plasma Concentration,1,0,Ataluren
RPL6,PK,Trough Concentration (Ctrough) of Ataluren,1,0,Ataluren
RPL6,other_biomarker,Identification of prediction biomarkers,1,0,Ataluren
RPS8,PK,Ataluren Plasma Concentration,2,0,Ataluren
RPS8,inflammation,Change From Baseline in Clinically Significant Serum Levels of C-Reactive Protein at Day 14 or 15 of Cycles 1 and 2 and Overall Day 56,1,0,Ataluren
RPS8,inflammation,"Change From Baseline in Sputum Markers of Inflammation (Tumor Necrosis Factor-Alpha [TNF-α], Interleukin-8 [IL-8], Transforming Growth Factor Beta 1 [TGF-β1]) at Day 14 or 15 of Cycles 1 and 2 and Overall Day 56",1,0,Ataluren
RPS8,inflammation,Change From Baseline in the Concentration of C-Reactive Protein (CRP) in Serum at Week 48,1,0,Ataluren
RPS8,inflammation,Change From Baseline in the Concentration of Interleukin-8 (IL-8) in Serum and Sputum at Week 48,1,0,Ataluren
RPS8,genomic,Change From Baseline in Nonsense Mutation CFTR mRNA in Nasal Mucosa as Determined by Quantitative Polymerase Chain Reaction (PCR) Assay,1,0,Ataluren
RPS8,genomic,Change From Baseline in Nonsense Mutation CFTR mRNA in Nasal Mucosa as Determined by Quantitative Real-Time Polymerase Chain Reaction (RT-PCR) Assay at Overall Day 42,1,0,Ataluren
RPS8,PK,Area Under the Concentration-Time Curve Between Dosing Interval (AUC0-τ) of Ataluren,1,0,Ataluren
RPS8,PK,Area Under the Concentration-Time Curve From Time 0 to 24 Hours (AUC0-24) of Ataluren,1,0,Ataluren
RPS8,PK,Area Under the Plasma Concentration Time Curve From Time Zero up to 10 Hours After the Morning Dose (AUC0-10hr),1,0,Ataluren
RPS8,PK,Area under the plasma concentration versus time curve (AUC),1,0,Ataluren
RPS8,PK,Change From Baseline in Serum Concentration of Creatine Kinase (CK) at Week 48,1,0,Ataluren
RPS8,PK,Change From Baseline in Serum Concentration of Creatine Kinase (CK) at Week 60,1,0,Ataluren
RPS8,PK,"Corticosteroid Plasma Concentrations as Assessed by a Validated Bioanalytical Method, in Participants Who Received a Daily Corticosteroid Regimen With Prednisone or Deflazacort",1,0,Ataluren
RPS8,PK,Maximum Concentration (Cmax) of Ataluren,1,0,Ataluren
RPS8,PK,Maximum plasma concentration (Cmax),1,0,Ataluren
RPS8,PK,Pharmacokinetics (PK): Time to Maximum Concentration (Tmax) of Ataluren,1,0,Ataluren
RPS8,PK,Pharmacokinetics: Ataluren Plasma Exposure,1,0,Ataluren
RPS8,PK,Pharmacokinetics: Ataluren Plasma Exposure in All Participants,1,0,Ataluren
RPS8,PK,Pharmacokinetics: Ataluren Plasma Exposure in Ambulatory Participants,1,0,Ataluren
RPS8,PK,Pharmacokinetics: Concentration at the End of the First (Morning) Dose Interval (Ctrough6hr),1,0,Ataluren
RPS8,PK,Pharmacokinetics: Maximum Observed Plasma Concentration From Time Zero up to 6 Hours After the Morning Dose (Cmax0-6hr),1,0,Ataluren
RPS8,PK,Pharmacokinetics: Time to Reach Maximum Observed Plasma Concentration From Time Zero up to 6 Hours After the Morning Dose (Tmax0-6hr),1,0,Ataluren
RPS8,PK,PK: Area Under the Concentration Time Curve From Time 0 (Dosing) to 24 Hours (AUC0-24) of Ataluren,1,0,Ataluren
RPS8,PK,PK: Area Under the Plasma Concentration Time Curve (AUC) of Ataluren,1,0,Ataluren
RPS8,PK,PK: Maximum Plasma Concentration (Cmax) of Ataluren,1,0,Ataluren
RPS8,PK,Time to Maximum Plasma Concentration (Tmax) of Ataluren,1,0,Ataluren
RPS8,PK,Trough Ataluren Plasma Concentration,1,0,Ataluren
RPS8,PK,Trough Concentration (Ctrough) of Ataluren,1,0,Ataluren
RPS8,other_biomarker,Identification of prediction biomarkers,1,0,Ataluren
SLC18A2,imaging,[18F]FDOPA Ki values,1,0,Dextroamphetamine
SLC18A2,PK,Area Under the Plasma Concentration Time Curve (AUC) of lisdexamfetamine,1,0,Lisdexamfetamine
SLC18A2,PK,Area under the plasma concentration versus time curve from the zero time point to the last quantifiable concentration (AUCt),1,0,Lisdexamfetamine
SLC18A2,PK,Area Under the Plasma Concentration-time Curve (AUC) for Lisdexamfetamine Dimesylate,1,0,Lisdexamfetamine
SLC18A2,PK,Area Under the Steady-state Plasma Concentration-time Curve (AUC) of d-Amphetamine for Vyvanse and Adderall XR Alone and in Combination With Prilosec OTC,1,0,Lisdexamfetamine
SLC18A2,PK,Area Under the Steady-state Plasma Concentration-time Curve (AUC) of Lisdexamfetamine Dimesylate on Day 5: 100 mg,1,0,Lisdexamfetamine
SLC18A2,PK,Area Under the Steady-state Plasma Concentration-time Curve (AUC) of Lisdexamfetamine Dimesylate on Day 5: 150 mg,1,0,Lisdexamfetamine
SLC18A2,PK,Area Under the Steady-state Plasma Concentration-time Curve (AUC) of Lisdexamfetamine Dimesylate on Day 5: 200 mg,1,0,Lisdexamfetamine
SLC18A2,PK,Area Under the Steady-state Plasma Concentration-time Curve (AUC) of Lisdexamfetamine Dimesylate on Day 5: 250 mg,1,0,Lisdexamfetamine
SLC18A2,PK,Area Under the Steady-state Plasma Concentration-time Curve (AUC) of Lisdexamfetamine Dimesylate on Day 5: 50 mg,1,0,Lisdexamfetamine
SLC18A2,PK,Area Under the Steady-state Plasma Concentration-time Curve (AUC) of Lisdexamfetamine Dimesylate on Day 5: 70 mg,1,0,Lisdexamfetamine
SLC18A2,PK,AUC for D-amphetamine,1,0,Lisdexamfetamine
SLC18A2,PK,AUC of l-Amphetamine for Adderall XR Alone and in Combination With Prilosec OTC,1,0,Lisdexamfetamine
SLC18A2,PK,AUC of Total Amphetamine for Adderall XR Alone and in Combination With Prilosec OTC,1,0,Lisdexamfetamine
SLC18A2,PK,Cmax for D-amphetamine,1,0,Lisdexamfetamine
SLC18A2,PK,Cmax of l-Amphetamine for Adderall XR Alone and in Combination With Prilosec OTC,1,0,Lisdexamfetamine
SLC18A2,PK,Cmax of Total Amphetamine for Adderall XR Alone and in Combination With Prilosec OTC,1,0,Lisdexamfetamine
SLC18A2,PK,Compare area under the curve (AUC) of dex and lisdex,1,0,Lisdexamfetamine
SLC18A2,PK,Compare maximum plasma concentration (Cmax) between lisdex and dex,1,0,Lisdexamfetamine
SLC18A2,PK,Compare time to reach maximum plasma concentration (Tmax) between lisdex and dex,1,0,Lisdexamfetamine
SLC18A2,PK,Lisdexamphetamine concentration in blood serum (area under curve (AUC)),1,0,Lisdexamfetamine
SLC18A2,PK,Maximum Concentration (Cmax) of lisdexamfetamine,1,0,Lisdexamfetamine
SLC18A2,PK,Maximum measured plasma concentration (Cmax),1,0,Lisdexamfetamine
SLC18A2,PK,Maximum Plasma Concentration (Cmax) for Lisdexamfetamine Dimesylate,1,0,Lisdexamfetamine
SLC18A2,PK,Maximum Plasma Concentration (Cmax) of d-Amphetamine for Vyvanse and Adderall XR Alone and in Combination With Prilosec OTC,1,0,Lisdexamfetamine
SLC18A2,PK,Maximum Plasma Concentration (Cmax) of Lisdexamfetamine Dimesylate on Day 5: 100 mg,1,0,Lisdexamfetamine
SLC18A2,PK,Maximum Plasma Concentration (Cmax) of Lisdexamfetamine Dimesylate on Day 5: 150 mg,1,0,Lisdexamfetamine
SLC18A2,PK,Maximum Plasma Concentration (Cmax) of Lisdexamfetamine Dimesylate on Day 5: 200 mg,1,0,Lisdexamfetamine
SLC18A2,PK,Maximum Plasma Concentration (Cmax) of Lisdexamfetamine Dimesylate on Day 5: 250 mg,1,0,Lisdexamfetamine
SLC18A2,PK,Maximum Plasma Concentration (Cmax) of Lisdexamfetamine Dimesylate on Day 5: 50 mg,1,0,Lisdexamfetamine
SLC18A2,PK,Maximum Plasma Concentration (Cmax) of Lisdexamfetamine Dimesylate on Day 5: 70 mg,1,0,Lisdexamfetamine
SLC18A2,PK,Pharmacokinetics,1,0,Lisdexamfetamine
SLC18A2,PK,Plasma concentration of D-amphetamine,1,0,Lisdexamfetamine
SLC18A2,PK,The area under the plasma concentration versus time curve from zero to infinity (AUCi),1,0,Lisdexamfetamine
SLC18A2,PK,Time of Maximum Plasma Concentration (Tmax) of d-Amphetamine for Vyvanse and Adderall XR Alone and in Combination With Prilosec OTC,1,0,Lisdexamfetamine
SLC18A2,PK,Time of the maximum measured plasma concentration (Tmax),1,0,Lisdexamfetamine
SLC18A2,other_biomarker,"Change From Baseline in CSFQ-14 Total Scores for Females at Week 9, LOCF",1,0,Lisdexamfetamine
SLC18A2,other_biomarker,Quantification of Dopamine Transporter Levels,1,0,Dextroamphetamine
SLC6A3,PK,Cmax,5,0,Bupropion; Dexmethylphenidate; Methylphenidate; Modafinil
SLC6A3,PK,Maximum Observed Plasma Concentration (Cmax),3,0,Amphetamine; Bupropion; Modafinil
SLC6A3,PK,Area Under the Plasma Concentration-Time Curve From Time Zero to Infinite Time (AUC [0-infinity]),2,0,Bupropion
SLC6A3,PK,AUC(0-inf),2,0,Bupropion; Methylphenidate
SLC6A3,PK,AUC(0-t),2,0,Bupropion; Methylphenidate
SLC6A3,PK,AUC0-inf (Area Under the Concentration-time Curve From Time Zero to Infinity),2,0,Dexmethylphenidate; Methylphenidate
SLC6A3,PK,AUC0-t (Area Under the Concentration-time Curve From Time Zero to Time of Last Measurable Concentration),2,0,Dexmethylphenidate; Methylphenidate
SLC6A3,PK,Cmax (Maximum Observed Concentration),2,0,Dexmethylphenidate; Methylphenidate
SLC6A3,PK,Maximum Plasma Concentration (Cmax),2,0,Amphetamine; Bupropion
SLC6A3,PK,Partial AUC,2,0,Dexmethylphenidate; Methylphenidate
SLC6A3,PK,Pharmacokinetic parameter (AUC0-inf),2,0,Dexmethylphenidate; Methylphenidate
SLC6A3,PK,Pharmacokinetic parameter (AUC0-last),2,0,Dexmethylphenidate; Methylphenidate
SLC6A3,PK,Pharmacokinetic parameter (Cmax),2,0,Dexmethylphenidate; Methylphenidate
SLC6A3,PK,Pharmacokinetic parameter Cl/F,2,0,Dexmethylphenidate; Methylphenidate
SLC6A3,PK,Pharmacokinetic parameter K,2,0,Dexmethylphenidate; Methylphenidate
SLC6A3,PK,Pharmacokinetic parameter T 1/2,2,0,Dexmethylphenidate; Methylphenidate
SLC6A3,PK,Pharmacokinetic parameter T lag,2,0,Dexmethylphenidate; Methylphenidate
SLC6A3,PK,Pharmacokinetic parameter T max,2,0,Dexmethylphenidate; Methylphenidate
SLC6A3,PK,Pharmacokinetic parameter Vd/F,2,0,Dexmethylphenidate; Methylphenidate
SLC6A3,PK,Time to Reach Maximum Observed Plasma Concentration (Tmax),2,0,Amphetamine; Bupropion
SLC6A3,imaging,5-HT Transporter Binding as Measured During the PET Scan,1,0,Amphetamine
SLC6A3,imaging,[18F]FDOPA Ki values,1,0,Amphetamine; Dextroamphetamine
SLC6A3,imaging,DAT occupancy from PET scan results,1,0,Methylphenidate
SLC6A3,imaging,Dopamine D2/D3 Receptor Binding as Measured During the PET Scan After Amphetamine Administration,1,0,Amphetamine
SLC6A3,imaging,Percent Change in Binding Potential of Dopamine Release During PET Scan Post Amphetamine Administration,1,0,Amphetamine
SLC6A3,imaging,The DAT receptor occupancy of OROS MPH and Metadate CD using PET scanning with C-11 Altropane. Objective measures also provided by d and l ritalinic acid and methylphenidate levels at pre-dose through hour 10.,1,0,Methylphenidate
SLC6A3,imaging,"The DAT receptor occupancy of OROS MPH and Metadate CD using PET scanning with C-11 Altropane. Objective measures also provided by d and l ritalinic acid and methylphenidate levels at pre-dose, hr 9, 10 and 11.",1,0,Methylphenidate
SLC6A3,imaging,"The DAT receptor occupancy of OROS MPH and MPH IR using PET scanning with C-11 altropane. Objective measures also provided by d and l ritalinic acid and methylphenidate levels at pre-dose, hour 4, 5 and 6.",1,0,Methylphenidate
SLC6A3,fluid_molecular,"Determine if fatigue reduction, correlates with improvement in quality of life of subjects with Post-Polio Syndrome. Investigate the pathophysiology of Post-Polio Syndrome by the study of serum and CSF for evidence of in",1,0,Modafinil
SLC6A3,inflammation,"Biomarkers of Sleep Loss (HbA1c, fructosamine, insulin, glucose, cortisol thyrotropic axis function, lipid metabolism, leptin, ghrelin and cytokine signaling)",1,0,Modafinil
SLC6A3,inflammation,C-reactive Protein,1,0,Bupropion
SLC6A3,inflammation,Change in plasma concentration of inflammatory marker IL-6,1,0,Bupropion
SLC6A3,inflammation,Change in plasma concentration of inflammatory marker TNF-α,1,0,Bupropion
SLC6A3,inflammation,cytokine blood levels,1,0,Modafinil
SLC6A3,inflammation,High sensitivity C-reactive protein,1,0,Bupropion
SLC6A3,inflammation,Inflammatory Cytokines,1,0,Bupropion
SLC6A3,inflammation,Optional Sub-study. Validity and Reliability of Capillary Blood CRP Measurement,1,0,Bupropion
SLC6A3,inflammation,Plasma cytokine levels,1,0,Methylphenidate
SLC6A3,inflammation,Systemic Inflammation (Plasma Pro-inflammatory Cytokine Levels),1,0,Amphetamine; Methamphetamine
SLC6A3,inflammation,Systemic inflammation measured by C-reactive protein levels,1,0,Bupropion; Diethylpropion
SLC6A3,inflammation,"To assess whether cytokine levels (IL-2, IL-6, IL-10, TNF-α, and TGF-α) correlate with circadian patterns in wrist actigraphy and self-described reports of fatigue as measured by the FACT-Fatigue at baseline and study co",1,0,Armodafinil; Modafinil
SLC6A3,inflammation,"To evaluate whether measured cytokines (IL-2, IL-6, IL-10, TNF-α, and TGF-α) are elevated at baseline.",1,0,Armodafinil; Modafinil
SLC6A3,inflammation,"To evaluate whether measured cytokines (IL-2, IL-6, IL-10, TNF-α, and TGF-α) change from the time of study entry to study completion.",1,0,Armodafinil; Modafinil
SLC6A3,genomic,Gene expression,1,0,Methylphenidate
SLC6A3,genomic,Host Gene Expression (RNA Sequencing) in Peripheral Blood,1,0,Amphetamine; Methamphetamine
SLC6A3,PK,Area under concentration-curve from time 0 to the last quantifiable concentration (AUClast),1,0,Bupropion
SLC6A3,PK,Area under concentration-time curve from time 0 to infinity (AUCinf),1,0,Bupropion
SLC6A3,PK,Area under concentration-time curve in the dose interval (AUCtau),1,0,Bupropion
SLC6A3,PK,Area Under Concentration-Time Curve up to Last Non-zero Value (AUC0-tn) of Hydroxybupropion,1,0,Bupropion
SLC6A3,PK,Area under the capillary blood concentration-time curve (AUC) of bupropion,1,0,Bupropion
SLC6A3,PK,Area under the capillary blood concentration-time curve (AUC) of caffeine,1,0,Bupropion
SLC6A3,PK,Area under the capillary blood concentration-time curve (AUC) of dextromethorphan,1,0,Bupropion
SLC6A3,PK,Area under the capillary blood concentration-time curve (AUC) of fexofenadine,1,0,Bupropion
SLC6A3,PK,Area under the capillary blood concentration-time curve (AUC) of flurbiprofen,1,0,Bupropion
SLC6A3,PK,Area under the capillary blood concentration-time curve (AUC) of midazolam,1,0,Bupropion
SLC6A3,PK,Area under the capillary blood concentration-time curve (AUC) of omeprazole,1,0,Bupropion
SLC6A3,PK,Area under the concentration versus time curve (AUC),1,0,Amphetamine; Methamphetamine
SLC6A3,PK,Area Under the Concentration Versus Time Curve (AUC) of LY3154207,1,0,Modafinil
SLC6A3,PK,Area under the concentration vs. time curve (AUC) of Psilocybin and metabolites,1,0,Amphetamine; Methamphetamine
SLC6A3,PK,Area under the concentration-time curve (AUC 0-24 h) of MDMA in plasma concentrations,1,0,Amphetamine; Methamphetamine
SLC6A3,PK,Area under the concentration-time curve (AUC 0-24 h) of methylone in plasma concentrations,1,0,Amphetamine; Methamphetamine
SLC6A3,PK,Area Under the Concentration-Time Curve (AUC 0-24h),1,0,Amphetamine; Methamphetamine
SLC6A3,PK,Area under the concentration-time curve (AUC 0-24h) of MDMA oral fluid concentrations,1,0,Amphetamine; Methamphetamine
SLC6A3,PK,Area under the concentration-time curve (AUC 0-24h) of methylone oral fluid concentrations,1,0,Amphetamine; Methamphetamine
SLC6A3,PK,Area Under the Concentration-time Curve Extrapolated to Infinite Time (AUC0-∞) of ASP2151,1,0,Bupropion
SLC6A3,PK,Area Under the Concentration-time Curve Extrapolated to Infinite Time (AUC0-∞) of Bupropion,1,0,Bupropion
SLC6A3,PK,Area Under the Concentration-time Curve Extrapolated to Infinite Time (AUC0-∞) of Hydroxybupropion,1,0,Bupropion
SLC6A3,PK,Area under the concentration-time curve of bupropion in plasma over the time interval from 0 extrapolated to infinity (AUC 0-∞),1,0,Bupropion
SLC6A3,PK,Area under the concentration-time curve of midazolam in plasma over the time interval from 0 extrapolated to infinity (AUC 0-∞),1,0,Bupropion
SLC6A3,PK,Area under the concentration-time curve of the analyte in plasma over the time interval from 0 extrapolated to infinity (AUC0-∞),1,0,Bupropion
SLC6A3,PK,Area under the concentration-time curve of the analyte in plasma over the time interval from 0 to the last quantifiable data point (AUC0-tz),1,0,Bupropion
SLC6A3,PK,Area under the concentration-time curve of the caffeine in plasma over the time interval from 0 extrapolated to infinity (AUC 0-∞),1,0,Bupropion
SLC6A3,PK,Area under the concentration-time curve over the dosing interval (AUC [0-tau]) in plasma of Bupropion HCl and its metabolites after repeated dose.,1,0,Bupropion
SLC6A3,PK,Area Under the Concentration-time Curve Over the Dosing Interval (AUC0-tau) of ASP2151,1,0,Bupropion
SLC6A3,PK,"Area Under the Concentration-Time Profile From Time 0 to The Time of The Last Quantifiable Concentration (AUClast) of Plasma Midazolam on Day -7, Day 1, and Day 14",1,0,Bupropion; Modafinil
SLC6A3,PK,Area under the concentration=time curve (AUC) for plasma MK-6552,1,0,Modafinil
SLC6A3,PK,"Area under the curve (AUC) of blood concentrations of MPH and APP, its active metabolite, measured up to 8 hours (T0, T30 minutes, T1h, T2h, T3h, T4h, T6h, T8h) after MPH administration, compared between patients with an",1,0,Methylphenidate
SLC6A3,PK,Area under the Curve (AUC) of dexamphetamine,1,0,Amphetamine
SLC6A3,PK,Area Under the Curve (AUC0-24) Ratio for Racemic Bupropion,1,0,Bupropion
SLC6A3,PK,Area under the curve from 0 to infinity (AUC) of bupropion administered alone,1,0,Bupropion
SLC6A3,PK,Area under the curve from 0 to infinity (AUC) of bupropion after ZX008 administration,1,0,Bupropion
SLC6A3,PK,Area under the curve from 0 to infinity (AUC) of metformin administered alone,1,0,Bupropion
SLC6A3,PK,Area under the curve from 0 to infinity (AUC) of metformin after ZX008 administration,1,0,Bupropion
SLC6A3,PK,Area under the curve from 0 to infinity (AUC) of midazolam administered alone,1,0,Bupropion
SLC6A3,PK,Area under the curve from 0 to infinity (AUC) of midazolam after ZX008 administration,1,0,Bupropion
SLC6A3,PK,Area under the curve from 0 to the time of the last quantifiable concentration AUC(0-t) of bupropion administered alone,1,0,Bupropion
SLC6A3,PK,Area under the curve from 0 to the time of the last quantifiable concentration AUC(0-t) of bupropion after ZX008 administration,1,0,Bupropion
SLC6A3,PK,Area under the curve from 0 to the time of the last quantifiable concentration AUC(0-t) of metformin administered alone,1,0,Bupropion
SLC6A3,PK,Area under the curve from 0 to the time of the last quantifiable concentration AUC(0-t) of metformin after ZX008 administration,1,0,Bupropion
SLC6A3,PK,Area under the curve from 0 to the time of the last quantifiable concentration AUC(0-t) of midazolam administered alone,1,0,Bupropion
SLC6A3,PK,Area under the curve from 0 to the time of the last quantifiable concentration AUC(0-t) of the cocktail of midazolam after ZX008 administration,1,0,Bupropion
SLC6A3,PK,Area Under the Curve From Time Zero to End of Dosing Interval (AUCtau),1,0,Amphetamine
SLC6A3,PK,Area Under the Curve From Time Zero to Extrapolated Infinite Time [AUC (0 - 8)],1,0,Modafinil
SLC6A3,PK,Area Under the Curve Over up to Last No-zero Value (AUC0-tn) of Bupropion,1,0,Bupropion
SLC6A3,PK,area under the drug concentration-time curve (AUC0-t),1,1,Modafinil
SLC6A3,PK,"Area under the plasma concentration - time curve of carvedilol, diclofenac, caffeine, bupropion, repaglinide, flurbiprofen, omeprazole, dextromethorphan, midazolam and simvastatin",1,0,Bupropion
SLC6A3,PK,Area Under the Plasma Concentration AUC0-1h,1,0,Amphetamine
SLC6A3,PK,Area Under the Plasma Concentration AUC0-2h,1,0,Amphetamine
SLC6A3,PK,Area Under the Plasma Concentration AUC0-4h,1,0,Amphetamine
SLC6A3,PK,Area Under the Plasma Concentration AUCinf,1,0,Amphetamine
SLC6A3,PK,Area Under the Plasma Concentration AUCt,1,0,Amphetamine
SLC6A3,PK,Area under the plasma concentration curve (AUCinf),1,0,Methylphenidate
SLC6A3,PK,Area under the plasma concentration curve (AUClast),1,0,Methylphenidate
SLC6A3,PK,Area Under the Plasma Concentration Time Curve (AUC) of lisdexamfetamine,1,0,Lisdexamfetamine
SLC6A3,PK,Area under the plasma concentration versus time curve (AUC) of armodafinil 250 mg,1,0,Armodafinil; Modafinil
SLC6A3,PK,Area under the plasma concentration versus time curve (AUC) of enalapril,1,0,Methylphenidate
SLC6A3,PK,Area under the plasma concentration versus time curve (AUC) of methylphenidate,1,0,Methylphenidate
SLC6A3,PK,"Area under the plasma concentration versus time curve from 0 extrapolated to infinity (AUC0-inf) of bupropion and its metabolite hydroxybupropion, repaglinide, flurbiprofen, omeprazole, midazolam, and rosuvastatin",1,0,Bupropion
SLC6A3,PK,Area under the plasma concentration versus time curve from the zero time point to the last quantifiable concentration (AUCt),1,0,Lisdexamfetamine
SLC6A3,PK,Area Under the Plasma Concentration Versus Time Curve From Time 0 to Infinity (AUCinf) of Bupropion With and Without the Coadministration of ALXN1840,1,0,Bupropion
SLC6A3,PK,"Area under the plasma concentration versus time curve from time 0 to the last quantifiable concentration (AUC0-last) of bupropion and its metabolite hydroxybupropion, repaglinide, flurbiprofen, omeprazole, midazolam, and",1,0,Bupropion
SLC6A3,PK,Area Under the Plasma Concentration Versus Time Curve From Time 0 to the Last Quantifiable Concentration (AUCt) of Bupropion With and Without the Coadministration of ALXN1840,1,0,Bupropion
SLC6A3,PK,Area under the plasma concentration versus time curve(AUC0-t),1,0,Bupropion
SLC6A3,PK,Area under the plasma concentration vs. time curve (AUC) of MDMA and metabolites,1,0,Amphetamine; Methamphetamine
SLC6A3,PK,Area Under the Plasma Concentration-time Curve,1,0,Methylphenidate
SLC6A3,PK,Area Under the Plasma Concentration-time Curve (AUC) for Lisdexamfetamine Dimesylate,1,0,Lisdexamfetamine
SLC6A3,PK,Area under the plasma concentration-time curve from time 0 extrapolated to infinity (AUC(INF)) of BMS-986235,1,0,Bupropion
SLC6A3,PK,Area under the plasma concentration-time curve from time 0 extrapolated to infinity (AUC(INF)) of BMS-986235 with bupropion,1,0,Bupropion
SLC6A3,PK,Area under the plasma concentration-time curve from time 0 extrapolated to infinity (AUC(INF)) of BMS-986235 with fluconazole,1,0,Bupropion
SLC6A3,PK,Area under the plasma concentration-time curve from time 0 extrapolated to infinity (AUC(INF)) of BMS-986235 with itraconazole,1,0,Bupropion
SLC6A3,PK,Area under the plasma concentration-time curve from time 0 to 24 hours (AUC [0-24]) of Bupropion HCl and its metabolites after single dose.,1,0,Bupropion
SLC6A3,PK,Area under the plasma concentration-time curve from time 0 to time of last quantifiable concentration (AUC(0-T)) of BMS-986235,1,0,Bupropion
SLC6A3,PK,Area under the plasma concentration-time curve from time 0 to time of last quantifiable concentration (AUC(0-T)) of BMS-986235 with bupropion,1,0,Bupropion
SLC6A3,PK,Area under the plasma concentration-time curve from time 0 to time of last quantifiable concentration (AUC(0-T)) of BMS-986235 with fluconazole,1,0,Bupropion
SLC6A3,PK,Area under the plasma concentration-time curve from time 0 to time of last quantifiable concentration (AUC(0-T)) of BMS-986235 with itraconazole,1,0,Bupropion
SLC6A3,PK,Area under the plasma concentration-time curve from time zero extrapolated to infinite time (AUC(INF)),1,0,Bupropion
SLC6A3,PK,Area Under the Plasma Concentration-Time Curve From Time Zero to 12 hours (AUC [0-12]),1,0,Bupropion
SLC6A3,PK,Area Under the Plasma Concentration-Time Curve From Time Zero to Infinite Time (AUC [0-last]),1,0,Bupropion
SLC6A3,PK,Area Under the Plasma Concentration-Time Curve From Time Zero to Infinite Time (AUC[0-infinity]) of Bupropion and 4-Hydroxybupropion When Co-administered With Repeat Doses of Ibrutinib Compared to Administration Alone,1,0,Bupropion
SLC6A3,PK,Area Under the Plasma Concentration-Time Curve From Time Zero to Infinite Time (AUC[0-infinity]) of EE and LN When Co-administered With Repeat Doses of Ibrutinib Compared to Administration Alone,1,0,Bupropion
SLC6A3,PK,Area Under the Plasma Concentration-Time Curve From Time Zero to Infinite Time (AUC[0-infinity]) of Midazolam and 1-Hydroxymidazolam When Co-Administered With Repeat Doses of Ibrutinib,1,0,Bupropion
SLC6A3,PK,Area Under the Plasma Concentration-Time Curve From Time Zero to Infinite Time (AUC[0-infinity]) of Midazolam and 1-Hydroxymidazolam When Co-Administered With Single Dose of Ibrutinib,1,0,Bupropion
SLC6A3,PK,Area Under the Plasma Concentration-Time Curve From Time Zero to Last Measurable Concentration (AUC [0-Last]),1,0,Bupropion
SLC6A3,PK,Area Under the Plasma Concentration-Time Curve From Time Zero to Time 't' (AUC[0-t]),1,0,Amphetamine
SLC6A3,PK,Area Under the Plasma Concentration-Time Curve From Time Zero to Time 't' (AUC[0-t]) of Bupropion and 4-Hydroxybupropion When Co-administered With Repeat Doses of Ibrutinib Compared to Administration Alone,1,0,Bupropion
SLC6A3,PK,Area Under the Plasma Concentration-Time Curve From Time Zero to Time 't' (AUC[0-t]) of EE and LN When Co-administered With Repeat Doses of Ibrutinib Compared to Administration Alone,1,0,Bupropion
SLC6A3,PK,Area Under the Plasma Concentration-Time Curve From Time Zero to Time 't' (AUC[0-t]) of Midazolam and 1-Hydroxymidazolam When Co-Administered With Repeat Doses of Ibrutinib,1,0,Bupropion
SLC6A3,PK,Area Under the Plasma Concentration-Time Curve From Time Zero to Time 't' (AUC[0-t]) of Midazolam and 1-Hydroxymidazolam When Co-Administered With Single Dose of Ibrutinib,1,0,Bupropion
SLC6A3,PK,Area under the plasma concentration-time curve from time zero to time of the last quantifiable concentration (AUC(0-T)),1,0,Bupropion
SLC6A3,PK,Area Under the Steady-state Plasma Concentration-time Curve (AUC 0-t) for Methylphenidate Hydrochloride (MPH) Using Two Different Formulations (Equasym XL and Metadate CD),1,0,Methylphenidate
SLC6A3,PK,Area Under the Steady-state Plasma Concentration-time Curve (AUC) of d-Amphetamine for Vyvanse and Adderall XR Alone and in Combination With Prilosec OTC,1,0,Amphetamine; Lisdexamfetamine
SLC6A3,PK,Area Under the Steady-state Plasma Concentration-time Curve (AUC) of Lisdexamfetamine Dimesylate on Day 5: 100 mg,1,0,Lisdexamfetamine
SLC6A3,PK,Area Under the Steady-state Plasma Concentration-time Curve (AUC) of Lisdexamfetamine Dimesylate on Day 5: 150 mg,1,0,Lisdexamfetamine
SLC6A3,PK,Area Under the Steady-state Plasma Concentration-time Curve (AUC) of Lisdexamfetamine Dimesylate on Day 5: 200 mg,1,0,Lisdexamfetamine
SLC6A3,PK,Area Under the Steady-state Plasma Concentration-time Curve (AUC) of Lisdexamfetamine Dimesylate on Day 5: 250 mg,1,0,Lisdexamfetamine
SLC6A3,PK,Area Under the Steady-state Plasma Concentration-time Curve (AUC) of Lisdexamfetamine Dimesylate on Day 5: 50 mg,1,0,Lisdexamfetamine
SLC6A3,PK,Area Under the Steady-state Plasma Concentration-time Curve (AUC) of Lisdexamfetamine Dimesylate on Day 5: 70 mg,1,0,Lisdexamfetamine
SLC6A3,PK,Area Under the Time Curve 0-8hours (AUC0-8h) for Methylphenidate for the Two Exposure Conditions; Methylphenidate and CBD and Methylphenidate and Placebo.,1,0,Methylphenidate
SLC6A3,PK,Area Under the Time Curve 0-infinity (AUCinf) for Methylphenidate for the Two Exposure Conditions for Methylphenidate and CBD and Methylphenidate and Placebo.,1,0,Methylphenidate
SLC6A3,PK,"Areas under concentration-time curve (AUC) for carvedilol, diclofenac, caffeine, bupropion, repaglinide, flurbiprofen, omeprazole, dextromethorphan, midazolam, simvastatin and their metabolites.",1,0,Bupropion
SLC6A3,PK,AUC (infinity) metabolite to parent ratio (MPR AUC [infinity]),1,0,Bupropion
SLC6A3,PK,AUC 0-inf for bupropion,1,0,Bupropion
SLC6A3,PK,AUC 0-inf for metoprolol,1,0,Bupropion
SLC6A3,PK,AUC 0-inf for midazolam,1,0,Bupropion
SLC6A3,PK,AUC 0-t,1,0,Armodafinil; Modafinil
SLC6A3,PK,AUC for D-amphetamine,1,0,Lisdexamfetamine
SLC6A3,PK,AUC of l-Amphetamine for Adderall XR Alone and in Combination With Prilosec OTC,1,0,Amphetamine; Lisdexamfetamine
SLC6A3,PK,AUC of Other Fatigue Scores as Measured by Items of the Brief Fatigue Inventory (BFI) at Baseline and at Weeks 1-4,1,0,Methylphenidate
SLC6A3,PK,AUC of Overall Quality of Life (QOL) and QOL Domains as Measured by the Linear Analogue Self Assessment at Baseline and at Weeks 1-4,1,0,Methylphenidate
SLC6A3,PK,AUC of Sleep Quality as Measured by the Pittsburgh Sleep Quality Index at Baseline and at Weeks 1-4,1,0,Methylphenidate
SLC6A3,PK,AUC of Total Amphetamine for Adderall XR Alone and in Combination With Prilosec OTC,1,0,Amphetamine; Lisdexamfetamine
SLC6A3,PK,AUC of Vitality as Measured by the Short Form-36 Vitality Subscale at Baseline and at Weeks 1-4,1,0,Methylphenidate
SLC6A3,PK,AUC over 1 dosing interval,1,0,Armodafinil; Modafinil
SLC6A3,PK,AUC%Extrap of AR00426032 on Day 1,1,0,Bupropion; Modafinil
SLC6A3,PK,AUC%Extrap of Binimetinib on Day 1,1,0,Bupropion; Modafinil
SLC6A3,PK,AUC%Extrap of Encorafenib on Day 1,1,0,Bupropion; Modafinil
SLC6A3,PK,AUC%Extrap of LHY746 on Day 1,1,0,Bupropion; Modafinil
SLC6A3,PK,"AUC%Extrap of Plasma 5-OH Omeprazole on Day -7, Day 1 and Day 14",1,0,Bupropion; Modafinil
SLC6A3,PK,"AUC%Extrap of Plasma Absolute Caffeine on Day -7, Day 1 and Day 14",1,0,Bupropion; Modafinil
SLC6A3,PK,"AUC%Extrap of Plasma Baseline-Adjusted Caffeine on Day -7, Day 1 and Day 14",1,0,Bupropion; Modafinil
SLC6A3,PK,"AUC%Extrap of Plasma Free 1-OH Midazolam on Day -7, Day 1 and Day 14",1,0,Bupropion; Modafinil
SLC6A3,PK,"AUC%Extrap of Plasma Glucuronide Conjugated 1-Hydroxymidazolam on Day -7, Day 1 and Day 14",1,0,Bupropion; Modafinil
SLC6A3,PK,"AUC%Extrap of Plasma Omeprazole on Day -7, Day 1 and Day 14",1,0,Bupropion; Modafinil
SLC6A3,PK,"AUC%Extrap of Plasma Total 1-OH Midazolam on Day -7, Day 1 and Day 14",1,0,Bupropion; Modafinil
SLC6A3,PK,AUC(0-inf): Area Under the Plasma Concentration-time Curve from Time 0 to Infinity of Metformin Following a Single Dose of Metformin Administered Alone,1,0,Bupropion
SLC6A3,PK,AUC(0-inf): Area Under the Plasma Concentration-time Curve from Time 0 to Infinity of Metformin Following a Single Dose of Metformin and Multiple Doses of naltrexone/bupropion,1,0,Bupropion
SLC6A3,PK,AUC(0-infinity),1,0,Dexmethylphenidate; Methylphenidate
SLC6A3,PK,"AUC(0-tau): Area Under the Plasma Concentration-time Curve during a dosing interval for upropion, naltrexone and their metabolites (6beta-naltrexol, Bupropion, Hydroxybupropion, Threohydrobupropion, and Erythrohydrobupro",1,0,Bupropion
SLC6A3,PK,AUC(Last),1,0,Dexmethylphenidate; Methylphenidate
SLC6A3,PK,AUC(last) metabolite to parent ratio (MPR AUC[last]),1,0,Bupropion
SLC6A3,PK,AUC-(0-inf): Area under the plasma concentration versus time curve extrapolated to infinity time,1,0,Methylphenidate
SLC6A3,PK,AUC/D,1,0,Methylphenidate
SLC6A3,PK,AUC0-24,1,0,Bupropion
SLC6A3,PK,AUC0-T,1,0,Bupropion
SLC6A3,PK,AUC0-∞,1,0,Bupropion
SLC6A3,PK,AUCinf of AR00426032 on Day 1,1,0,Bupropion; Modafinil
SLC6A3,PK,AUCinf of Binimetinib on Day 1,1,0,Bupropion; Modafinil
SLC6A3,PK,AUCinf of Encorafenib on Day 1,1,0,Bupropion; Modafinil
SLC6A3,PK,AUCinf of Hydroxybupropion With and Without the Coadministration of ALXN1840,1,0,Bupropion
SLC6A3,PK,"AUCinf of Plasma 5-OH Omeprazole on Day -7, Day 1 and Day 14",1,0,Bupropion; Modafinil
SLC6A3,PK,"AUCinf of Plasma Bupropion on Day -7, Day 1 and Day 14",1,0,Bupropion; Modafinil
SLC6A3,PK,"AUCinf of Plasma Free 1-OH Midazolam on Day -7, Day 1 and Day 14",1,0,Bupropion; Modafinil
SLC6A3,PK,"AUCinf of Plasma Glucuronide Conjugated 1-Hydroxymidazolam on Day -7, Day 1 and Day 14",1,0,Bupropion; Modafinil
SLC6A3,PK,"AUCinf of Plasma Midazolam on Day -7, Day 1 and Day 14",1,0,Bupropion; Modafinil
SLC6A3,PK,"AUCinf of Plasma Omeprazole on Day -7, Day 1 and Day 14",1,0,Bupropion; Modafinil
SLC6A3,PK,"AUCinf of Plasma Rosuvastatin on Day -7, Day 1 and Day 14",1,0,Bupropion; Modafinil
SLC6A3,PK,"AUCinf of Plasma Total 1-OH Midazolam on Day -7, Day 1 and Day 14",1,0,Bupropion; Modafinil
SLC6A3,PK,AUCinf of Plasma Total Molybdenum With Coadministration of Bupropion,1,0,Bupropion
SLC6A3,PK,AUClast of AR00426032 on Day 1 and Day 14,1,0,Bupropion; Modafinil
SLC6A3,PK,AUClast of AR00426032 on Day 14 and Day 21,1,0,Bupropion; Modafinil
SLC6A3,PK,AUClast of Binimetinib on Day 1 and Day 14,1,0,Bupropion; Modafinil
SLC6A3,PK,AUClast of Binimetinib on Day 14 and Day 21,1,0,Bupropion; Modafinil
SLC6A3,PK,AUClast of Encorafenib on Day 1 and Day 14,1,0,Bupropion; Modafinil
SLC6A3,PK,AUClast of LHY746 on Day 1 and Day 14,1,0,Bupropion; Modafinil
SLC6A3,PK,"AUClast of Plasma 5-OH Omeprazole in Arm 1 on Day -7, Day 1 and Day 14",1,0,Bupropion; Modafinil
SLC6A3,PK,"AUClast of Plasma Absolute Caffeine on Day -7, Day 1, and Day 14",1,0,Bupropion; Modafinil
SLC6A3,PK,"AUClast of Plasma Baseline-Adjusted Caffeine on Day -7, Day 1, and Day 14",1,0,Bupropion; Modafinil
SLC6A3,PK,"AUClast of Plasma Bupropion on Day -7, Day 1 and Day 14",1,0,Bupropion; Modafinil
SLC6A3,PK,AUClast of Plasma Encorafenib on Day 14 and Day 21 in Arm 3,1,0,Bupropion; Modafinil
SLC6A3,PK,"AUClast of Plasma Free 1-OH Midazolam on Day -7, Day 1, and Day 14",1,0,Bupropion; Modafinil
SLC6A3,PK,"AUClast of Plasma Glucuronide Conjugated 1-Hydroxymidazolam on Day -7, Day 1, and Day 14",1,0,Bupropion; Modafinil
SLC6A3,PK,"AUClast of Plasma Hydroxybupropion on Day -7, Day 1 and Day 14",1,0,Bupropion; Modafinil
SLC6A3,PK,AUClast of Plasma LHY746 on Day 14 and Day 21 in Arm 3,1,0,Bupropion; Modafinil
SLC6A3,PK,"AUClast of Plasma Omeprazole on Day -7, Day 1, and Day 14",1,0,Bupropion; Modafinil
SLC6A3,PK,"AUClast of Plasma Paraxanthine on Day -7, Day 1, and Day 14",1,0,Bupropion; Modafinil
SLC6A3,PK,"AUClast of Plasma Rosuvastatin on Day -7, Day 1 and Day 14",1,0,Bupropion; Modafinil
SLC6A3,PK,"AUClast of Plasma Total 1-OH Midazolam on Day -7, Day 1, and Day 14",1,0,Bupropion; Modafinil
SLC6A3,PK,AUClast: Area Under the Plasma Concentration-time Curve From Time 0 to the Time of the Last Quantifiable Concentration for TAK-925 and Its Metabolites M-I and M-II,1,0,Modafinil
SLC6A3,PK,AUCt of Hydroxybupropion With and Without the Coadministration of ALXN1840,1,0,Bupropion
SLC6A3,PK,AUCt of Plasma Total Molybdenum With Coadministration of Bupropion,1,0,Bupropion
SLC6A3,PK,AUC∞: Area Under the Plasma Concentration-time Curve From Time 0 to Infinity for TAK-925 and Its Metabolites M-I and M-II,1,0,Modafinil
SLC6A3,PK,"Average Plasma Concentration at Steady State (Cavg,ss)",1,0,Amphetamine
SLC6A3,PK,Bioequivalence based on AUC and Cmax,1,0,Bupropion
SLC6A3,PK,Bupropion Plasma Concentrations/Area-Under-the-Curve (AUC),1,0,Bupropion
SLC6A3,PK,C-max: Concentration of the Peak in the Plasma Concentration Curve,1,0,Methylphenidate
SLC6A3,PK,Ceoi: Plasma Concentration Observed at the End of Infusion for TAK-925 and Its Metabolites M-I and M-II,1,0,Modafinil
SLC6A3,PK,Changes in fasting serum concentrations of lipids from baseline to Week 12 and Week 24,1,0,Sibutramine
SLC6A3,PK,Cmax for bupropion,1,0,Bupropion
SLC6A3,PK,Cmax for D-amphetamine,1,0,Lisdexamfetamine
SLC6A3,PK,Cmax for metoprolol,1,0,Bupropion
SLC6A3,PK,Cmax for midazolam,1,0,Bupropion
SLC6A3,PK,Cmax metabolite to parent ratio (MPR Cmax),1,0,Bupropion
SLC6A3,PK,Cmax of AR00426032 on Day 1 and Day 14,1,0,Bupropion; Modafinil
SLC6A3,PK,Cmax of AR00426032 on Day 14 and Day 21,1,0,Bupropion; Modafinil
SLC6A3,PK,Cmax of Binimetinib on Day 1 and Day 14,1,0,Bupropion; Modafinil
SLC6A3,PK,Cmax of Binimetinib on Day 14 and Day 21,1,0,Bupropion; Modafinil
SLC6A3,PK,Cmax of Encorafenib on Day 1 and Day 14,1,0,Bupropion; Modafinil
SLC6A3,PK,Cmax of Hydroxybupropion With and Without the Coadministration of ALXN1840,1,0,Bupropion
SLC6A3,PK,Cmax of l-Amphetamine for Adderall XR Alone and in Combination With Prilosec OTC,1,0,Amphetamine; Lisdexamfetamine
SLC6A3,PK,Cmax of LHY746 on Day 1 and Day 14,1,0,Bupropion; Modafinil
SLC6A3,PK,"Cmax of Plasma 5-OH Omeprazole on Day -7, Day 1, and Day 14",1,0,Bupropion; Modafinil
SLC6A3,PK,"Cmax of Plasma Absolute Caffeine on Day -7, Day 1, and Day 14",1,0,Bupropion; Modafinil
SLC6A3,PK,"Cmax of Plasma Baseline-Adjusted Caffeine on Day -7, Day 1, and Day 14",1,0,Bupropion; Modafinil
SLC6A3,PK,"Cmax of Plasma Bupropion on Day -7, Day 1 and Day 14",1,0,Bupropion; Modafinil
SLC6A3,PK,Cmax of Plasma Encorafenib on Day 14 and Day 21 in Arm 3,1,0,Bupropion; Modafinil
SLC6A3,PK,"Cmax of Plasma Free 1-OH Midazolam on Day -7, Day 1, and Day 14",1,0,Bupropion; Modafinil
SLC6A3,PK,"Cmax of Plasma Glucuronide Conjugated 1-Hydroxymidazolam on Day -7, Day 1, and Day 14",1,0,Bupropion; Modafinil
SLC6A3,PK,"Cmax of Plasma Hydroxybupropion on Day -7, Day 1 and Day 14",1,0,Bupropion; Modafinil
SLC6A3,PK,Cmax of Plasma LHY746 on Day 14 and Day 21 in Arm 3,1,0,Bupropion; Modafinil
SLC6A3,PK,"Cmax of Plasma Omeprazole on Day -7, Day 1, and Day 14",1,0,Bupropion; Modafinil
SLC6A3,PK,"Cmax of Plasma Paraxanthine on Day -7, Day 1, and Day 14",1,0,Bupropion; Modafinil
SLC6A3,PK,"Cmax of Plasma Rosuvastatin on Day -7, Day 1 and Day 14",1,0,Bupropion; Modafinil
SLC6A3,PK,"Cmax of Plasma Total 1-OH Midazolam on Day -7, Day 1, and Day 14",1,0,Bupropion; Modafinil
SLC6A3,PK,Cmax of Plasma Total Molybdenum With Coadministration of Bupropion,1,0,Bupropion
SLC6A3,PK,Cmax of Total Amphetamine for Adderall XR Alone and in Combination With Prilosec OTC,1,0,Amphetamine; Lisdexamfetamine
SLC6A3,PK,"Cmax- Maximum Observed Plasma Concentration for Naltrexone, Bupropion, and their Metabolites",1,0,Bupropion
SLC6A3,PK,Cmax/Dose,1,0,Methylphenidate
SLC6A3,PK,Cmax: Maximum Observed Plasma Concentration for Metformin Following a Single Dose of Metformin Administered Alone,1,0,Bupropion
SLC6A3,PK,Cmax: Maximum Observed Plasma Concentration for TAK-925 and Its Metabolites M-I and M-II,1,0,Modafinil
SLC6A3,PK,"Cmax: Maximum Observed Plasma Concentration of bupropion, naltrexone and their metabolites (6beta-naltrexol, Bupropion, Hydroxybupropion, Threohydrobupropion, and Erythrohydrobupropion) following multiple doses of NB alo",1,0,Bupropion
SLC6A3,PK,"Cmax: Maximum Observed Plasma Concentration of bupropion, naltrexone and their metabolites following multiple doses of naltrexone/bupropion and a single dose of metformin",1,0,Bupropion
SLC6A3,PK,Cmax: Maximum Observed Plasma Concentration of Metformin Following a Single Dose of Metformin and multiple Doses of naltrexone/bupropion,1,0,Bupropion
SLC6A3,PK,Cohort 1: Area Under the Plasma Concentration-time Curve From Time Zero Extrapolated to Infinite Time (AUC(INF)) of Probe Substrate With Repotrectinib,1,0,Bupropion
SLC6A3,PK,Cohort 1: Area Under the Plasma Concentration-time Curve From Time Zero to 48 Hours Post Dose (AUC (0-48)) of Metformin With Repotrectinib,1,0,Bupropion
SLC6A3,PK,Cohort 1: Area Under the Plasma Concentration-time Curve From Time Zero to Time of Last Quantifiable Concentration of AUC (0-T) of Probe Substrate With Repotrectinib,1,0,Bupropion
SLC6A3,PK,Cohort 1: AUC (0-48) of Metformin Without Repotrectinib,1,0,Bupropion
SLC6A3,PK,Cohort 1: AUC (0-T) of Probe Substrate Without Repotrectinib,1,0,Bupropion
SLC6A3,PK,Cohort 1: AUC(INF) of Probe Substrate Without Repotrectinib,1,0,Bupropion
SLC6A3,PK,Cohort 1: Cmax of Probe Substrate Without Repotrectinib,1,0,Bupropion
SLC6A3,PK,Cohort 1: Maximum Observed Plasma Concentration (Cmax) of Probe Substrate With Repotrectinib,1,0,Bupropion
SLC6A3,PK,Cohort 2: AUC (0-T) of Probe Substrate With Repotrectinib,1,0,Bupropion
SLC6A3,PK,Cohort 2: AUC (0-T) of Probe Substrate Without Repotrectinib,1,0,Bupropion
SLC6A3,PK,Cohort 2: AUC (INF) of Probe Substrate With Repotrectinib,1,0,Bupropion
SLC6A3,PK,Cohort 2: AUC (INF) of Probe Substrate Without Repotrectinib,1,0,Bupropion
SLC6A3,PK,Cohort 2: Cmax of Probe Substrate With Repotrectinib,1,0,Bupropion
SLC6A3,PK,Cohort 2: Cmax of Probe Substrate Without Repotrectinib,1,0,Bupropion
SLC6A3,PK,Combined AUC for Selected Symptoms,1,0,Armodafinil; Bupropion; Modafinil
SLC6A3,PK,Compare area under the curve (AUC) of dex and lisdex,1,0,Lisdexamfetamine
SLC6A3,PK,Compare maximum plasma concentration (Cmax) between lisdex and dex,1,0,Lisdexamfetamine
SLC6A3,PK,Compare time to reach maximum plasma concentration (Tmax) between lisdex and dex,1,0,Lisdexamfetamine
SLC6A3,PK,Comparision of the Buproprion Area Under the Concentration Time Curve (AUC) From Time 0 to 96 Hours by Type of Formulation and Dosage,1,0,Bupropion
SLC6A3,PK,Comparision of the Buproprion Maximum Concentration (Cmax) by Type of Formulation and Dosage,1,0,Bupropion
SLC6A3,PK,"Determination of the effect of KL1333 on the PK of repaglinide, caffeine, omeprazole, midazolam, bupropion, dextromethorphan, and flurbiprofen in healthy subjects.",1,0,Bupropion
SLC6A3,PK,Dexamphetamine concentration in blood serum (area under curve (AUC)),1,0,Amphetamine
SLC6A3,PK,Differences in the Geometric Mean Ratio (GMR) of the Area Under the Time Curve 0-infinity (AUCinf) for Methylphenidate Will be Compared Between the Two Exposure Conditions; i.e. Methylphenidate + CBD vs Methylphenidate +,1,0,Methylphenidate
SLC6A3,PK,Differences in the Geometric Mean Ratio (GMR) of the Peak Concentration (Cmax) Will be Compared Between the Two Exposure Conditions; i.e. Methylphenidate + CBD vs Methylphenidate + Placebo.,1,0,Methylphenidate
SLC6A3,PK,Dopamine D2 receptor occupancy before and after smoking a cigarette with nicotine,1,0,Bupropion
SLC6A3,PK,Dopamine receptor occupancy,1,0,Bupropion
SLC6A3,PK,Drug plasma concentration,1,1,Amphetamine; Methamphetamine; Methylphenidate
SLC6A3,PK,Efavirenz AUC0-inf (Single Dose) and AUC0-24(Multiple Dose),1,0,Bupropion
SLC6A3,PK,Effect of carvedilol on pharmacokinetics of MDMA,1,0,Amphetamine; Methamphetamine
SLC6A3,PK,Effect of clonidine on pharmacokinetics of MDMA,1,0,Amphetamine; Methamphetamine
SLC6A3,PK,Effect of duloxetine on pharmacokinetics of MDMA,1,0,Amphetamine; Methamphetamine
SLC6A3,PK,Effect of MDMA on clonidine pharmacokinetics,1,0,Amphetamine; Methamphetamine
SLC6A3,PK,Effect of MDMA on duloxetine pharmacokinetics,1,0,Amphetamine; Methamphetamine
SLC6A3,PK,"evaluation of the single-dose PK of repaglinide, caffeine, omeprazole, midazolam, bupropion, dextromethorphan, and flurbiprofen administered alone and in the presence of KL1333 in healthy subjects",1,0,Bupropion
SLC6A3,PK,"Fractional areas under concentration-time curve (AUC) for carvedilol, diclofenac, caffeine, bupropion, repaglinide, flurbiprofen, omeprazole, dextromethorphan, midazolam, simvastatin and their metabolites.",1,0,Bupropion
SLC6A3,PK,GSK189074 Cmax at steady-state when GSK189075 is administered alone and following co-administration with WELLBUTRIN SR.,1,0,Bupropion
SLC6A3,PK,High Dose Modafinil Effect: Area Under the Concentration-Time Curve from Time 0 to 24 hours (AUC0-24hrs) of MK-6552,1,0,Modafinil
SLC6A3,PK,High Dose Modafinil Effect: Area Under the Concentration-Time Curve from Time 0 to Infinity (AUC0-inf) of MK-6552,1,0,Modafinil
SLC6A3,PK,High Dose Modafinil Effect: Maximum Plasma Concentration (Cmax) of MK-6552,1,0,Modafinil
SLC6A3,PK,High Dose Modafinil Effect: Plasma Concentration of MK-6552 at 6 Hours Postdose (C6hrs),1,0,Modafinil
SLC6A3,PK,High Dose Modafinil Effect: Plasma Concentration of MK-6552 at 8 Hours Postdose (C8hrs),1,0,Modafinil
SLC6A3,PK,High Dose Modafinil Effect: Time to Maximum Plasma Concentration (Tmax) of MK-6552,1,0,Modafinil
SLC6A3,PK,Intra-subject sensitivity of Project: EVO cognitive measurements (reaction time based) to the cognitive enhancer and cognitive disruptor relative to the placebo measurements using the area-under-the-curve (AUC) analysis,1,0,Methylphenidate
SLC6A3,PK,Intra-subject sensitivity of Project: EVO cognitive measurements (threshold based) to the cognitive enhancer and cognitive disruptor relative to the placebo measurements using the area-under-the-curve (AUC) analysis,1,0,Methylphenidate
SLC6A3,PK,Isolate and bank the DNA of the subjects for future genotyping of variant alleles that will be identified in this study to be important in methadone pharmacokinetics.,1,0,Bupropion
SLC6A3,PK,Lisdexamphetamine concentration in blood serum (area under curve (AUC)),1,0,Lisdexamfetamine
SLC6A3,PK,Low Dose Modafinil Effect: AUC0-24hrs of MK-6552,1,0,Modafinil
SLC6A3,PK,Low Dose Modafinil Effect: AUC0-inf of MK-6552,1,0,Modafinil
SLC6A3,PK,Low Dose Modafinil Effect: Cmax of MK-6552,1,0,Modafinil
SLC6A3,PK,maximal observed plasma drug concentration (Cmax),1,1,Modafinil
SLC6A3,PK,Maximum concentration (Cmax),1,1,Methylphenidate
SLC6A3,PK,Maximum concentration (Cmax) of bupropion administered alone,1,0,Bupropion
SLC6A3,PK,Maximum concentration (Cmax) of bupropion after ZX008 administration,1,0,Bupropion
SLC6A3,PK,"Maximum concentration (Cmax) of bupropion and its metabolite hydroxybupropion, repaglinide, flurbiprofen, omeprazole, midazolam, and rosuvastatin",1,0,Bupropion
SLC6A3,PK,Maximum Concentration (Cmax) of lisdexamfetamine,1,0,Lisdexamfetamine
SLC6A3,PK,Maximum Concentration (Cmax) of LY3154207,1,0,Modafinil
SLC6A3,PK,Maximum concentration (Cmax) of metformin administered alone,1,0,Bupropion
SLC6A3,PK,Maximum concentration (Cmax) of metformin after ZX008 administration,1,0,Bupropion
SLC6A3,PK,Maximum concentration (Cmax) of midazolam administered alone,1,0,Bupropion
SLC6A3,PK,Maximum concentration (Cmax) of midazolam after ZX008 administration,1,0,Bupropion
SLC6A3,PK,"Maximum Concentration (Cmax) of Plasma Midazolam on Day -7, Day 1, and Day 14",1,0,Bupropion; Modafinil
SLC6A3,PK,Maximum Drug Concentration Observed (Cmax) for Three Methylphenidate Hydrochloride Extended-release Drug Products,1,0,Methylphenidate
SLC6A3,PK,Maximum measured concentration of bupropion in plasma (Cmax),1,0,Bupropion
SLC6A3,PK,Maximum measured concentration of caffeine in plasma (Cmax),1,0,Bupropion
SLC6A3,PK,Maximum measured concentration of midazolam in plasma (Cmax),1,0,Bupropion
SLC6A3,PK,Maximum measured concentration of the analyte in plasma (Cmax),1,0,Bupropion
SLC6A3,PK,Maximum measured plasma concentration (Cmax),1,0,Lisdexamfetamine
SLC6A3,PK,"Maximum methylphenidate plasma concentration (Cmax),",1,0,Methylphenidate
SLC6A3,PK,Maximum observed concentration (Cmax),1,0,Bupropion
SLC6A3,PK,Maximum observed concentration (Cmax) in plasma of Bupropion HCl and its metabolites after single dose.,1,0,Bupropion
SLC6A3,PK,Maximum Observed Plasma Concentration,1,0,Methylphenidate
SLC6A3,PK,Maximum observed plasma concentration (Cmax),1,0,Bupropion
SLC6A3,PK,Maximum Observed Plasma Concentration (Cmax) of Bupropion and 4-Hydroxybupropion When Co-administered With Repeat Doses of Ibrutinib Compared to Administration Alone,1,0,Bupropion
SLC6A3,PK,Maximum Observed Plasma Concentration (Cmax) of Bupropion With and Without the Coadministration of ALXN1840,1,0,Bupropion
SLC6A3,PK,Maximum Observed Plasma Concentration (Cmax) of Ethinylestradiol (EE) and Levonorgestrel (LN) When Co-administered With Repeat Doses of Ibrutinib Compared to Administration Alone,1,0,Bupropion
SLC6A3,PK,Maximum Observed Plasma Concentration (Cmax) of Midazolam and 1-Hydroxymidazolam When Co-Administered With Repeat Doses of Ibrutinib,1,0,Bupropion
SLC6A3,PK,Maximum Observed Plasma Concentration (Cmax) of Midazolam and 1-Hydroxymidazolam When Co-Administered With Single Dose of Ibrutinib,1,0,Bupropion
SLC6A3,PK,Maximum observed plasma drug concentration (Cmax),1,0,Armodafinil; Modafinil
SLC6A3,PK,Maximum observed plasma drug concentration (Cmax) by inspection,1,0,Armodafinil; Modafinil
SLC6A3,PK,Maximum oral fluid concentration (Cmax) of MDMA,1,0,Amphetamine; Methamphetamine
SLC6A3,PK,Maximum oral fluid concentration (Cmax) of methylone,1,0,Amphetamine; Methamphetamine
SLC6A3,PK,Maximum Plasma Concentration (Cmax) for Lisdexamfetamine Dimesylate,1,0,Lisdexamfetamine
SLC6A3,PK,Maximum Plasma Concentration (Cmax) for MPH Using Two Different Formulations (Equasym XL and Metadate CD),1,0,Methylphenidate
SLC6A3,PK,Maximum plasma concentration (Cmax) of BMS-986235,1,0,Bupropion
SLC6A3,PK,Maximum plasma concentration (Cmax) of BMS-986235 with bupropion,1,0,Bupropion
SLC6A3,PK,Maximum plasma concentration (Cmax) of BMS-986235 with fluconazole,1,0,Bupropion
SLC6A3,PK,Maximum plasma concentration (Cmax) of BMS-986235 with itraconazole,1,0,Bupropion
SLC6A3,PK,Maximum Plasma Concentration (Cmax) of d-Amphetamine for Vyvanse and Adderall XR Alone and in Combination With Prilosec OTC,1,0,Amphetamine; Lisdexamfetamine
SLC6A3,PK,Maximum plasma concentration (Cmax) of dexamphetamine,1,0,Amphetamine
SLC6A3,PK,Maximum Plasma Concentration (Cmax) of Lisdexamfetamine Dimesylate on Day 5: 100 mg,1,0,Lisdexamfetamine
SLC6A3,PK,Maximum Plasma Concentration (Cmax) of Lisdexamfetamine Dimesylate on Day 5: 150 mg,1,0,Lisdexamfetamine
SLC6A3,PK,Maximum Plasma Concentration (Cmax) of Lisdexamfetamine Dimesylate on Day 5: 200 mg,1,0,Lisdexamfetamine
SLC6A3,PK,Maximum Plasma Concentration (Cmax) of Lisdexamfetamine Dimesylate on Day 5: 250 mg,1,0,Lisdexamfetamine
SLC6A3,PK,Maximum Plasma Concentration (Cmax) of Lisdexamfetamine Dimesylate on Day 5: 50 mg,1,0,Lisdexamfetamine
SLC6A3,PK,Maximum Plasma Concentration (Cmax) of Lisdexamfetamine Dimesylate on Day 5: 70 mg,1,0,Lisdexamfetamine
SLC6A3,PK,Maximum plasma concentration (Cmax) of MDMA,1,0,Amphetamine; Methamphetamine
SLC6A3,PK,Maximum plasma concentration (Cmax) of methylone,1,0,Amphetamine; Methamphetamine
SLC6A3,PK,MDMA pharmacokinetics in various biological matrices.,1,0,Amphetamine; Methamphetamine
SLC6A3,PK,Metabolite to parent ratio of the AUC0-24,1,0,Bupropion
SLC6A3,PK,Metabolite to parent ratio of the AUCinf,1,0,Bupropion
SLC6A3,PK,Methylphenidate concentration in blood serum (area under curve (AUC)),1,0,Methylphenidate
SLC6A3,PK,Minimum Observed Plasma Concentration (Cmin),1,0,Amphetamine
SLC6A3,PK,"MRAUCinf for 5-OH Omeprazole/Omeprazole on Day -7, Day 1 and Day 14",1,0,Bupropion; Modafinil
SLC6A3,PK,"MRAUClast for 5-OH Omeprazole/Omeprazole on Day -7, Day 1 and Day 14",1,0,Bupropion; Modafinil
SLC6A3,PK,"MRAUClast for Hydroxybupropion/Bupropion on Day -7, Day 1 and Day 14",1,0,Bupropion; Modafinil
SLC6A3,PK,MRAUClast for LHY746/Encorafenib in Arm 3 on Day 14 and Day 21,1,0,Bupropion; Modafinil
SLC6A3,PK,"MRAUClast for Paraxanthine/Caffeine on Day -7, Day 1 and Day 14",1,0,Bupropion; Modafinil
SLC6A3,PK,"MRCmax for 5-OH Omeprazole/Omeprazole on Day -7, Day 1 and Day 14",1,0,Bupropion; Modafinil
SLC6A3,PK,"MRCmax for Hydroxybupropion/Bupropion on Day -7, Day 1 and Day 14",1,0,Bupropion; Modafinil
SLC6A3,PK,MRCmax for LHY746/Encorafenib in Arm 3 on Day 14 and Day 21,1,0,Bupropion; Modafinil
SLC6A3,PK,"MRCmax for Paraxanthine/Caffeine on Day -7, Day 1 and Day 14",1,0,Bupropion; Modafinil
SLC6A3,PK,Observed lowest concentration before the next dose is administered (Ctrough),1,0,Bupropion
SLC6A3,PK,Parent to Metabolite Ratio (AUC [infinity]),1,0,Bupropion
SLC6A3,PK,Parent to Metabolite Ratio (AUC [Last]),1,0,Bupropion
SLC6A3,PK,Parent to Metabolite Ratio (Cmax),1,0,Bupropion
SLC6A3,PK,Part 1: Area Under The Concentration Versus Time Curve From Time 0 Extrapolated To Infinity (AUC0-inf) Of Single-dose Warfarin Under Multiple Doses Of Danicopan,1,0,Bupropion
SLC6A3,PK,Part 1: Maximum Observed Concentration (Cmax) Of Single-dose Warfarin Under Multiple Doses Of Danicopan,1,0,Bupropion
SLC6A3,PK,Part 2: AUC0-inf Of Single-dose Bupropion Under Multiple Doses Of Danicopan,1,0,Bupropion
SLC6A3,PK,Part 2: Cmax Of Single-dose Bupropion Under Multiple Doses Of Danicopan,1,0,Bupropion
SLC6A3,PK,Part 3: AUC0-inf Of Single-dose EE/NET Under Multiple Doses Of Danicopan,1,0,Bupropion
SLC6A3,PK,Part 3: Cmax Of Single-dose EE/NET Under Multiple Doses Of Danicopan,1,0,Bupropion
SLC6A3,PK,Part A: Area Under the Plasma Concentration-Time Curve From Time 0 Extrapolated to Infinity (AUCinf) for Bupropion,1,0,Bupropion
SLC6A3,PK,Part A: Area Under the Plasma Concentration-Time Curve From Time Zero (0) to the Time of the Last Quantifiable Concentration (AUCt) for Bupropion,1,0,Bupropion
SLC6A3,PK,Part A: AUCinf for 1-Hydroxymidazolam,1,0,Bupropion
SLC6A3,PK,Part A: AUCinf for 5-Hydroxyomeprazole,1,0,Bupropion
SLC6A3,PK,Part A: AUCinf for 6-Hydroxybupropion,1,0,Bupropion
SLC6A3,PK,Part A: AUCinf for Flurbiprofen,1,0,Bupropion
SLC6A3,PK,Part A: AUCinf for Midazolam,1,0,Bupropion
SLC6A3,PK,Part A: AUCinf for Omeprazole,1,0,Bupropion
SLC6A3,PK,Part A: AUCinf for Repaglinide,1,0,Bupropion
SLC6A3,PK,Part A: AUCt for 1-Hydroxymidazolam,1,0,Bupropion
SLC6A3,PK,Part A: AUCt for 5-Hydroxyomeprazole,1,0,Bupropion
SLC6A3,PK,Part A: AUCt for 6-Hydroxybupropion,1,0,Bupropion
SLC6A3,PK,Part A: AUCt for Flurbiprofen,1,0,Bupropion
SLC6A3,PK,Part A: AUCt for Midazolam,1,0,Bupropion
SLC6A3,PK,Part A: AUCt for Omeprazole,1,0,Bupropion
SLC6A3,PK,Part A: AUCt for Repaglinide,1,0,Bupropion
SLC6A3,PK,Part A: Cmax for 1-Hydroxymidazolam,1,0,Bupropion
SLC6A3,PK,Part A: Cmax for 5-Hydroxyomeprazole,1,0,Bupropion
SLC6A3,PK,Part A: Cmax for 6-Hydroxybupropion,1,0,Bupropion
SLC6A3,PK,Part A: Cmax for Flurbiprofen,1,0,Bupropion
SLC6A3,PK,Part A: Cmax for Midazolam,1,0,Bupropion
SLC6A3,PK,Part A: Cmax for Omeprazole,1,0,Bupropion
SLC6A3,PK,Part A: Cmax for Repaglinide,1,0,Bupropion
SLC6A3,PK,Part A: Maximum Observed Plasma Concentration (Cmax) for Bupropion,1,0,Bupropion
SLC6A3,PK,Part A: Ratio of Metabolite to Parent AUCt Corrected for Molecular Weight (AUCt M/P) for 6-Hydroxybupropion/Bupropion,1,0,Bupropion
SLC6A3,PK,Part A: Ratio of Metabolite to Parent AUCt Corrected for Molecular Weight for 5-Hydroxyomeprazole/Omeprazole,1,0,Bupropion
SLC6A3,PK,Part A: Ratio of Metabolite to Parent AUCt Corrected for Molecular Weight for Hydroxymidazolam/Midazolam,1,0,Bupropion
SLC6A3,PK,Part A: Time at Which Cmax Was Observed (Tmax) for Bupropion,1,0,Bupropion
SLC6A3,PK,Part B: AUCinf for Furosemide,1,0,Bupropion
SLC6A3,PK,Part B: AUCinf for Metformin,1,0,Bupropion
SLC6A3,PK,Part B: AUCinf for Rosuvastatin,1,0,Bupropion
SLC6A3,PK,Part B: AUCt for Furosemide,1,0,Bupropion
SLC6A3,PK,Part B: AUCt for Metformin,1,0,Bupropion
SLC6A3,PK,Part B: AUCt for Rosuvastatin,1,0,Bupropion
SLC6A3,PK,Part B: Cmax for Furosemide,1,0,Bupropion
SLC6A3,PK,Part B: Cmax for Metformin,1,0,Bupropion
SLC6A3,PK,Part B: Cmax for Rosuvastatin,1,0,Bupropion
SLC6A3,PK,Partial AUCs,1,0,Dexmethylphenidate; Methylphenidate
SLC6A3,PK,Peak concentration (Cmax),1,0,Amphetamine; Methamphetamine
SLC6A3,PK,Peak Methylphenidate Plasma Concentration (Cmax) for Methylphenidate and CBD Arms and Methylphenidate and Placebo Arms.,1,0,Methylphenidate
SLC6A3,PK,Peak Plasma Concentration (Cmax) of ASP2151,1,0,Bupropion
SLC6A3,PK,Peak Plasma Concentration (Cmax) of Bupropion,1,0,Bupropion
SLC6A3,PK,Peak plasma concentration (Cmax) of enalapril,1,0,Methylphenidate
SLC6A3,PK,Peak Plasma Concentration (Cmax) of Hydroxybupropion,1,0,Bupropion
SLC6A3,PK,Peak plasma concentration (Cmax) of MDMA and metabolites,1,0,Amphetamine; Methamphetamine
SLC6A3,PK,Peak plasma concentration (Cmax) of methylphenidate,1,0,Methylphenidate
SLC6A3,PK,Peak plasma concentration (Cmax) of Psilocybin and metabolites,1,0,Amphetamine; Methamphetamine
SLC6A3,PK,"Peak plasma concentration for carvedilol, diclofenac, caffeine, bupropion, repaglinide, flurbiprofen, omeprazole, dextromethorphan, midazolam, simvastatin and their metabolites.",1,0,Bupropion
SLC6A3,PK,Peak Plasma Concentration of d-Methylphenidate,1,0,Methylphenidate
SLC6A3,PK,Peak Plasma Concentration(Cmax),1,0,Bupropion
SLC6A3,PK,"Percent of AUC Extrapolated (AUC%Extrap) of Plasma Midazolam on Day -7, Day 1 and Day 14",1,0,Bupropion; Modafinil
SLC6A3,PK,"Pharmacokinetic (PK) profile for bupropion (in plasma): AUCinf, AUClast, Cmax",1,0,Bupropion
SLC6A3,PK,Pharmacokinetic parameter RAUC (ratio of metabolite to parent),1,0,Bupropion
SLC6A3,PK,Pharmacokinetic parameters AUC,1,0,Bupropion
SLC6A3,PK,Pharmacokinetic parameters AUC (to infinity),1,0,Bupropion
SLC6A3,PK,Pharmacokinetic parameters CL/F,1,0,Bupropion
SLC6A3,PK,Pharmacokinetic parameters CL/F of digoxin,1,0,Bupropion
SLC6A3,PK,Pharmacokinetic parameters Cmax,1,0,Bupropion
SLC6A3,PK,Pharmacokinetic parameters Cmin,1,0,Bupropion
SLC6A3,PK,Pharmacokinetic parameters Ctz,1,0,Bupropion
SLC6A3,PK,Pharmacokinetic parameters of bupropion and hydroxybupropion,1,0,Bupropion
SLC6A3,PK,Pharmacokinetic parameters t1/2,1,0,Bupropion
SLC6A3,PK,Pharmacokinetic parameters tmax,1,0,Bupropion
SLC6A3,PK,Pharmacokinetic parameters tz,1,0,Bupropion
SLC6A3,PK,Pharmacokinetic parameters Vz/F,1,0,Bupropion
SLC6A3,PK,pharmacokinetic parmaters at steady state,1,0,Modafinil
SLC6A3,PK,Pharmacokinetic/Pharmacodynamic Relationship of Methylphenidate Blood Levels and Cytogenetic Changes,1,0,Methylphenidate
SLC6A3,PK,Pharmacokinetics,1,0,Amphetamine; Lisdexamfetamine
SLC6A3,PK,Pharmacokinetics (PK) parameter AUClast for S- and R-warfarin,1,0,Bupropion
SLC6A3,PK,"Pharmacokinetics of E2006 and its major metabolites, M4, M9, and M10 (Part A), and midazolam, bupropion, and the hydroxylated metabolite of bupropion (Part B): AUC(0-72h)",1,0,Bupropion
SLC6A3,PK,"Pharmacokinetics of E2006 and its major metabolites, M4, M9, and M10 (Part A), and midazolam, bupropion, and the hydroxylated metabolite of bupropion (Part B): AUC(0-inf)",1,0,Bupropion
SLC6A3,PK,"Pharmacokinetics of E2006 and its major metabolites, M4, M9, and M10 (Part A), and midazolam, bupropion, and the hydroxylated metabolite of bupropion (Part B): AUC(0-inf), metabolite ratio",1,0,Bupropion
SLC6A3,PK,"Pharmacokinetics of E2006 and its major metabolites, M4, M9, and M10 (Part A), and midazolam, bupropion, and the hydroxylated metabolite of bupropion (Part B): AUC(0-t)",1,0,Bupropion
SLC6A3,PK,"Pharmacokinetics of E2006 and its major metabolites, M4, M9, and M10 (Part A), and midazolam, bupropion, and the hydroxylated metabolite of bupropion (Part B): CL/F",1,0,Bupropion
SLC6A3,PK,"Pharmacokinetics of E2006 and its major metabolites, M4, M9, and M10 (Part A), and midazolam, bupropion, and the hydroxylated metabolite of bupropion (Part B): Cmax",1,0,Bupropion
SLC6A3,PK,"Pharmacokinetics of E2006 and its major metabolites, M4, M9, and M10 (Part A), and midazolam, bupropion, and the hydroxylated metabolite of bupropion (Part B): t1/2",1,0,Bupropion
SLC6A3,PK,"Pharmacokinetics of E2006 and its major metabolites, M4, M9, and M10 (Part A), and midazolam, bupropion, and the hydroxylated metabolite of bupropion (Part B): tmax",1,0,Bupropion
SLC6A3,PK,Pharmacokinetics of E2006: AUC(0-24h),1,0,Bupropion
SLC6A3,PK,Pharmacokinetics of E2006: AUC(0-8h),1,0,Bupropion
SLC6A3,PK,"Pharmacokinetics of methylphenidate, modafinil, and MDMA",1,0,Methylphenidate; Modafinil
SLC6A3,PK,Pharmacokinetics parameter: AUC of digoxin,1,0,Bupropion
SLC6A3,PK,Pharmacokinetics parameter: Cmax of digoxin,1,0,Bupropion
SLC6A3,PK,Pharmacokinetics parameter: T1/2 of digoxin,1,0,Bupropion
SLC6A3,PK,Pharmacokinetics parameter: Tmax of digoxin,1,0,Bupropion
SLC6A3,PK,Pharmacokinetics parameter: Vz/F of digoxin,1,0,Bupropion
SLC6A3,PK,Pharmacokinetics: Area Under the Concentration Time Curve (AUC),1,0,Sibutramine
SLC6A3,PK,Pharmacokinetics: Maximum Concentration (Cmax),1,0,Sibutramine
SLC6A3,PK,PK Isavuconazole (in plasma): trough concentration (Ctrough),1,0,Bupropion
SLC6A3,PK,PK parameter AUCinf for bupropion,1,0,Bupropion
SLC6A3,PK,PK parameter AUCinf for S- and R-warfarin,1,0,Bupropion
SLC6A3,PK,PK parameter AUClast for bupropion,1,0,Bupropion
SLC6A3,PK,PK parameter Cmax for S- and R-warfarin,1,0,Bupropion
SLC6A3,PK,PK parameter- AUClast,1,0,Methylphenidate
SLC6A3,PK,PK parameter- Cmax,1,0,Methylphenidate
SLC6A3,PK,PK parameter-AUC0-2,1,0,Methylphenidate
SLC6A3,PK,PK parameter-AUC2-6,1,0,Methylphenidate
SLC6A3,PK,PK parameter-AUC6-24,1,0,Methylphenidate
SLC6A3,PK,PK parameter-AUCinf,1,0,Methylphenidate
SLC6A3,PK,PK parameter: area under the plasma concentration-time curve (AUC) at steady-state (AUCss),1,0,Methylphenidate
SLC6A3,PK,PK parameter: maximum plasma concentration (Cmax),1,0,Methylphenidate
SLC6A3,PK,PK parameter: time to maximum plasma concentration (Tmax),1,0,Methylphenidate
SLC6A3,PK,PK parameters Cmax for bupropion,1,0,Bupropion
SLC6A3,PK,PK Parameters for Rate and Extent of Absorption of MPH in Plasma: Plasma Concentration-time Curve,1,0,Methylphenidate
SLC6A3,PK,PK Parameters for Rate and Extent of Absorption of MPH: AUC0-inf,1,0,Methylphenidate
SLC6A3,PK,PK Parameters for Rate and Extent of Absorption of MPH: AUC0-tz,1,0,Methylphenidate
SLC6A3,PK,PK Parameters for Rate and Extent of Absorption of MPH: Cmax,1,0,Methylphenidate
SLC6A3,PK,"PK profile for hydroxybupropion (in plasma): AUCinf, AUClast, Cmax, t1/2, tmax",1,0,Bupropion
SLC6A3,PK,"PK profile for Isavuconazole (in plasma): AUCtau, Cmax, and tmax",1,0,Bupropion
SLC6A3,PK,Plasma Concentration of Bupropion (ng/ml),1,0,Bupropion
SLC6A3,PK,Plasma concentration of D-amphetamine,1,0,Lisdexamfetamine
SLC6A3,PK,Plasma Concentration of Ibrutinib and its Metabolite PCI-45227,1,0,Bupropion
SLC6A3,PK,Plasma Concentration of Inavolisib at Specified Timepoints,1,0,Bupropion
SLC6A3,PK,Plasma concentration of methylphenidate and ritalinic acid,1,0,Methylphenidate
SLC6A3,PK,Plasma concentration of Oxytocin,1,0,Amphetamine; Methamphetamine
SLC6A3,PK,Plasma Concentration of Varenicline (ng/ml),1,0,Bupropion
SLC6A3,PK,Plasma concentrations (PK parameters),1,0,Amphetamine
SLC6A3,PK,Plasma concentrations obtained at specific timepoints,1,0,Bupropion
SLC6A3,PK,Plasma Concentrations of d- and L-amphetamine,1,0,Amphetamine
SLC6A3,PK,"Plasma Concentrations of Selective Serotonin Reuptake Inhibitors (SSRIs) and Serotonin and Norepinephrine Reuptake Inhibitors (SNRIs) at Weeks 4, 8, and 12 (or Last Postbaseline Observation Up to Week 12)",1,0,Armodafinil; Modafinil
SLC6A3,PK,"Plasma concentrations of total methylphenidate HCl and its major metabolite, a-phenyl-piperidine-acetic acid (PPAA)",1,0,Methylphenidate
SLC6A3,PK,Plasma Palbociclib Area Under the Curve From Time Zero to Last Quantifiable Concentration (AUClast),1,0,Modafinil
SLC6A3,PK,Plasma Palbociclib Time to Reach Maximum Observed Plasma Concentration (Tmax),1,0,Modafinil
SLC6A3,PK,Plasma Trough Concentration (Ctrough),1,0,Bupropion
SLC6A3,PK,Population PK Analysis - AUC to Infinity,1,0,Dexmethylphenidate; Methylphenidate
SLC6A3,PK,Population PK Analysis - Cmax,1,0,Dexmethylphenidate; Methylphenidate
SLC6A3,PK,Population PK Analysis - Tmax,1,0,Dexmethylphenidate; Methylphenidate
SLC6A3,PK,"Primary Outcome Variable: Combined AUC of Selected Symptoms Fatigue, Pain, Disturbed Sleep, Lack of Appetite and Drowsiness",1,0,Armodafinil; Modafinil
SLC6A3,PK,Prorated AUC of Total Fatigue as Measured by the Brief Fatigue Inventory (BFI) at Baseline and at Weeks 1-4,1,0,Methylphenidate
SLC6A3,PK,Ratio of area under concentration-curve from time 0 to 24 hours post-dose (AUC0-24),1,0,Bupropion
SLC6A3,PK,"Ratio of AUC From Time Zero Extrapolated to Infinity (AUCinf) Values of the Metabolite Compared to Parent (MRAUCinf) for 1-OH Midazolam/Midazolam on Day -7, Day 1 and Day 14",1,0,Bupropion; Modafinil
SLC6A3,PK,"Ratio of AUClast Values of the Metabolite Compared to Parent (MRAUClast) for 1-OH Midazolam/Midazolam on Day -7, Day 1 and Day 14",1,0,Bupropion; Modafinil
SLC6A3,PK,"Ratio of Cmax Values of the Metabolite Compared to Parent (MRCmax) for 1-OH Midazolam/Midazolam on Day -7, Day 1 and Day 14",1,0,Bupropion; Modafinil
SLC6A3,PK,Ratio of treatment to reference based on AUC0-24 (RAUC0-24),1,0,Bupropion
SLC6A3,PK,Ratio of treatment to reference based on AUCinf (RAUCinf),1,0,Bupropion
SLC6A3,PK,Ratio of treatment to reference based on AUClast (RAUClast),1,0,Bupropion
SLC6A3,PK,Ratio of treatment to reference based on Cmax (RCmax),1,0,Bupropion
SLC6A3,PK,RAUCinf,1,0,Bupropion
SLC6A3,PK,RAUClast,1,0,Bupropion
SLC6A3,PK,RCmax,1,0,Bupropion
SLC6A3,PK,Secondary PK Characteristics,1,0,Bupropion
SLC6A3,PK,"Steady-state AUC(0-12), Cmax, and tmax of GSK189075, and GSK279782 when GSK189075 is administered alone and with WELLBUTRIN SR.",1,0,Bupropion
SLC6A3,PK,"Steady-state AUC(0-12), Cmax, and tmax of the bupropion metabolites (hydroxybupropion, threohydrobupropion and erythrohydrobupropion) when WELLBUTRIN SR is administered alone and with GSK189075.",1,0,Bupropion
SLC6A3,PK,Sub-study: Area Under the Concentration-Time Curve From Time 0 to Infinity (AUC [0-infinity]) for Midazolam,1,0,Bupropion
SLC6A3,PK,Sub-study: Area Under the Concentration-Time Curve From Time 0 to Last Measurable Concentration (AUC [0-last]) for Midazolam,1,0,Bupropion
SLC6A3,PK,Sub-study: AUC (0-infinity) for Bupropion,1,0,Bupropion
SLC6A3,PK,Sub-study: AUC (0-infinity) for Omeprazole,1,0,Bupropion
SLC6A3,PK,Sub-study: AUC (0-last) for Bupropion,1,0,Bupropion
SLC6A3,PK,Sub-study: AUC (0-last) for Omeprazole,1,0,Bupropion
SLC6A3,PK,Sub-study: Cmax for Bupropion,1,0,Bupropion
SLC6A3,PK,Sub-study: Cmax for Omeprazole,1,0,Bupropion
SLC6A3,PK,Sub-study: Maximum observed Drug Concentration (Cmax) for Midazolam,1,0,Bupropion
SLC6A3,PK,Sustained attention (PVT) AUC,1,0,Modafinil
SLC6A3,PK,The area under the plasma concentration versus time curve from zero to infinity (AUCi),1,0,Lisdexamfetamine
SLC6A3,PK,"The primary objective of this exploratory study is to characterize the plasma concentrations of of methylphenidate from Concerta®, Ritalin-SR® and Novo-Methylphenidate ER-C ® tablets in healthy adult volunteers under fas",1,0,Methylphenidate
SLC6A3,PK,"Time corresponding to Cmax (Tmax) of bupropion and its metabolite hydroxybupropion, repaglinide, flurbiprofen, omeprazole, midazolam, and rosuvastatin",1,0,Bupropion
SLC6A3,PK,Time of Cmax (Tmax),1,1,Methylphenidate
SLC6A3,PK,Time of Maximum Plasma Concentration (Tmax) for MPH Using Two Different Formulations (Equasym XL and Metadate CD),1,0,Methylphenidate
SLC6A3,PK,Time of Maximum Plasma Concentration (Tmax) of d-Amphetamine for Vyvanse and Adderall XR Alone and in Combination With Prilosec OTC,1,0,Amphetamine; Lisdexamfetamine
SLC6A3,PK,Time of the maximum measured plasma concentration (Tmax),1,0,Lisdexamfetamine
SLC6A3,PK,Time of the Maximum Observed Plasma Concentration,1,0,Methylphenidate
SLC6A3,PK,Time taken to reach peak plasma concentration (Tmax) of Bupropion HCl and its metabolites after single dose.,1,0,Bupropion
SLC6A3,PK,Time to Maximal Serum Concentration of IV Methylphenidate (MPH),1,0,Methylphenidate
SLC6A3,PK,Time to Maximum Plasma Concentration (tmax),1,0,Amphetamine
SLC6A3,PK,Time to Peak Methylphenidate Plasma Concentration (Tmax) for Methylphenidate and CBD Arms and Methylphenidate and Placebo Arms.,1,0,Methylphenidate
SLC6A3,PK,Time to peak plasma concentration (Tmax) of enalapril,1,0,Methylphenidate
SLC6A3,PK,Time to peak plasma concentration (Tmax) of MDMA and metabolites,1,0,Amphetamine; Methamphetamine
SLC6A3,PK,Time to peak plasma concentration (Tmax) of methylphenidate,1,0,Methylphenidate
SLC6A3,PK,Time to peak plasma concentration (Tmax) of Psilocybin and metabolites,1,0,Amphetamine; Methamphetamine
SLC6A3,PK,"Time to peak plasma concentration for carvedilol, diclofenac, caffeine, bupropion, repaglinide, flurbiprofen, omeprazole, dextromethorphan, midazolam, simvastatin and their metabolites.",1,0,Bupropion
SLC6A3,PK,Time to Reach Cmax (Tmax) for Three Methylphenidate Hydrochloride Extended-release Drug Products,1,0,Methylphenidate
SLC6A3,PK,"Time to Reach Cmax (Tmax) of Plasma Midazolam on Day -7, Day 1 and Day 14",1,0,Bupropion; Modafinil
SLC6A3,PK,Time to reach maximum plasma concentration (Tmax) of MDMA,1,0,Amphetamine; Methamphetamine
SLC6A3,PK,Time to reach maximum plasma concentration (Tmax) of methylone,1,0,Amphetamine; Methamphetamine
SLC6A3,PK,"Tmax- Time to Reach the Maximum Plasma Concentration (Cmax) for Naltrexone, Bupropion, and their Metabolites",1,0,Bupropion
SLC6A3,PK,Tmax: Time to Reach the Maximum Plasma Concentration (Cmax) for TAK-925 and Its Metabolites M-I and M-II,1,0,Modafinil
SLC6A3,PK,Trough Plasma Concentration (Ctrough),1,0,Amphetamine
SLC6A3,PK,Trough Plasma Concentration (Ctrough) of ASP2151,1,0,Bupropion
SLC6A3,PK,Trough plasma concentration (Ctrough) of vorasidenib,1,0,Bupropion
SLC6A3,PK,"Trough Plasma Concentrations of Modafinil, Modafinil sulfone, pioglitazone, hydroxy derivative of pioglitazone, and keto derivative of pioglitazone",1,0,Modafinil
SLC6A3,other_biomarker,Absolute score decrease from baseline to the week 8 endpoint on the QIDS-SR as a function of biomarker score,1,0,Bupropion
SLC6A3,other_biomarker,Biomarker analysis,1,0,Bupropion
SLC6A3,other_biomarker,"Change From Baseline in CSFQ-14 Total Scores for Females at Week 9, LOCF",1,0,Lisdexamfetamine
SLC6A3,other_biomarker,"Mathematical models that use biomarkers of (i) body composition and metabolic status, (ii) macronutrient intake, and (iii) energy expenditure to predict later changes in weight and body composition during the interventio",1,0,Sibutramine
SLC6A3,other_biomarker,Percentage decrease in depressive symptoms on the QIDS-SR at the week 8 endpoint as a function of biomarker score,1,0,Bupropion
SLC6A3,other_biomarker,Plasma biomarkers will be analyzed using a customized multiplex protein array platform for the Senescence-Associated Secretory Phenotype (SASP).,1,1,Bupropion
SLC6A3,other_biomarker,Quantification of Dopamine Transporter Levels,1,0,Amphetamine; Dextroamphetamine
SLC6A3,other_biomarker,Response rate on the 16-item patient-reported Quick Inventory of Depressive Symptoms (QIDS-SR) at the week 8 endpoint as a function of biomarker score,1,0,Bupropion
SLC6A3,other_biomarker,The change in Choice Reaction Time task with methylphenidate treatment in patients and its relationship to specific binding ratio (SBR) of the dopamine transporter (DAT) in the striatum.,1,0,Methylphenidate
SLC6A3,other_biomarker,"To compare the effects of bupropion XL and venlafaxine XR on overall sexual functioning in outpatients with MDD as measured by mean changes in CSFQ-S total scores across Weeks 5, 6, 9 and 12.",1,0,Bupropion
SLC6A3,other_biomarker,"To evaluate changes in mitochondrial and stress-related biomarkers (e.g., MMPP metabolites and GDF15) from baseline to end point in patients with BD.",1,0,Bupropion
TNF,inflammation,Change From Baseline in C-reactive Protein (CRP),5,0,Adalimumab; Certolizumab
TNF,inflammation,C-reactive Protein (CRP),4,0,Adalimumab; Etanercept
TNF,PK,Cmax,4,0,Adalimumab; Etanercept
TNF,PK,Maximum serum concentration (Cmax),4,0,Adalimumab; Etanercept
TNF,PK,Area under the concentration-time curve from time zero to the last quantifiable concentration (AUClast),3,0,Adalimumab; Etanercept
TNF,PK,Maximum serum concentration,3,0,Adalimumab
TNF,PK,Time to Cmax (Tmax),3,0,Adalimumab; Etanercept
TNF,inflammation,C-Reactive Protein (CRP),2,0,Adalimumab; Etanercept
TNF,inflammation,C-Reactive Protein (CRP) Level at Study Completion Visit or (Early) Withdrawal Visit,2,0,Certolizumab
TNF,inflammation,C-Reactive Protein (CRP) Level at Week 0,2,0,Certolizumab
TNF,inflammation,C-Reactive Protein (CRP) Level at Week 12,2,0,Certolizumab
TNF,inflammation,C-Reactive Protein (CRP) Level at Week 16,2,0,Certolizumab
TNF,inflammation,C-Reactive Protein (CRP) Level at Week 20,2,0,Certolizumab
TNF,inflammation,C-Reactive Protein (CRP) Level at Week 24,2,0,Certolizumab
TNF,inflammation,C-Reactive Protein (CRP) Level at Week 8,2,0,Certolizumab
TNF,inflammation,Change From Baseline in C-Reactive Protein (CRP),2,0,Adalimumab
TNF,inflammation,Change From Baseline in C-reactive Protein (CRP) at Week 52,2,0,Etanercept
TNF,inflammation,Change From Baseline in High Sensitivity C-Reactive Protein (hsCRP) Levels Through Week 24,2,0,Golimumab
TNF,inflammation,Mean Change From Baseline in C-Reactive Protein (CRP),2,0,Adalimumab; Etanercept
TNF,inflammation,Mean Change in C-Reactive Protein (CRP) (mg/dL) in Subjects With Adalimumab Exposure Through Week 260,2,0,Adalimumab
TNF,PK,Area under the concentration-time curve from time zero to infinity (AUCinf),2,0,Adalimumab; Etanercept
TNF,PK,Area under the plasma concentration-time curve AUC0-inf,2,0,Adalimumab
TNF,PK,Area under the plasma concentration-time curve AUC0-t,2,0,Adalimumab
TNF,PK,Area Under the Plasma Concentration-time Curve From Zero (0) to Time Infinity,2,0,Adalimumab
TNF,PK,AUClast,2,0,Adalimumab; Etanercept
TNF,PK,Maximum plasma concentration (Cmax),2,0,Certolizumab
TNF,PK,Plasma Concentration of Certolizumab Pegol at Study Completion Visit or (Early) Withdrawal Visit,2,0,Certolizumab
TNF,PK,Serum Concentration Versus Time Summary: Period 1,2,0,Adalimumab; Infliximab
TNF,PK,Serum Concentration Versus Time Summary: Period 2,2,0,Adalimumab; Infliximab
TNF,PK,Serum Concentration Versus Time Summary: Period 3,2,0,Adalimumab; Infliximab
TNF,PK,Serum Concentrations of Golimumab Over Time,2,0,Golimumab
TNF,PK,Serum Concentrations of Guselkumab Over Time,2,0,Golimumab
TNF,imaging,Change From Baseline in Vascular Inflammation as Measured by FDG-PET/CT at 6 Months,1,0,Adalimumab; Etanercept
TNF,fluid_molecular,"Cerebrospinal fluid (CSF) pleocytosis/protein/glucose levels at W0, W1 and W4",1,0,Adalimumab
TNF,fluid_molecular,HTLV-I viral load in CSF,1,0,Infliximab
TNF,fluid_molecular,"Inflammatory biomarkers and cytokines profiles in CSF at W0, W1, W4",1,0,Adalimumab
TNF,fluid_molecular,"Pharmacodynamics (PD), including C-reactive protein, IL 6, serum amyloid A, tumor necrosis factor alpha, IL 18, E selectin, vascular endothelial growth factor, matrix metalloproteinases, leptin, and haptoglobin",1,0,Golimumab
TNF,fluid_molecular,Pharmacokinetics (plasma and CSF concentrations) of etanercept by measuring daily plasma and CSF concentrations by enzyme-linked immunosorbent assay (ELISA).,1,0,Etanercept
TNF,fluid_molecular,"To examine the effects of etanercept on inflammatory markers in the cerebrospinal fluid (CSF) of patients with Alzheimer's disease, and the relationship of these factors with clinical outcome",1,1,Etanercept
TNF,inflammation,A correlation between plasma Interleukin-6 (IL-6) and disease activity and severity.,1,0,Adalimumab; Etanercept; Infliximab
TNF,inflammation,Acute-phase reactants (erythrocyte sedimentation rate and C-reactive protein level).,1,0,Infliximab
TNF,inflammation,Adipocyte Messenger Ribonucleic Acid (mRNA) Levels of Adipocytokines Including Tumor Necrosis Factor (TNF) -Alpha,1,0,Etanercept
TNF,inflammation,Alveolar macrophages (collected in lung lavage fluid) will be studied ex vivo for activation state and pro-inflammatory cytokine secretion.,1,0,Etanercept
TNF,inflammation,"American College of Rheumatology (ACR) 20 Response, Using CRP (C-reactive Protein), at Week 14",1,0,Golimumab
TNF,inflammation,Ankylosing Spondylitis Disease Activity Score based on C-reactive Protein (ASDAS-CRP),1,0,Adalimumab
TNF,inflammation,Area Under Curve (AUC) of Disease Activity Score Based on a 28 Jointcount and C-reactive Protein (DAS28CRP),1,0,Etanercept
TNF,inflammation,Assessment of Cytokine and Inflammatory Profile at Baseline,1,0,Infliximab
TNF,inflammation,assessment of the effect of infliximab on an excessive immune response in patients with COVID-19: Interleukin 6,1,0,Infliximab
TNF,inflammation,"Bath ankylosing spondylitis disaease activity score, Bath ankylosing spondylitis functional index, Bath ankylosing spondylitis metrology index, C-Reactive protein, MRI, biomarkers of inflammation, cartilage and bone turn",1,0,Adalimumab; Etanercept
TNF,inflammation,"biologic response to ozone exposure: bronchoalveolar lavage fluid analyzed for inflammatory cytokines, cell differentials, and activated alveolar macrophages.",1,0,Etanercept
TNF,inflammation,Biomarker response to therapy using Cytokine panel,1,0,Etanercept
TNF,inflammation,C-reactive Protein,1,0,Etanercept
TNF,inflammation,C-Reactive Protein,1,0,Etanercept
TNF,inflammation,C-reactive protein,1,0,Infliximab
TNF,inflammation,C-reactive protein (CRP),1,0,Etanercept
TNF,inflammation,C-Reactive Protein (CRP) Level,1,0,Certolizumab
TNF,inflammation,C-Reactive Protein (CRP) Level at Last Visit (Week 26 for Completers or the Withdrawal Visit for Premature Withdrawals),1,0,Certolizumab
TNF,inflammation,C-Reactive Protein (CRP) Level at Last Visit (Week 34 for Completers or the Withdrawal Visit for Premature Withdrawals),1,0,Certolizumab
TNF,inflammation,C-Reactive Protein (CRP) Level at Week 10,1,0,Certolizumab
TNF,inflammation,C-Reactive Protein (CRP) Level at Week 14,1,0,Certolizumab
TNF,inflammation,C-Reactive Protein (CRP) Level at Week 26,1,0,Certolizumab
TNF,inflammation,C-Reactive Protein (CRP) Level at Week 28,1,0,Certolizumab
TNF,inflammation,C-Reactive Protein (CRP) Level at Week 32,1,0,Certolizumab
TNF,inflammation,C-Reactive Protein (CRP) Level at Week 34,1,0,Certolizumab
TNF,inflammation,C-Reactive Protein (CRP) Levels at Week 62,1,0,Certolizumab
TNF,inflammation,"C-Reactive Protein (CRP) Levels at Weeks 12, 24, 36 and 52",1,0,Etanercept
TNF,inflammation,C-Reactive Protein (CRP) Ratio to Baseline at Week 16,1,0,Certolizumab
TNF,inflammation,C-reactive Protein (CRP) Ratio to Baseline at Week 2,1,0,Certolizumab
TNF,inflammation,C-reactive Protein (CRP) Ratio to Baseline at Week 4,1,0,Certolizumab
TNF,inflammation,C-reactive Protein (CRP) Ratio to Baseline at Week 6,1,0,Certolizumab
TNF,inflammation,"C-reactive protein (CRP) values, Subject global assessments",1,0,Etanercept
TNF,inflammation,"C-reactive protein (CRP), mg/L",1,0,Etanercept
TNF,inflammation,C-reactive Protein (CRP): eoJIA Sub-population,1,0,Etanercept
TNF,inflammation,C-reactive Protein (CRP): ERA Sub-population,1,0,Etanercept
TNF,inflammation,C-reactive Protein (CRP): Mean Change From Baseline (Week 0) to Week 52,1,0,Adalimumab
TNF,inflammation,C-reactive Protein (CRP): Mean Change From Baseline to Each Visit,1,0,Adalimumab
TNF,inflammation,C-reactive Protein (CRP): PsA Sub-population,1,0,Etanercept
TNF,inflammation,C-reactive protein and fecal calprotectin.,1,0,Golimumab
TNF,inflammation,C-reactive Protein Concentration as a Surrogate Marker of Inflammation,1,0,Infliximab
TNF,inflammation,"C-reactive Protein Level at Each of Weeks 1, 2, 4, 6, 8, 12 and 14",1,0,Certolizumab
TNF,inflammation,C-reactive Protein Levels,1,0,Etanercept
TNF,inflammation,C-reactive Protein Levels at Each Time Point,1,0,Etanercept
TNF,inflammation,C-reactive protein rate,1,0,Adalimumab
TNF,inflammation,C-reactive protein-based Ankylosing Spondylitis Disease Activity Score（ASDASCRP）,1,0,Etanercept
TNF,inflammation,"Change From Baseline (of Parent Study) in C-reactive Protein at Month 1, 3, 6, 9, 12, 18, 24, 30, 36, 42, 48, 54, 60, 66, 72, 78, 84, 90 and 96 of Extension Study: Withdrawal Period",1,0,Etanercept
TNF,inflammation,"Change From Baseline (of Parent Study) in C-reactive Protein at Month 3, 6, 9, 12, 18, 24, 30, 36, 42, 48, 54, 60, 66, 72, 78 and 96 of Extension Study: Re-treatment Period",1,0,Etanercept
TNF,inflammation,"Change From Baseline (of Parent Study) in C-reactive Protein at Month 6, 12, 18, 24, 30, 36, 42, 48, 54, 60, 66, 72, 78, 84, 90 and 96 of Extension Study: Active Treatment Period",1,0,Etanercept
TNF,inflammation,Change From Baseline (Week 0) in C-reactive Protein (CRP) at Week 12,1,0,Certolizumab
TNF,inflammation,Change From Baseline in American College of Rheumatology Response Criteria Components: C-reactive Protein Levels,1,0,Adalimumab
TNF,inflammation,Change From Baseline in Ankylosing Spondylitis Disease Activity Score (ASDAS) C-Reactive Protein (CRP) Score: Last Observation Carried Forward (LOCF): Period 3,1,0,Etanercept
TNF,inflammation,Change From Baseline in Ankylosing Spondylitis Disease Activity Score (ASDAS) C-Reactive Protein (CRP) Score: Observed Cases (OC): Period 1,1,0,Etanercept
TNF,inflammation,Change From Baseline in Ankylosing Spondylitis Disease Activity Score (ASDAS) C-Reactive Protein (CRP) Score: Observed Cases (OC): Period 2,1,0,Etanercept
TNF,inflammation,Change From Baseline in Ankylosing Spondylitis Disease Activity Score (ASDAS) C-Reactive Protein (CRP) Score: Observed Cases (OC): Period 3,1,0,Etanercept
TNF,inflammation,Change From Baseline in Ankylosing Spondylitis Disease Activity Score (ASDAS)-C-Reactive Protein (CRP) Score: Last Observation Carried Forward (LOCF): Period 1,1,0,Etanercept
TNF,inflammation,Change From Baseline in Ankylosing Spondylitis Disease Activity Score (ASDAS)-C-Reactive Protein (CRP) Score: Last Observation Carried Forward (LOCF): Period 2,1,0,Etanercept
TNF,inflammation,Change From Baseline in Ankylosing Spondylitis Disease Activity Score Based on C-Reactive Protein (ASDAS-CRP) at Month 6 and 12,1,0,Etanercept
TNF,inflammation,Change From Baseline in ASDAS CRP (Ankylosing Spondylitis Disease Activity Score-C Reactive Protein) Score at Week 4.,1,0,Etanercept
TNF,inflammation,Change From Baseline in ASDAS CRP Score at Week 8.,1,0,Etanercept
TNF,inflammation,Change From Baseline in ASDAS CRP Score at Weeks 12 and 16.,1,0,Etanercept
TNF,inflammation,Change From Baseline in C-Reactive Protein (CRP) at Month 6 and 12,1,0,Etanercept
TNF,inflammation,Change From Baseline in C-reactive Protein (CRP) at Week 12,1,0,Certolizumab
TNF,inflammation,"Change From Baseline in C-reactive Protein (CRP) at Week 2, 4, 6, 8, 10, 12, 16, 20 and 24/ET",1,0,Adalimumab
TNF,inflammation,Change From Baseline in C-Reactive Protein (CRP) at Week 26,1,0,Infliximab
TNF,inflammation,Change From Baseline in C-reactive Protein (CRP) at Week 28,1,0,Certolizumab
TNF,inflammation,Change From Baseline in C-Reactive Protein (CRP) at Week 30,1,0,Infliximab
TNF,inflammation,Change From Baseline in C-Reactive Protein (CRP) at Week 52,1,0,Etanercept
TNF,inflammation,"Change From Baseline in C-reactive Protein (CRP) at Weeks 14, 18, 24",1,0,Etanercept
TNF,inflammation,"Change From Baseline in C-reactive Protein (CRP) at Weeks 2, 4, 8, 12",1,0,Etanercept
TNF,inflammation,"Change From Baseline in C-reactive Protein (CRP) at Weeks 2, 4, 8, 12, 16, 20, 24, 32, 40, 48, and 52",1,0,Etanercept
TNF,inflammation,"Change From Baseline in C-Reactive Protein (CRP) at Weeks 4, 12, 24, 36, 52",1,0,Etanercept
TNF,inflammation,Change From Baseline in C-reactive Protein (CRP) Concentration Time Points,1,0,Etanercept
TNF,inflammation,Change From Baseline in C-Reactive Protein (CRP) Level at Month 60,1,0,Etanercept
TNF,inflammation,Change From Baseline in C-Reactive Protein (CRP) Levels,1,0,Adalimumab
TNF,inflammation,Change From Baseline in C-reactive Protein (CRP) Levels at Weeks 10 and 26,1,0,Adalimumab
TNF,inflammation,Change From Baseline in C-reactive Protein (CRP) Levels in Part 1,1,0,Etanercept
TNF,inflammation,Change From Baseline in C-reactive Protein (CRP) Levels in Part 2,1,0,Etanercept
TNF,inflammation,Change From Baseline in C-reactive Protein Concentration Over Time,1,0,Etanercept
TNF,inflammation,Change From Baseline in Composite Gene Expression Score Based on Interleukin 23 (IL-23) Pathway Related Genes in Psoriatic Lesions of Participants Treated With Ustekinumab,1,0,Etanercept
TNF,inflammation,"Change From Baseline in CRP at Months 3, 6, 9, 12, 18 and 24",1,0,Adalimumab
TNF,inflammation,Change From Baseline in CRP at Week 12,1,0,Etanercept
TNF,inflammation,"Change From Baseline in CRP at Week 2, Week 4, Week 8, Week 12, Week 16, Week 20, and Week 24",1,0,Etanercept
TNF,inflammation,Change From Baseline in CRP Through Week 52,1,0,Etanercept
TNF,inflammation,Change from baseline in cytokine levels at 22 weeks,1,0,Infliximab
TNF,inflammation,Change from baseline in cytokine levels at 6 weeks,1,0,Infliximab
TNF,inflammation,Change From Baseline in DAS28(CRP) [Disease Activity Score-28 (C-reactive Protein)] at Week 12,1,0,Certolizumab
TNF,inflammation,Change From Baseline in DAS28(CRP) [Disease Activity Score-28 (C-reactive Protein)] at Week 28,1,0,Certolizumab
TNF,inflammation,Change From Baseline in Disease Activity Index Score 28 Using C-reactive Protein (DAS28-CRP) at Week 12,1,0,Certolizumab
TNF,inflammation,"Change From Baseline in Disease Activity Scale Based on 28 Joint Count C-Reactive Protein (4 Variables) (DAS28-4 [CRP]) at Week 4, 12 and 24",1,0,Etanercept
TNF,inflammation,Change From Baseline in Disease Activity Score (28 Diarthrodial Joint Count) Based on C-ReactiveProtein (DAS28-CRP) Measure: Non-Arthritic Disease,1,0,Adalimumab
TNF,inflammation,"Change From Baseline in Disease Activity Score 28 (DAS28) C-Reactive Protein (CRP) at Weeks 2, 4, 8, 12, and 16",1,0,Adalimumab
TNF,inflammation,Change from Baseline in Disease Activity Score 28 C-reactive Protein [DAS28-CRP]),1,0,Adalimumab
TNF,inflammation,"Change From Baseline in Disease Activity Score 28-4 (DAS28-4) C-reactive Protein (CRP) at Month 2, 3, 6, 9, 12, 15, 18, 21, 24, 27, 30, 33, 36, 39, 42, 45, 48, 51, 54, 57, 60 and 63",1,0,Adalimumab; Etanercept
TNF,inflammation,Change From Baseline in Disease Activity Score 28-4 (DAS28-4) Including CRP at Month 6,1,0,Adalimumab
TNF,inflammation,Change From Baseline in Disease Activity Score 28-C-reactive Protein (DAS28-CRP),1,0,Adalimumab
TNF,inflammation,Change From Baseline in Disease Activity Score 28-C-Reactive Protein (DAS28-CRP),1,0,Etanercept
TNF,inflammation,"Change From Baseline in Disease Activity Score Based on 28-Joints Count and C-Reactive Protein (3 Variables) (DAS28-3 [CRP]) at Week 2, 4, 6, 8, 10, 12, 16, 20 and 24/ET",1,0,Adalimumab
TNF,inflammation,Change From Baseline in Disease Activity Score for 28 Joints - C-Reactive Protein (DAS28-CRP) Score at Week 24,1,0,Adalimumab; Etanercept
TNF,inflammation,Change From Baseline in Disease Activity Score of 28 Joints Using C-Reactive Protein (DAS28 [CRP]) Score at Day 169,1,0,Golimumab
TNF,inflammation,Change From Baseline in Disease Activity Score-28 (4 Components Based on High-Sensitivity C-Reactive Protein) (DAS28-4 [CRP]): Period 1,1,0,Adalimumab
TNF,inflammation,Change From Baseline in Disease Activity Score-28 (4 Components Based on High-Sensitivity C-Reactive Protein) (DAS28-4 [CRP]): Period 2,1,0,Adalimumab
TNF,inflammation,Change From Baseline in Disease Activity Score-28 (4 Components Based on High-Sensitivity C-Reactive Protein) (DAS28-4 [CRP]): Period 3,1,0,Adalimumab
TNF,inflammation,Change From Baseline in Gene Expression Score for Interleukin 17 (IL-17) in Psoriatic Lesions of Participants Treated With Etanercept,1,0,Etanercept
TNF,inflammation,"Change From Baseline in High Sensitivity C-Reactive Protein (Hs-CRP) Concentration at Week 2, 4, 6, 12, 14, 22 and 30: Period 1",1,0,Infliximab
TNF,inflammation,"Change From Baseline in High Sensitivity C-Reactive Protein (Hs-CRP) Concentration at Week 38, 46 and 54: Period 2",1,0,Infliximab
TNF,inflammation,"Change From Baseline in High Sensitivity C-Reactive Protein (Hs-CRP) Concentration at Week 62, 70 and 78: Period 3",1,0,Infliximab
TNF,inflammation,Change From Baseline in High Sensitivity C-Reactive Protein (Hs-CRP) Over Time,1,0,Adalimumab
TNF,inflammation,Change From Baseline in High Sensitivity C-reactive Protein (hsCRP),1,0,Adalimumab
TNF,inflammation,Change From Baseline in High Sensitivity C-Reactive Protein (hsCRP) at Week 24,1,0,Adalimumab
TNF,inflammation,Change From Baseline in High-sensitivity C-Reactive Protein (Hs-CRP),1,0,Adalimumab
TNF,inflammation,Change From Baseline in High-sensitivity C-reactive Protein (Hs-CRP) at Week 24,1,0,Adalimumab
TNF,inflammation,Change From Baseline in High-Sensitivity C-Reactive Protein (Hs-CRP): Period 1,1,0,Adalimumab
TNF,inflammation,Change From Baseline in High-Sensitivity C-Reactive Protein (Hs-CRP): Period 2,1,0,Adalimumab
TNF,inflammation,Change From Baseline in High-Sensitivity C-Reactive Protein (Hs-CRP): Period 3,1,0,Adalimumab
TNF,inflammation,Change From Baseline in High-Sensitivity C-Reactive Protein (hsCRP),1,0,Adalimumab
TNF,inflammation,"Change From Baseline in Individual ACR Component: High-Sensitivity C-Reactive Protein (hsCRP) at Weeks 2, 4, 12, and 24",1,0,Adalimumab
TNF,inflammation,"Change From Baseline in Individual ACR Component: High-Sensitivity C-Reactive Protein (hsCRP) at Weeks 2, 4, 8, 12, and 16",1,0,Adalimumab
TNF,inflammation,Change from baseline in serum C-Reactive Protein (CRP) level at week 12.,1,0,Adalimumab; Etanercept; Golimumab; Infliximab
TNF,inflammation,Change from baseline in serum C-Reactive Protein (CRP) level at week 24.,1,0,Adalimumab; Etanercept; Golimumab; Infliximab
TNF,inflammation,Change from baseline in serum C-Reactive Protein (CRP) level at week 36.,1,0,Adalimumab; Etanercept; Golimumab; Infliximab
TNF,inflammation,Change from baseline in serum C-Reactive Protein (CRP) level at week 48.,1,0,Adalimumab; Etanercept; Golimumab; Infliximab
TNF,inflammation,Change From Baseline in Serum High Sensitivity C-reactive Protein (hsCRP) at Week 6,1,0,Infliximab
TNF,inflammation,Change From Baseline in Standardized Z-scores of Composite Endpoint Consisting of Clinical Disease Activity Measure DAS28 CRP + Ktrans.,1,0,Infliximab
TNF,inflammation,Change From Baseline in Standardized Z-scores of Composite Endpoint Consisting of Clinical Disease Activity Measure DAS28 CRP + Rheumatoid Arthritis MRI Score (RAMRIS) Synovitis + RAMRIS Osteitis.,1,0,Infliximab
TNF,inflammation,Change From Baseline in the Disease Activity Score Based on a 28 Joint Count (DAS28-C-reactive Protein [CRP]) at Week 12.,1,0,Etanercept
TNF,inflammation,Change From Baseline in the Disease Activity Score Based on a 28-Joint Count and High-sensitivity C-reactive Protein (DAS28-hsCRP),1,0,Adalimumab
TNF,inflammation,Change From Baseline in the Measure of High Sensitivity C-Reactive Protein (CRP),1,0,Adalimumab
TNF,inflammation,Change From Baseline in Total Van Der Heijde Modified Sharp (vdH-S) Score at Week 52 in Patients With Abnormal C-reactive Protein (CRP Greater Than 1.0 mg/dL) at Baseline,1,0,Golimumab
TNF,inflammation,Change From Baseline to Week 12 in Analytic Markers of Inflammation: C-reactive Protein (CRP),1,0,Adalimumab
TNF,inflammation,Change From Baseline to Week 12 in Disease Activity Score (DAS) 28 (C-reactive Protein [CRP]),1,0,Adalimumab
TNF,inflammation,Change From Baseline to Week 16 in the Disease Activity Score-28 (C-Reactive Protein) (DAS28 (CRP)) Response,1,0,Certolizumab
TNF,inflammation,"Change From Randomization in C-Reactive Protein (CRP) Level at Week 6, 12, 18, 24, 30, 36, 42, and 48",1,0,Etanercept
TNF,inflammation,Change in C-Reactive Protein,1,0,Adalimumab
TNF,inflammation,change in C-reactive protein (CRP),1,0,Etanercept
TNF,inflammation,Change in C-reactive Protein (CRP) Concentration Over Time,1,0,Adalimumab
TNF,inflammation,Change in C-reactive Protein (CRP) From Baseline at 24 Hours After Completion of Intravenous Immunoglobulin (IVIG) by Study Arm.,1,0,Infliximab
TNF,inflammation,Change in C-reactive Protein (CRP) From Baseline to Week 12.,1,0,Etanercept
TNF,inflammation,Change in C-Reactive Protein (CRP) Levels From Week 0 to the End of the Study (Week 62),1,0,Certolizumab
TNF,inflammation,Change in C-reactive Protein (CRP) Since Administration of Secukinumab or Adalimumab in Patients Still Treated with the Drug at the End of Follow-up,1,0,Adalimumab
TNF,inflammation,Change in C-reactive Protein (CRP) Since Administration of Secukinumab or Adalimumab in Patients Who Discontinued the Drug,1,0,Adalimumab
TNF,inflammation,"Change in C-reactive Protein (CRP, mg/dL) Concentration Between Baseline and 24 Hours and 2 Weeks Following Study Treatment.",1,0,Infliximab
TNF,inflammation,Change in Cardiometabolic Biomarker - Log C-reactive Protein,1,0,Adalimumab
TNF,inflammation,Change in Cardiometabolic Biomarker - Log Interleukin 6,1,0,Adalimumab
TNF,inflammation,Change in Cardiometabolic Biomarkers: Log C-reactive Protein,1,0,Adalimumab
TNF,inflammation,Change in Cardiometabolic Biomarkers: Log Interleukin 6,1,0,Adalimumab
TNF,inflammation,change in concentrations of cytokines,1,0,Infliximab
TNF,inflammation,Change in CRP and ESR at Each Visit During Period 1,1,0,Etanercept
TNF,inflammation,Change in CRP and ESR at Each Visit During Period 2,1,0,Etanercept
TNF,inflammation,Change in CRP from baseline to week48.,1,0,Etanercept
TNF,inflammation,Change in CRP Levels From Baseline to 6 Months of Treatment in Subjects With Psoriasis and Metabolic Syndrome,1,0,Etanercept
TNF,inflammation,Change in disease activity 28 - C-reactive protein (DAS28 (CRP),1,0,Adalimumab
TNF,inflammation,Change in disease activity measured with DAS28 with CRP and ESR over the 6-month follow up,1,0,Adalimumab
TNF,inflammation,Change in Disease Activity Score 28 (DAS28)-C-reactive Protein (CRP) Score From Baseline (Part 1),1,0,Adalimumab
TNF,inflammation,Change in Disease Activity Score 28 With High Sensitivity C-Reactive Protein (DAS28 [hsCRP]),1,0,Adalimumab
TNF,inflammation,Change in Disease Activity Score From Baseline Based on 28-Joints Count and C-Reactive Protein (3 Variables) (DAS28-3 [CRP]),1,0,Adalimumab
TNF,inflammation,Change in Disease Activity Score From Baseline Based on 28-Joints Count and C-Reactive Protein (4 Variables) (DAS28-4 [CRP]),1,0,Adalimumab
TNF,inflammation,Change in Highly Sensitive C-reactive Protein (Hs-CRP; mg/L),1,0,Etanercept
TNF,inflammation,Change in level of cytokines,1,0,Adalimumab
TNF,inflammation,Change in levels of cytokines in tissue/blood/stool samples,1,0,Infliximab
TNF,inflammation,Change in Pharmacodynamics (PD) Biomarker Levels of C-Reactive Protein (CRP) from Baseline Compared with Placebo,1,0,Adalimumab
TNF,inflammation,Change in proinflammatory cytokines as measured by interleukin 6 value,1,0,Infliximab
TNF,inflammation,Change in proinflammatory cytokines as measured by interleukin-1 receptor antagonist value,1,0,Infliximab
TNF,inflammation,Change in proinflammatory cytokines as measured by tumor necrosis factor,1,0,Infliximab
TNF,inflammation,Change in serum C-reactive protein (CRP) concentration,1,0,Infliximab
TNF,inflammation,Change in Serum CRP Day 0 to Day 56,1,0,Infliximab
TNF,inflammation,Change in the C-reactive Protein from Randomization Day Score,1,0,Etanercept
TNF,inflammation,Change in the Disease Activity Score Using C-reactive Protein (DAS28[CRP]) From Baseline to Week 12 in Non-Switchers Versus Switchers.,1,0,Adalimumab; Etanercept
TNF,inflammation,Change in the Disease Activity Score Using C-reactive Protein (DAS28[CRP]) From Baseline to Week 12.,1,0,Adalimumab; Etanercept
TNF,inflammation,Change of C-reactive protein (CRP) in N group,1,0,Infliximab
TNF,inflammation,Change of C-reactive protein (CRP) in R group,1,0,Infliximab
TNF,inflammation,change of cytokine response,1,0,Infliximab
TNF,inflammation,Change of serum C-reactive protein and ESR compared to baseline 6 to 8 weeks after the last infusion of Remicade,1,0,Infliximab
TNF,inflammation,Changes from baseline in serum C-reactive protein at week 14 and 54,1,0,Infliximab
TNF,inflammation,"changes in absolute numbers, density of immunocompetent cells and inflammatory cytokines expression pattern in psoriasic lesions vs normal skin of the same patient, pre and post-TNF alfa inhibitors treatment.",1,0,Adalimumab; Etanercept; Infliximab
TNF,inflammation,Changes in C-Reactive Protein (CRP),1,0,Infliximab
TNF,inflammation,Changes in C-reactive protein (CRP) compared to baseline,1,0,Adalimumab
TNF,inflammation,"Changes in the degree of inflammation as reflected by the MRI score, cytokines and chemokine levels",1,0,Etanercept; Infliximab
TNF,inflammation,Circulating inflammatory response (pro-inflammatory cytokines) cutaneous inflammatory response,1,0,Adalimumab
TNF,inflammation,Clinical Chemistry: Mean Change From Baseline to Final Values in High-sensitivity C-reactive Protein,1,0,Adalimumab
TNF,inflammation,"Clinical response at Week 26, in the strata defined by CRP ≥ 10 mg/L.",1,0,Certolizumab
TNF,inflammation,Comparison of Plasma Interleukin-6 (IL-6) among different TNF alpha antagonist Therapy in Patients with Rheumatoid Arthritis.,1,0,Adalimumab; Etanercept; Infliximab
TNF,inflammation,"Concentration of additional informative markers (cytokines, chemokines)",1,0,Adalimumab; Etanercept
TNF,inflammation,Concentration of C-reactive Protein (CRP) Value at Week 2,1,0,Certolizumab
TNF,inflammation,Concentration of C-reactive Protein (CRP) Value at Week 4,1,0,Certolizumab
TNF,inflammation,Concentration of C-reactive Protein (CRP) Value at Week 6,1,0,Certolizumab
TNF,inflammation,Consentration of C-reactive protein (CRP),1,0,Adalimumab
TNF,inflammation,Correlation Between Mean C-Reactive Protein (CRP) Plasma Level and Crohn's Disease Activity Index (CDAI) Score at Week 10,1,0,Certolizumab
TNF,inflammation,Correlation Between Mean C-Reactive Protein (CRP) Plasma Level and Crohn's Disease Endoscopic Index of Severity (CDEIS) Score at Week 10 Using Central Blinded Assessment,1,0,Certolizumab
TNF,inflammation,Correlation Between Mean C-Reactive Protein (CRP) Plasma Level and Crohn's Disease Endoscopic Index of Severity (CDEIS) Score at Week 10 Using Local Non-blinded Assessment,1,0,Certolizumab
TNF,inflammation,Correlation Between Mean C-Reactive Protein (CRP) Plasma Level and Histological Crohn's Disease Score at Week 10 Using Central Blinded Assessment,1,0,Certolizumab
TNF,inflammation,Correlation of Dynamic Changes in IP-10 to Cytokine Profile,1,0,Infliximab
TNF,inflammation,Cytokine changes,1,0,Adalimumab
TNF,inflammation,Cytokine features that are associated with good response to FMT,1,0,Infliximab
TNF,inflammation,Cytokines,1,0,Adalimumab
TNF,inflammation,"Cytokines profiles in blood at W0, W4, W10, M6 and M9",1,0,Adalimumab
TNF,inflammation,DAS28(CRP) [Disease Activity Score-28 (C-reactive Protein)] Remission (<2.6) at Week 12,1,0,Certolizumab
TNF,inflammation,DAS28(CRP) [Disease Activity Score-28 (C-reactive Protein)] Remission (<2.6) at Week 28,1,0,Certolizumab
TNF,inflammation,DB Period: Change From Baseline in Disease Activity Score for 28 Joints Based on C-Reactive Protein (DAS28-CRP Score) at Week 24,1,0,Adalimumab
TNF,inflammation,DB Period: Change From Baseline in Individual ACR Component - CRP Level at Week 24,1,0,Adalimumab
TNF,inflammation,decrease in Ankylosing Spondylitis Disease Activity Score (ASDAS- C-reactive protein) ≥1.1,1,0,Etanercept
TNF,inflammation,"Difference in mean serum CRP measured on days 2, 4 and 14",1,0,Infliximab
TNF,inflammation,Disease activity assessed by Disease Activity Score using 28 joints C-reactive protein (DAS28-CRP),1,0,Adalimumab
TNF,inflammation,"Disease Activity Index Score (DAS 28) Response, Using CRP (C-reactive Protein)",1,0,Golimumab
TNF,inflammation,Disease Activity Index Score 28 (DAS 28) (Using C-reactive Protein) Response at Week 14,1,0,Golimumab
TNF,inflammation,Disease Activity Score (28 Joint) Using the C-Reactive Protein Formula (DAS28-CRP) at All Measured Timepoints,1,0,Etanercept
TNF,inflammation,Disease Activity Score 28 joints measured with CRP (DAS28-CRP),1,0,Adalimumab
TNF,inflammation,Disease Activity Score Based on 28-Joints Count and C-Reactive Protein (3 Variables) (DAS28-3 [CRP]),1,0,Adalimumab
TNF,inflammation,Disease Activity Score Based on 28-joints Count and C-Reactive Protein (4 Variables) (DAS28-4 [CRP]),1,0,Infliximab
TNF,inflammation,"Disease Activity Score Based on Assessment of 28 Joints (DAS28), Health Assessment Questionnaire (HAQ), C-reactive Protein (CRP), Erythrocyte Sedimentation Rate (ESR), Infliximab Dosage.",1,0,Infliximab
TNF,inflammation,Disease Activity Score for 28 Joints Based on C-reactive Protein (DAS28[CRP]) at Week 24,1,0,Adalimumab
TNF,inflammation,Efficacy in reducing C-reactive protein,1,0,Infliximab
TNF,inflammation,Efficacy: Mean Change From Baseline in C-reactive Protein (CRP) at Month 6 and 12 in Intention to Treat (ITT) Population,1,0,Adalimumab; Etanercept; Infliximab
TNF,inflammation,Efficacy: Mean Change From Baseline in C-reactive Protein (CRP) at Month 6 and 12 in Standard Population Set (SPS),1,0,Adalimumab; Etanercept; Infliximab
TNF,inflammation,End of Induction Outcomes: Blood CRP Biochemical Remission,1,0,Adalimumab; Infliximab
TNF,inflammation,Endothelial expression of interleukin-1 alpha in muscle biopsies,1,0,Adalimumab
TNF,inflammation,Erythrocyte sedimentation rate (ESR)/C-reactive protein (CRP),1,0,Adalimumab
TNF,inflammation,Ex vivo cytokine levels,1,0,Adalimumab
TNF,inflammation,Geometric Mean C-Reactive Protein (CRP) Level (mg/L) at Week 10,1,0,Certolizumab
TNF,inflammation,Geometric Mean C-Reactive Protein (CRP) Level (mg/L) at Week 52,1,0,Certolizumab
TNF,inflammation,"Granulysin, IL-15 and other cytokine measurements",1,0,Etanercept
TNF,inflammation,Gut Immune Cell Types and Their Cytokine Profile,1,0,Infliximab
TNF,inflammation,High Sensitivity C-reactive protein (hsCRP),1,0,Etanercept
TNF,inflammation,High-sensitivity C-reactive Protein (hsCRP): Median Change From Baseline (Week 0) to Week 26,1,0,Adalimumab
TNF,inflammation,In population with CRP ≥ 10 mg/L at baseline; Time to disease progression up to and including Week 26; Proportion of patients with clinical remission at Week 26; Proportion of patients with IBDQ response at Week 26; F-36,1,0,Certolizumab
TNF,inflammation,In the population with CRP ≥ 10 mg/L at baseline,1,0,Certolizumab
TNF,inflammation,In the population with CRP ≥ 10 mg/L at baseline - % patients in clinical remission at Week 6; % patients in clinical remission at both Week 6 and Week 26; % patients with IBDQ response at Week 6; % patients with IBDQ re,1,0,Certolizumab
TNF,inflammation,inflammatory biomarkers ( C-reactive protein [CRP]),1,0,Infliximab
TNF,inflammation,Interleukin 17 (IL-17),1,0,Etanercept
TNF,inflammation,Interleukin 6 (IL-6),1,0,Etanercept
TNF,inflammation,"Interleukin 6, ng/L",1,0,Etanercept
TNF,inflammation,Interleukin-10,1,0,Infliximab
TNF,inflammation,Interleukin-6,1,0,Infliximab
TNF,inflammation,Interleukin-6 (IL-6),1,0,Etanercept
TNF,inflammation,Mean Change From Baseline in Ankylosing Spondylitis Disease Activity Score (ASDAS) High Sensitivity CRP (hsCRP) Score at Time Points,1,0,Etanercept
TNF,inflammation,"Mean Change From Baseline in C-Reactive Protein (CRP) by Concomitant MTX Dose at Month 2, Month 4, and Month 6",1,0,Golimumab
TNF,inflammation,"Mean Change From Baseline in C-reactive Protein (CRP), a Component of the ACR Criteria by Visit",1,0,Adalimumab
TNF,inflammation,"Mean Change From Baseline in C-reactive Protein (CRP), a Component of the American College of Rheumatology (ACR) Criteria by Visit",1,0,Adalimumab
TNF,inflammation,"Mean Change From Baseline in C-reactive Protein [CRP; mg/dL], a Component of the ACR Criteria, by Visit.",1,0,Adalimumab
TNF,inflammation,Mean Change From Baseline in C-Reactive Protein Levels at Week 48 of the Double-Blind Phase,1,0,Adalimumab
TNF,inflammation,"Mean Change From Baseline in CRP by Baseline Anti-CCP Level at Month 2, Month 4, and Month 6",1,0,Golimumab
TNF,inflammation,"Mean Change From Baseline in CRP by Baseline Level of Disease Activity at Month 2, Month 4, and Month 6",1,0,Golimumab
TNF,inflammation,"Mean Change From Baseline in CRP by Baseline RF Level at Month 2, Month 4, and Month 6",1,0,Golimumab
TNF,inflammation,"Mean Change From Baseline in CRP by Concomitant Corticosteroid Treatment at Month 2, Month 4, and Month 6",1,0,Golimumab
TNF,inflammation,"Mean Change From Baseline in CRP by Concomitant DMARD Background Treatment at Month 2, Month 4, and Month 6",1,0,Golimumab
TNF,inflammation,"Mean Change From Baseline in CRP by Duration of Disease at Month 2, Month 4, and Month 6",1,0,Golimumab
TNF,inflammation,"Mean Change From Baseline in CRP by Eligibility for Anti-TNF Treatment at Month 2, Month 4, and Month 6",1,0,Golimumab
TNF,inflammation,"Mean Change From Baseline in CRP by Participant Baseline Expectation of Treatment Outcome at Month 2, Month 4, and Month 6",1,0,Golimumab
TNF,inflammation,"Mean Change From Baseline in CRP by Physician Experience Level at Month 2, Month 4, and Month 6",1,0,Golimumab
TNF,inflammation,"Mean Change From Baseline in CRP by Physician Experience Level With Biologics at Month 2, Month 4, and Month 6",1,0,Golimumab
TNF,inflammation,"Mean Change From Baseline in CRP by Smoking Status at Month 2, Month 4, and Month 6",1,0,Golimumab
TNF,inflammation,"Mean Change From Baseline in CRP by the Number of DMARD Failures at Month 2, Month 4, and Month 6",1,0,Golimumab
TNF,inflammation,"Mean Change From Baseline in CRP by the Number of Patients Treated by the Physician With Biologics at Month 2, Month 4, and Month 6",1,0,Golimumab
TNF,inflammation,"Mean Change From Baseline in CRP by the the Physician Expectation of Treatment Outcome at Month 2, Month 4, and Month 6",1,0,Golimumab
TNF,inflammation,Mean Change From Baseline in Disease Activity as Measured by Disease Activity Score 28 C-reactive Protein (DAS28-CRP),1,0,Adalimumab
TNF,inflammation,Mean Change From Baseline in High-Sensitivity C-Reactive Protein (Hs-CRP) Over Time,1,0,Adalimumab
TNF,inflammation,Mean Change From Double-blind Baseline in Serum Levels of C-reactive Protein (CRP),1,0,Adalimumab
TNF,inflammation,Mean change in high-sensitivity C-reactive protein (hs-CRP) from baseline,1,0,Adalimumab
TNF,inflammation,Mean change of C-reactive Protein (CRP) among different TNF alpha antagonist Therapy in Patients with Rheumatoid Arthritis.,1,0,Adalimumab; Etanercept; Infliximab
TNF,inflammation,"Mean Lipid Profile, Triglycerides, and C-Reactive Protein (CRP) at Baseline and Week 16",1,0,Adalimumab
TNF,inflammation,Median Change From Baseline in C-Reactive Protein (CRP) at Week 24 and Week 52,1,0,Adalimumab
TNF,inflammation,Normalized Net Incremental Area Under the Curve (AUC) for C-reactive Protein Between Baseline and Week 12,1,0,Etanercept
TNF,inflammation,Number of Participants With a Disease Activity Index Score 28 (Using C-reactive Protein)Moderate or Good Response at Week 14,1,0,Golimumab
TNF,inflammation,Number of Participants With Disease Activity Index Score 28 (DAS 28) Using C-reactive Protein (CRP) Response at Week 14,1,0,Golimumab
TNF,inflammation,Number of Patients With Abnormal Baseline C-reactive Protein (CRP) Who Achieved American College of Rheumatology (ACR) 50 Response at Week 24,1,0,Golimumab
TNF,inflammation,Other Adipocytokines,1,0,Etanercept
TNF,inflammation,Participants With a Decrease in Disease Activity Score Using C-reactive Protein (DAS28[CRP]) Value of >1.2 From Baseline to Week 12 (European League Against Rheumatism (EULAR) Definition of a Moderate Response),1,0,Adalimumab; Etanercept
TNF,inflammation,Participants With a Disease Activity Score Using C-reactive Protein (DAS28[CRP]) Value < 2.6 (Remission) at Week 12,1,0,Adalimumab; Etanercept
TNF,inflammation,Participants With a Disease Activity Score Using C-reactive Protein (DAS28[CRP]) Value <= 3.2 (Low Disease Activity) at Week 12,1,0,Adalimumab; Etanercept
TNF,inflammation,Percent Improvement in C-Reactive Protein From Baseline to Month 12,1,0,Etanercept
TNF,inflammation,"Percent of Subjects With Normal and Abnormal C-Reactive Protein at Weeks 14, 18, 24",1,0,Etanercept
TNF,inflammation,Percentage of Participants Achieving American College of Rheumatology 20 Response Based on C-reactive Protein (ACR20-CRP) at Week 26,1,0,Adalimumab
TNF,inflammation,Percentage of Participants Achieving American College of Rheumatology 50 Response Based on CRP (ACR50-CRP) at Week 26,1,0,Adalimumab
TNF,inflammation,Percentage of Participants Achieving American College of Rheumatology 70 Response Based on CRP (ACR70-CRP) at Week 26,1,0,Adalimumab
TNF,inflammation,"Percentage of Participants Achieving Clinical Remission and CRP <5 Milligram Per Liter (mg/L) at Weeks 26, 52, 78, and 102",1,0,Adalimumab
TNF,inflammation,Percentage of Participants Achieving Disease Activity Score 28 C-reactive Protein [DAS28-CRP]) < 2.6,1,0,Adalimumab
TNF,inflammation,Percentage of Participants Achieving Disease Activity Score 28 C-reactive Protein [DAS28-CRP]) <= 3.2,1,0,Adalimumab
TNF,inflammation,Percentage of Participants Achieving LDA (DAS28-ESR and DAS28-C-reactive Protein [CRP]) at Each Visit During Period 1,1,0,Etanercept
TNF,inflammation,Percentage of Participants Who Achieved Ankylosing Spondylitis Disease Activity Score (ASDAS) C-Reactive Protein (CRP) Clinically Important Improvement: Last Observation Carried Forward (LOCF): Period 1,1,0,Etanercept
TNF,inflammation,Percentage of Participants Who Achieved Ankylosing Spondylitis Disease Activity Score (ASDAS) C-Reactive Protein (CRP) Clinically Important Improvement: Last Observation Carried Forward (LOCF): Period 2,1,0,Etanercept
TNF,inflammation,Percentage of Participants Who Achieved Ankylosing Spondylitis Disease Activity Score (ASDAS) C-Reactive Protein (CRP) Clinically Important Improvement: Last Observation Carried Forward (LOCF): Period 3,1,0,Etanercept
TNF,inflammation,Percentage of Participants Who Achieved Ankylosing Spondylitis Disease Activity Score (ASDAS) C-Reactive Protein (CRP) Clinically Important Improvement: Observed Cases (OC): Period 1,1,0,Etanercept
TNF,inflammation,Percentage of Participants Who Achieved Ankylosing Spondylitis Disease Activity Score (ASDAS) C-Reactive Protein (CRP) Clinically Important Improvement: Observed Cases (OC): Period 2,1,0,Etanercept
TNF,inflammation,Percentage of Participants Who Achieved Ankylosing Spondylitis Disease Activity Score (ASDAS) C-Reactive Protein (CRP) Clinically Important Improvement: Observed Cases (OC): Period 3,1,0,Etanercept
TNF,inflammation,Percentage of Participants Who Achieved Ankylosing Spondylitis Disease Activity Score (ASDAS) C-Reactive Protein (CRP) Major Improvement: Last Observation Carried Forward (LOCF): Period 1,1,0,Etanercept
TNF,inflammation,Percentage of Participants Who Achieved Ankylosing Spondylitis Disease Activity Score (ASDAS) C-Reactive Protein (CRP) Major Improvement: Last Observation Carried Forward (LOCF): Period 2,1,0,Etanercept
TNF,inflammation,Percentage of Participants Who Achieved Ankylosing Spondylitis Disease Activity Score (ASDAS) C-Reactive Protein (CRP) Major Improvement: Last Observation Carried Forward (LOCF): Period 3,1,0,Etanercept
TNF,inflammation,Percentage of Participants Who Achieved Ankylosing Spondylitis Disease Activity Score (ASDAS) C-Reactive Protein (CRP) Major Improvement: Observed Cases (OC): Period 1,1,0,Etanercept
TNF,inflammation,Percentage of Participants Who Achieved Ankylosing Spondylitis Disease Activity Score (ASDAS) C-Reactive Protein (CRP) Major Improvement: Observed Cases (OC): Period 2,1,0,Etanercept
TNF,inflammation,Percentage of Participants Who Achieved Ankylosing Spondylitis Disease Activity Score (ASDAS) C-Reactive Protein (CRP) Major Improvement: Observed Cases (OC): Period 3,1,0,Etanercept
TNF,inflammation,Percentage of Participants Who Achieved Disease Activity Index Score 28 Using C-reactive Protein (DAS28-CRP) Low Disease Activity (LDA) at Week 12,1,0,Certolizumab
TNF,inflammation,Percentage of Participants Who Achieved Disease Activity Index Score 28 Using C-reactive Protein (DAS28-CRP) Remission at Week 12,1,0,Certolizumab
TNF,inflammation,Percentage of Participants Who Achieved Disease Activity Score for 28 Joint Count Using C-Reactive Protein [DAS28 (CRP)] < 2.6 at Week 12,1,0,Adalimumab
TNF,inflammation,Percentage of Participants Who Achieved Disease Activity Score of 28 Joints Using C-Reactive Protein (DAS28 [CRP]) Response at Day 169,1,0,Golimumab
TNF,inflammation,Percentage of Participants Who Achieved ESR-based and C-Reactive Protein (CRP)-Based ACR20 Response at Week 76 Relative to Week 16,1,0,Golimumab
TNF,inflammation,"Percentage of Participants Who Achieved the Ankylosing Spondylitis Disease Activity Score Based on C-Reactive Protein (ASDAS-CRP) Remission Criteria at Month 3, 6, 9 and 12",1,0,Etanercept
TNF,inflammation,Percentage of Participants Who Achieved the Ankylosing Spondylitis Disease Activity Score Based on C-Reactive Protein (ASDAS-CRP) Remission Criteria at Month 6 and Maintained Till Month 12,1,0,Etanercept
TNF,inflammation,Percentage of Participants With 28-Joint Disease Activity Score of C-reactive Protein (DAS28[CRP]) Low Disease Activity at Week 26,1,0,Adalimumab
TNF,inflammation,Percentage of Participants With an American College of Rheumatology 20% (ACR20) C-Reactive Protein (CRP) Response at Week 12,1,0,Etanercept
TNF,inflammation,Percentage of Participants With Ankylosing Spondylitis Disease Activity Score (ASDAS) C-Reactive Protein (CRP) Less Than (<) 1.3: Last Observation Carried Forward (LOCF): Period 1,1,0,Etanercept
TNF,inflammation,Percentage of Participants With Ankylosing Spondylitis Disease Activity Score (ASDAS) C-Reactive Protein (CRP) Less Than (<) 1.3: Last Observation Carried Forward (LOCF): Period 2,1,0,Etanercept
TNF,inflammation,Percentage of Participants With Ankylosing Spondylitis Disease Activity Score (ASDAS) C-Reactive Protein (CRP) Less Than (<) 1.3: Last Observation Carried Forward (LOCF): Period 3,1,0,Etanercept
TNF,inflammation,Percentage of Participants With Ankylosing Spondylitis Disease Activity Score (ASDAS) C-Reactive Protein (CRP) Less Than (<)1.3: Observed Cases (OC): Period 1,1,0,Etanercept
TNF,inflammation,Percentage of Participants With Ankylosing Spondylitis Disease Activity Score (ASDAS) C-Reactive Protein (CRP) Less Than (<)1.3: Observed Cases (OC): Period 2,1,0,Etanercept
TNF,inflammation,Percentage of Participants With Ankylosing Spondylitis Disease Activity Score (ASDAS) C-Reactive Protein (CRP) Less Than (<)1.3: Observed Cases (OC): Period 3,1,0,Etanercept
TNF,inflammation,Percentage of Participants With Disease Activity Score 28-4 (DAS28-4) C-reactive Protein (CRP) <=3.2,1,0,Adalimumab; Etanercept
TNF,inflammation,Percentage of Participants With Disease Remission Based on Normal C-reactive Protein (CRP),1,0,Adalimumab
TNF,inflammation,Percentage of Subjects in Subgroup With 10 mg/L or Greater C-reactive Protein (CRP) at Entry Achieving a Clinical Response at Week 6,1,0,Certolizumab
TNF,inflammation,Percentage of Subjects in Subgroup With 10 mg/L or Greater C-reactive Protein (CRP) at Entry Who Are in Clinical Remission at Week 6,1,0,Certolizumab
TNF,inflammation,Percentage of Subjects in Subgroup With Less Than 10 mg/L C-reactive Protein (CRP) at Entry Achieving a Clinical Response at Week 6,1,0,Certolizumab
TNF,inflammation,Percentage of Subjects in Subgroup With Less Than 10 mg/L C-reactive Protein (CRP) at Entry Who Are in Clinical Remission at Week 6,1,0,Certolizumab
TNF,inflammation,Plasma C-reactive Protein (CRP) Level,1,0,Infliximab
TNF,inflammation,Plasma Concentrations of CRP,1,0,Infliximab
TNF,inflammation,Plasma Concentrations of High-sensitivity C-reactive Protein (Hs-CRP),1,0,Infliximab
TNF,inflammation,Plasma Concentrations of IL-6,1,0,Infliximab
TNF,inflammation,Plasma Concentrations of Interleukin-1 Receptor Antagonist (IL-1Ra),1,0,Infliximab
TNF,inflammation,Plasma Concentrations of Interleukin-6 (IL-6),1,0,Infliximab
TNF,inflammation,Plasma Concentrations of Soluble IL-6 Receptor (sIL-6R),1,0,Infliximab
TNF,inflammation,Plasma Concentrations of Tumor Necrosis Factor Alpha (TNF-α),1,0,Infliximab
TNF,inflammation,"Plasma concentrations of various cytokines, chemokines, and adipokines",1,0,Etanercept
TNF,inflammation,Plasma Cytokine IL6 Level,1,0,Etanercept
TNF,inflammation,Plasma Interleukin-6 (IL-6) Level,1,0,Infliximab
TNF,inflammation,"Predictive value of fecal calprotectin levels, CRP and other serum tests",1,0,Adalimumab
TNF,inflammation,Proportion of Participants With Moderate or Good Response in Disease Activity Index Score 28 (DAS28) Using C-reactive Protein (CRP) at Week 14,1,0,Golimumab
TNF,inflammation,"Proportion of relapse-free subjects through Week 54, time to first relapse, levels of biochemical markers of inflammation and disease activity (eg, ESR, C-reactive protein [CRP], interleukin [IL]-6) , cumulative dose of ",1,0,Infliximab
TNF,inflammation,Ratio From Baseline in CRP (C-reactive Protein) Level at Week 16 in All Patients,1,0,Certolizumab
TNF,inflammation,Ratio From Baseline in CRP (C-reactive Protein) Level at Week 34 in Patients Randomized at Week 18,1,0,Certolizumab
TNF,inflammation,Ratio of C-Reactive Protein (CRP) Level at Last Visit (Week 26 for Completers or the Withdrawal Visit for Premature Withdrawals) to Week 0,1,0,Certolizumab
TNF,inflammation,Ratio of C-Reactive Protein (CRP) Level at Last Visit (Week 34 for Completers or the Withdrawal Visit for Premature Withdrawals) to CRP Level at Week 0,1,0,Certolizumab
TNF,inflammation,Ratio of C-Reactive Protein (CRP) Level at Week 10 to CRP Level at Week 0,1,0,Certolizumab
TNF,inflammation,Ratio of C-Reactive Protein (CRP) Level at Week 12 to CRP Level at Week 0,1,0,Certolizumab
TNF,inflammation,Ratio of C-Reactive Protein (CRP) Level at Week 12 to Week 0,1,0,Certolizumab
TNF,inflammation,Ratio of C-Reactive Protein (CRP) Level at Week 14 to CRP Level at Week 0,1,0,Certolizumab
TNF,inflammation,Ratio of C-Reactive Protein (CRP) Level at Week 16 to CRP Level at Week 0,1,0,Certolizumab
TNF,inflammation,Ratio of C-Reactive Protein (CRP) Level at Week 16 to Week 0,1,0,Certolizumab
TNF,inflammation,Ratio of C-Reactive Protein (CRP) Level at Week 20 to CRP Level at Week 0,1,0,Certolizumab
TNF,inflammation,Ratio of C-Reactive Protein (CRP) Level at Week 20 to Week 0,1,0,Certolizumab
TNF,inflammation,Ratio of C-Reactive Protein (CRP) Level at Week 24 to CRP Level at Week 0,1,0,Certolizumab
TNF,inflammation,Ratio of C-Reactive Protein (CRP) Level at Week 24 to Week 0,1,0,Certolizumab
TNF,inflammation,Ratio of C-Reactive Protein (CRP) Level at Week 26 to Week 0,1,0,Certolizumab
TNF,inflammation,Ratio of C-Reactive Protein (CRP) Level at Week 28 to CRP Level at Week 0,1,0,Certolizumab
TNF,inflammation,Ratio of C-Reactive Protein (CRP) Level at Week 32 to CRP Level at Week 0,1,0,Certolizumab
TNF,inflammation,Ratio of C-Reactive Protein (CRP) Level at Week 34 to CRP Level at Week 0,1,0,Certolizumab
TNF,inflammation,Ratio of C-Reactive Protein (CRP) Level at Week 8 to CRP Level at Week 0,1,0,Certolizumab
TNF,inflammation,Ratio of C-Reactive Protein (CRP) Level at Week 8 to Week 0,1,0,Certolizumab
TNF,inflammation,Ratio of Change C-Reactive Protein (CRP) at Day 169 to Baseline,1,0,Golimumab
TNF,inflammation,Ratio to Baseline of C-Reactive Protein (CRP) Level (mg/L) at Week 10,1,0,Certolizumab
TNF,inflammation,Ratio to Baseline of C-Reactive Protein (CRP) Level (mg/L) at Week 52,1,0,Certolizumab
TNF,inflammation,Remission at 12 weeks (measured by wPCDAI</=12.5 and normal CRP and being off steroids/exclusive enteral nutrition),1,0,Adalimumab
TNF,inflammation,"Secondary objectives will include granulocyte numbers, serum cytokine (CRP, IL-1β and TNFα) levels, rheumatoid arthritis disease activity and changes in anti-CCP and RF levels before and after etanercept therapy.",1,0,Etanercept
TNF,inflammation,Serial Levels of TNF (Tumor Necrosis Factor) and Other Inflammatory Cytokines,1,0,Etanercept
TNF,inflammation,"Serum biomarkers matrix metalloproteinase 3 (MMP3), vascular endothelial growth factor (VEGF), DKK-1, Wnt, RANKL, OPG and cytokines (e.g. IL17, IL23, IL18)",1,0,Adalimumab
TNF,inflammation,serum C-reactive protein (CRP) mg/l,1,0,Adalimumab
TNF,inflammation,Serum C-Reactive Protein (mg/L),1,0,Golimumab
TNF,inflammation,Serum C-reactive protein levels,1,0,Adalimumab
TNF,inflammation,status of remission- Ankylosing Spondylitis Disease Activity Score (ASDAS- C-reactive protein) below 1.3,1,0,Etanercept
TNF,inflammation,"Study Period 1 - CRP (C-reactive Protein) Changes From Baseline in GP2017 and US-licensed Humira Treated at Weeks 4, 12 and 24",1,0,Adalimumab
TNF,inflammation,the median serum C-reactive protein concentration,1,0,Infliximab
TNF,inflammation,"To analyze intracellular cytokine levels, lymphocyte phenotype and plasma cytokine levels in patients with aGVHD before and after treatment with etanercept and to correlate these laboratory endpoints with clinical outcom",1,0,Etanercept
TNF,inflammation,To establish whether a pro-inflammatory baseline cytokine profile predicts better response to treatment with etanercept,1,1,Etanercept
TNF,inflammation,"To Evaluate Associations Between Pneumonitis and Autoantibodies, T Cell Expansion, and Baseline Cytokines in the Blood",1,0,Infliximab
TNF,inflammation,To study changes in hs C-Reactive protein levels and serum lipids levels between Day 0 and Day 112 in patients randomized to adalimumab compared to patients randomized to standard therapy.,1,0,Adalimumab
TNF,inflammation,Week 52 Outcomes: CRP Biochemical Remission,1,0,Adalimumab; Infliximab
TNF,inflammation,Whether biochemic FC or CRP are associated with successful interval lengthening,1,0,Adalimumab
TNF,genomic,Change From Baseline in Composite Gene Expression Score Based on IL-12 Pathway Related Interferon Gamma (IFN-γ)-Modulated Genes in Psoriatic Lesions of Participants Treated With Ustekinumab,1,0,Etanercept
TNF,genomic,change in eGFR (estimated glomerular filtration rate),1,0,Etanercept
TNF,genomic,Change in eGFR Between 3 Months and 24 Months as Measured by CKD-EPI,1,0,Infliximab
TNF,genomic,Change in eGFR Between 3 Months and 24 Months as Measured by MDRD,1,0,Infliximab
TNF,genomic,Change in eGFR Between 6 Months and 24 Months as Measured by CKD-EPI,1,0,Infliximab
TNF,genomic,Change in eGFR Between 6 Months and 24 Months as Measured by MDRD,1,0,Infliximab
TNF,genomic,Change in eGFR Between Post-transplant Nadir and 24 Months as Measured by CKD-EPI,1,0,Infliximab
TNF,genomic,Change in eGFR Between Post-transplant Nadir and 24 Months as Measured by MDRD,1,0,Infliximab
TNF,genomic,Change in Estimated Glomerular Filtration Rate (eGFR),1,0,Adalimumab
TNF,genomic,Cumulative steroid exposure (dose x duration) used for management of irAEs for anti-PD-1 antibody/infliximab compared to anti-PD-1 antibody/placebo patients,1,0,Infliximab
TNF,genomic,eGFR (estimated glomerular filtration rate),1,0,Etanercept
TNF,genomic,eGFR Values as Measured by CKD-EPI,1,0,Infliximab
TNF,genomic,eGFR Values as Measured by MDRD,1,0,Infliximab
TNF,genomic,Gene expression (under- or overexpression) in the peripheral blood mononuclear cells,1,0,Adalimumab; Etanercept; Infliximab
TNF,genomic,Incidence of anti-PD-1 antibody cessation due to immune-related adverse events (irAEs),1,0,Infliximab
TNF,genomic,Incidence of clinically apparent infections in patients treated with anti-PD-1 antibody plus infliximab compared to anti-PD-1 antibody plus placebo,1,0,Infliximab
TNF,genomic,Incidence of colitis in patients treated with anti-PD-1 antibody plus infliximab compared to anti-PD-1 antibody plus placebo,1,0,Infliximab
TNF,genomic,Incidence of diarrhea in patients treated with anti-PD-1 antibody plus infliximab compared to anti-PD-1 antibody plus placebo,1,0,Infliximab
TNF,genomic,Incidence of immune-related adverse events (irAE) in patients treated with anti-PD-1 plus infliximab compared to pembrolizumab plus placebo,1,0,Infliximab
TNF,genomic,Incidence of severe immune-related adverse events (irAEs) (grade 3-5) in patients treated with anti-PD-1 antibody plus infliximab compared to anti-PD-1 antibody plus placebo,1,0,Infliximab
TNF,genomic,Overall survival rate of patients receiving combination anti-PD-1 antibody/infliximab compared with anti-PD-1 antibody/placebo,1,0,Infliximab
TNF,genomic,Percentage Change in IL17A Gene Expression,1,0,Etanercept
TNF,genomic,Percentage of participants experiencing circulating tumor cells (CTC) response,1,0,Etanercept
TNF,genomic,Progression free survival rate of patients receiving combination anti-PD-1 antibody /infliximab compared with anti-PD-1 antibody/placebo,1,0,Infliximab
TNF,genomic,Response rate of patients receiving combination anti-PD-1 antibody/infliximab compared with anti-PD-1 antibody/placebo,1,0,Infliximab
TNF,genomic,The Difference Between the Mean eGFR (Modified MDRD) in the Experimental vs. Control Groups.,1,0,Infliximab
TNF,PK,%AUCextrap,1,0,Adalimumab
TNF,PK,Active Treatment Period: C-peptide Area Under the Concentration-time Curve (AUC) Calculated From a 4 Hour Mixed Meal Tolerance Test (MMTT) at Week 52,1,0,Golimumab
TNF,PK,Active Treatment Period: C-peptide Area Under the Concentration-time Curve (AUC) Calculated From a 4 Hour Mixed Meal Tolerance Test (MMTT) Over Time,1,0,Golimumab
TNF,PK,Adalimumab pharmacokinetics,1,0,Adalimumab
TNF,PK,Adalimumab trough,1,0,Adalimumab
TNF,PK,Adalimumab trough level,1,0,Adalimumab
TNF,PK,anti-etanercept serum concentration,1,0,Etanercept
TNF,PK,area under the concentration time curve (AUC) from time 0 to 2 weeks (AUC0-2wk),1,0,Adalimumab
TNF,PK,area under the concentration time curve (AUC) from time 0 to 2 weeks (AUC0-2wk) for adalimumab EU as compared to adalimumab US,1,0,Adalimumab
TNF,PK,"Area Under the Concentration Time Curve (AUC) From Time Zero to Infinity (AUC 0-∞) of BI 695501, US-licensed Humira® or EU-approved Humira®",1,0,Adalimumab
TNF,PK,"Area Under the Concentration Time Curve From Time 0 to Time 24 of GDC-0853 at Steady State (AUC0-24,ss)",1,0,Adalimumab
TNF,PK,"Area Under the Concentration Time Curve From Time Zero to Last Measurable Concentration (AUC0-tz) of BI 695501, US-licensed Humira® or EU-approved Humira®",1,0,Adalimumab
TNF,PK,Area Under the Concentration-Time Curve (AUC),1,0,Etanercept
TNF,PK,Area under the Concentration-Time Curve (AUC) from Time Zero extrapolated to infinity (AUCInf),1,0,Adalimumab
TNF,PK,Area under the concentration-time curve (AUC) over the dosing interval of acapatamab,1,0,Etanercept
TNF,PK,Area under the Concentration-Time Curve (AUC) time Zero to 2 weeks after Dosing,1,0,Adalimumab
TNF,PK,Area under the concentration-time curve extrapolated from time t to infinity as a percentage of total AUC (%AUCextrap),1,0,Adalimumab
TNF,PK,Area under the concentration-time curve from time 0 to infinity (AUCinf),1,0,Adalimumab
TNF,PK,Area under the concentration-time curve from time zero to 1008 hours (AUC1008),1,0,Adalimumab
TNF,PK,Area under the concentration-time curve from time zero to 1680 hours (AUC1680),1,0,Adalimumab
TNF,PK,Area under the concentration-time curve from time zero to 336 hours (AUC336),1,0,Adalimumab
TNF,PK,Area under the concentration-time curve from time zero to 672 hours (AUC672),1,0,Adalimumab
TNF,PK,Area under the concentration-time curve from time zero to infinity(AUCinf),1,0,Adalimumab
TNF,PK,Area under the concentration-time curve from time zero to the last quantifiable concentration(AUClast),1,0,Adalimumab
TNF,PK,Area Under the Concentration-time Curve of the BI 695501 in Plasma Over the Time Interval From 0 Extrapolated to Infinity (AUC0-∞),1,0,Adalimumab
TNF,PK,Area Under the Concentration-time Curve of the BI 695501 in Plasma Over the Time Interval From 0 to the Time of the Last Quantifiable Data Point (AUC0-tz),1,0,Adalimumab
TNF,PK,Area under the concentration-time curve over a 24-hour period (AUC24) of acapatamab when administered with CYP enzymes,1,0,Etanercept
TNF,PK,Area Under the Concentration-time Curve Over One Dosing Interval (AUC0-tau) of Certolizumab Pegol,1,0,Certolizumab
TNF,PK,Area under the concentration-time curve over the dosing interval (AUCtau),1,0,Adalimumab
TNF,PK,"Area under the concentration-time curve over the dosing interval from Week 26 to Week 28 (AUCtau,26-28)",1,0,Adalimumab
TNF,PK,Area Under the Curve (AUC) C-peptide,1,0,Etanercept
TNF,PK,Area Under the Curve (AUC) of RO7293583,1,0,Adalimumab
TNF,PK,Area Under the Curve (AUC) over 48 weeks for CDAI,1,0,Adalimumab
TNF,PK,Area Under the Curve (AUC; From Start of the Study to Each Study Visit) of Subjects' Who Improved at Least 20% in ACR Response Criteria (ACR20 Response),1,0,Adalimumab
TNF,PK,Area Under the Curve From Time 0 Over the Dosing Interval (AUCtau) of ABP 501 (Switching Group) and Adalimumab (Continued-use Group),1,0,Adalimumab
TNF,PK,Area Under the Curve From Time Zero to Last Quantifiable Concentration [AUC (0-T)],1,0,Adalimumab
TNF,PK,Area Under the Curve From Time Zero to Last Quantifiable Concentration [AUC (0-T)] for adalimumab EU as compared to adalimumab US,1,0,Adalimumab
TNF,PK,Area Under the Curve From Time Zero to Last Time Point with Quantifiable Concentration (AUClast),1,0,Adalimumab
TNF,PK,Area under the plasma concentration-time curve (AUC),1,0,Adalimumab
TNF,PK,Area Under the Plasma Concentration-time Curve at Steady State Phase,1,0,Infliximab
TNF,PK,Area Under the Plasma Concentration-time Curve From Zero (0) Hours Extrapolated to infinite time After the Single Infusion of CMAB008/Remicade,1,0,Infliximab
TNF,PK,Area Under the Plasma Concentration-time Curve From Zero (0) Hours to 1680 Hours After the Single Infusion of CMAB008/Remicade,1,0,Infliximab
TNF,PK,Area Under the Plasma Concentration-time Curve From Zero (0) Hours to 1680 Hours of Adalimumab After Single SC Injection of BCD-057/Humira.,1,0,Adalimumab
TNF,PK,Area Under the Plasma Concentration-time Curve From Zero (0) Hours to 336 Hours After the Single Infusion of BCD-055/Remicade,1,0,Infliximab
TNF,PK,Area Under the Plasma Concentration-time Curve From Zero (0) Hours to the last quantifiable concentration,1,0,Adalimumab
TNF,PK,Area under the plasma concentration-time curve from zero up to infinity (AUC),1,0,Certolizumab
TNF,PK,Area under the plasma drug concentration-time curve from time 0 to infinity (AUC),1,0,Certolizumab
TNF,PK,Area Under the Plasma Drug Concentration-time Curve From Time 0 to Infinity (AUC),1,0,Certolizumab
TNF,PK,Area Under the Plasma Drug Concentration-time Curve From Time 0 to the Last Quantifiable Point (AUC(0-t)),1,0,Certolizumab
TNF,PK,"Area under the plasma drug concentration-time curve from time 0 to the last quantifiable point (AUC(0-t),)",1,0,Certolizumab
TNF,PK,Area Under the Serum Concentration- Time Curve ob adalimumab (ABC0-∞),1,0,Adalimumab
TNF,PK,Area under the serum concentration-time curve (AUC) from 0 to final sampling time point,1,0,Adalimumab
TNF,PK,Area Under the Serum Concentration-time Curve From 0 to 168 Hours (AUC0-168) for Etanercept,1,0,Etanercept
TNF,PK,Area Under the Serum Concentration-time Curve from Time 0 to the Last Quantifiable Concentration (AUClast) of ABP 501,1,0,Adalimumab
TNF,PK,Area Under the Serum Concentration-time Curve of adalimumab (ABC0-t),1,0,Adalimumab
TNF,PK,Area Under the Serum Concentration-Time Curve Over the Dosing Interval (AUCtau) of Adalimumab,1,0,Adalimumab
TNF,PK,"AUC (0-1032) of BI 695501, US-licensed Humira® or EU-approved Humira®",1,0,Adalimumab
TNF,PK,"AUC (0-168) of BI 695501, US-licensed Humira® or EU-approved Humira®",1,0,Adalimumab
TNF,PK,"AUC (0-312) of BI 695501, US-licensed Humira® or EU-approved Humira®",1,0,Adalimumab
TNF,PK,"AUC (0-480) of BI 695501, US-licensed Humira® or EU-approved Humira®",1,0,Adalimumab
TNF,PK,"AUC (0-648) of BI 695501, US-licensed Humira® or EU-approved Humira®",1,0,Adalimumab
TNF,PK,AUC 0-∞,1,0,Adalimumab
TNF,PK,"AUC 0-∞,Obs of BI 695501, US-licensed Humira® or EU-approved Humira®",1,0,Adalimumab
TNF,PK,AUC extrapolated to infinity (AUC0inf),1,0,Adalimumab
TNF,PK,AUC extrapolated to infinity (AUC0inf) for adalimumab EU as compared to adalimumab US,1,0,Adalimumab
TNF,PK,AUC from 0 to infinity,1,0,Adalimumab
TNF,PK,AUC from 0 to the last measurable concentration,1,0,Adalimumab
TNF,PK,AUC Glucose,1,0,Etanercept
TNF,PK,AUC τ,1,0,Infliximab
TNF,PK,AUC(0-1680),1,0,Adalimumab
TNF,PK,AUC(0-∞),1,0,Adalimumab
TNF,PK,AUC0-last (area under the concentration-time curve from time zero to the last non-zero concentration) and AUC0-inf (area under the concentration-time curve from time zero to infinity),1,0,Adalimumab
TNF,PK,AUC0-tz,1,0,Adalimumab
TNF,PK,AUCinf,1,0,Adalimumab
TNF,PK,AUCinf ACUinf,1,0,Etanercept
TNF,PK,AUCinf of ABP 501,1,0,Adalimumab
TNF,PK,AUCinf of Adalimumab,1,0,Adalimumab
TNF,PK,AUCinf of Ruxolitinib After Single (Cycle 1 Day 1) and Multiple (Cycle 1 Day 15) Doses,1,0,Infliximab
TNF,PK,AUClast of Adalimumab,1,0,Adalimumab
TNF,PK,AUClast of Ruxolitinib After Single (Cycle 1 Day 1) and Multiple (Cycle 1 Day 15) Doses,1,0,Infliximab
TNF,PK,Average Serum Concentration (Cav) of Adalimumab,1,0,Adalimumab
TNF,PK,Bayesian Area Under Curve at Steady State (AUCss) Over an 8-week Dosing Interval at Week 28,1,0,Golimumab
TNF,PK,Baysesian Area Under Curve at Steady State (AUCss) at Week 52,1,0,Golimumab
TNF,PK,Bimekizumab Plasma Concentration at Day 1 (Prior to First Dose),1,0,Adalimumab
TNF,PK,Bimekizumab Plasma Concentration at Week 12,1,0,Adalimumab
TNF,PK,Bimekizumab Plasma Concentration at Week 2,1,0,Adalimumab
TNF,PK,Bimekizumab Plasma Concentration at Week 30,1,0,Adalimumab
TNF,PK,Bimekizumab Plasma Concentration at Week 4,1,0,Adalimumab
TNF,PK,Bimekizumab Plasma Concentration at Week 8,1,0,Adalimumab
TNF,PK,Blood trough concentration of infliximab or vedolizumab,1,0,Infliximab
TNF,PK,"C-peptide: Area Under the Curve (AUC 0-120 Min) During an MMTT, Change From Baseline",1,0,Etanercept
TNF,PK,Certolizumab Pegol (CZP) Plasma Concentration During the Study,1,0,Certolizumab
TNF,PK,Certolizumab Pegol (CZP) Plasma Concentration Level at Week 16,1,0,Certolizumab
TNF,PK,Certolizumab Pegol (CZP) Plasma Concentration Level at Week 48,1,0,Certolizumab
TNF,PK,Certolizumab Pegol Plasma Concentration at Baseline,1,0,Certolizumab
TNF,PK,Certolizumab Pegol Plasma Concentration at Follow-Up (FU) Visit,1,0,Certolizumab
TNF,PK,Certolizumab Pegol Plasma Concentration at Week 1,1,0,Certolizumab
TNF,PK,Certolizumab Pegol Plasma Concentration at Week 12,1,0,Certolizumab
TNF,PK,Certolizumab Pegol Plasma Concentration at Week 2,1,0,Certolizumab
TNF,PK,Certolizumab Pegol Plasma Concentration at Week 24,1,0,Certolizumab
TNF,PK,Certolizumab Pegol Plasma Concentration at Week 36,1,0,Certolizumab
TNF,PK,Certolizumab Pegol Plasma Concentration at Week 4,1,0,Certolizumab
TNF,PK,Certolizumab Pegol Plasma Concentration at Week 52,1,0,Certolizumab
TNF,PK,Change From Baseline in Adjusted Mean of American College of Rheumatology Response (ACR-N) Area Under Curve (AUC) Over 16 Weeks,1,0,Etanercept
TNF,PK,Change From Baseline in Mini BASDAI at Week 8 (AUC).,1,0,Etanercept
TNF,PK,Change in individuals drug serum concentration,1,0,Adalimumab; Certolizumab; Infliximab
TNF,PK,Change of 2-hour mixed meal stimulated C-peptide AUC,1,0,Etanercept
TNF,PK,Characterizing the PK and PK-PD variability of infliximab in RA,1,0,Infliximab
TNF,PK,"CL/F (apparent body clearance, calculated as Dose/AUC0-inf)",1,0,Adalimumab
TNF,PK,Cmax (maximum observed concentration),1,0,Adalimumab
TNF,PK,Cmax of ABP 501,1,0,Adalimumab
TNF,PK,Cmax of Adalimumab,1,0,Adalimumab
TNF,PK,Cmax of Ruxolitinib After Single (Cycle 1 Day 1) and Multiple (Cycle 1 Day 15) Doses,1,0,Infliximab
TNF,PK,Comparison of Etanercept Serum Concentrations Between the 10 mg and 25 mg Etanercept Doses,1,0,Etanercept
TNF,PK,Correlation between Golimumab trough levels and Clinical remission,1,0,Golimumab
TNF,PK,Correlation between Golimumab trough levels and Clinical response,1,0,Golimumab
TNF,PK,Correlation between Golimumab trough levels and Endoscopic healing,1,0,Golimumab
TNF,PK,Correlation between Golimumab trough levels and Endoscopic remission,1,0,Golimumab
TNF,PK,Correlation between Golimumab trough levels and Histological remission,1,0,Golimumab
TNF,PK,Correlation of 6-TGN serum levels with IFX serum trough levels,1,0,Infliximab
TNF,PK,DB Period: Pharmacokinetics: Serum Trough (Pre-dose) Concentrations of Functional Sarilumab,1,0,Adalimumab
TNF,PK,DB; DAS 28 (ESR) Area Under The Curve (AUC) Over 12 Months For ABA Versus INF,1,0,Infliximab
TNF,PK,Determine the immune response of golimumab in Japanese and Caucasian Male subjects,1,0,Golimumab
TNF,PK,Difference Between Percent Change in IAUC From Days -28 to 1 and Days 1 to 29,1,0,Etanercept
TNF,PK,Difference Between Percent Change in IAUC From Days -28 to 1 and Days 1 to 57,1,0,Etanercept
TNF,PK,Difference Between Percent Change in IAUC From Days -28 to 1 and Days 1 to 85,1,0,Etanercept
TNF,PK,Direct costs [Pharmacokinetics],1,0,Infliximab
TNF,PK,Etanercept Serum Concentration,1,0,Etanercept
TNF,PK,"Evaluate pharmacokinetics, immunogenicity, structural damage and pharmacodynamics over the study period",1,0,Etanercept; Infliximab
TNF,PK,Evaluation of 6-TGN serum levels and IFX trough levels,1,0,Infliximab
TNF,PK,Evolution of FC and anti-TNF trough levels in the first 16 weeks after reverting to previous dosing interval,1,0,Adalimumab; Infliximab
TNF,PK,Exploratory outcomes: trough level of infliximab to reach clinical remission,1,0,Infliximab
TNF,PK,Exploratory outcomes: trough level of infliximab to reach deep remission,1,0,Infliximab
TNF,PK,Extrapolated portion of the AUC (AUC_ext ),1,0,Certolizumab
TNF,PK,Fecal trough concentration of infliximab or vedolizumab,1,0,Infliximab
TNF,PK,Geometric Mean of Plasma Concentration of Certolizumab Pegol at Week 24 Visit,1,0,Certolizumab
TNF,PK,Impact on insulin secretion determined by 2-hour MMTT stimulated AUC C-peptide 10 weeks after first vedolizumab dose and 52 weeks after randomization.,1,0,Etanercept
TNF,PK,Individual pharmacokinetic modelisation of infliximab,1,0,Infliximab
TNF,PK,Infliximab trough concentration target attainment and area under the concentration-time curve,1,0,Infliximab
TNF,PK,Influence of patient characteristics on adalimumab serum trough concentrations,1,0,Adalimumab
TNF,PK,Last trough concentration of the first subcutaneous agent,1,0,Infliximab
TNF,PK,maximal serum concentration (Cmax),1,0,Adalimumab
TNF,PK,maximal serum concentration (Cmax) for adalimumab EU as compared to adalimumab US,1,0,Adalimumab
TNF,PK,"Maximum Concentration (Cmax) of BI 695501, US-licensed Humira® or EU-approved Humira®",1,0,Adalimumab
TNF,PK,Maximum Concentration (Cmax) of RO7293583,1,0,Adalimumab
TNF,PK,"Maximum concentration over the dosing interval from Week 26 to Week 28 (Cmax, 26-28)",1,0,Adalimumab
TNF,PK,Maximum Concentration（Cmax） of Adalimumab After Single SC Injection of HLX03/Humira,1,0,Adalimumab
TNF,PK,Maximum Measured Concentration of the BI 695501 in Plasma (Cmax),1,0,Adalimumab
TNF,PK,"Maximum Observed Plasma Concentration of GDC-0853 at Steady State (Cmax,ss)",1,0,Adalimumab
TNF,PK,Maximum Observed Serum Concentration (Cmax),1,0,Adalimumab
TNF,PK,Maximum Observed Serum Concentration (Cmax) of Adalimumab,1,0,Adalimumab
TNF,PK,Maximum Observed Serum Concentration (Cmax) of Etanercept,1,0,Etanercept
TNF,PK,Maximum Plasma Concentration (Cmax),1,0,Certolizumab
TNF,PK,Maximum Serum Concentration (Cmax) of ABP 501 (Switching Group) and Adalimumab (Continued-use Group),1,0,Adalimumab
TNF,PK,Maximum serum concentration (Cmax) of acapatamab,1,0,Etanercept
TNF,PK,Maximum serum concentration (Cmax) of acapatamab when administered with CYP enzymes,1,0,Etanercept
TNF,PK,Maximum serum concentration during the dosing interval (Cmax),1,0,Adalimumab
TNF,PK,Maximum serum concentration(Cmax),1,0,Adalimumab
TNF,PK,"Mean Serum Adalimumab Trough Concentrations at Week 0, Week 12, and Week 24",1,0,Adalimumab
TNF,PK,Measurement of drug serum concentrations,1,0,Adalimumab; Certolizumab; Infliximab
TNF,PK,Minimum Observed Plasma Concentration (Cmin) Post 10 Weeks of Certolizumab Pegol Dosing,1,0,Certolizumab
TNF,PK,"Minimum Observed Plasma Concentration of GDC-0853 at Steady State (Cmin,ss)",1,0,Adalimumab
TNF,PK,Minimum serum concentration (Cmin) of acapatamab,1,0,Etanercept
TNF,PK,Normalized Net Incremental Area Under the Curve (AUC) for Bath Ankylosing Spondylitis-Global Score (BAS-G) Visual Analog Scale Between Baseline and Week 12,1,0,Etanercept
TNF,PK,Normalized Net Incremental Area Under the Curve (AUC) for Erythtocyte Sedimentation Rate Between Baseline and Week 12,1,0,Etanercept
TNF,PK,Normalized Net Incremental Area Under the Curve (AUC) for Nocturnal Back Pain Between Baseline and Week 12,1,0,Etanercept
TNF,PK,Normalized Net Incremental Area Under the Curve (AUC) for Patient Global Assessment (PGA) Between Baseline and Week 12,1,0,Etanercept
TNF,PK,Normalized Net Incremental Area Under the Curve (AUC) for Patient Global Assessment of Disease Activity (PGA) Between Randomization and Week 12,1,0,Etanercept
TNF,PK,Normalized Net Incremental Area Under the Curve (AUC) for Physician Global Assessment (PGA) Between Baseline and Week 12,1,0,Etanercept
TNF,PK,Normalized Net Incremental Area Under the Curve (AUC) for the Bath Ankylosing Spondylitis Disease Activities Index (BASDAI) Between Randomization and Week 12,1,0,Etanercept
TNF,PK,Normalized Net Incremental Area Under the Curve (AUC) for the Bath Ankylosing Spondylitis Functional Index (BASFI) Between Baseline and Week 12,1,0,Etanercept
TNF,PK,Normalized Net Incremental Area Under the Curve (AUC) for the Bath Ankylosing Spondylitis Metrology Index (BASMI) Between Baseline and Week 12,1,0,Etanercept
TNF,PK,Normalized Net Incremental Area Under the Curve (AUC) for the Chest Expansion Test Between Baseline and Week 12,1,0,Etanercept
TNF,PK,Normalized Net Incremental Area Under the Curve (AUC) for Total Back Pain Between Baseline and Week 12,1,0,Etanercept
TNF,PK,Objectively assessed therapy adherence using adalimumab trough concentrations,1,0,Adalimumab
TNF,PK,Occurrence of glaucoma,1,0,Infliximab
TNF,PK,OLE Period: Pharmacokinetics: Serum Trough (Pre-dose) Concentrations of Functional Sarilumab,1,0,Adalimumab
TNF,PK,Other objectives of this trial are to evaluate pharmacokinetics (PK) and pharmacodynamics (PD) in the treatment of patients with COPD-related cachexia.,1,0,Infliximab
TNF,PK,Part 1: Area Under the Concentration-time Curve of Etanercept from Time Zero to Infinite time (AUC [0-Infinity]),1,0,Etanercept
TNF,PK,Part 1: Area Under the Concentration-time Curve of Etanercept from Time Zero to Time of Last Observed Quantifiable Concentration (AUC [0-Last]),1,0,Etanercept
TNF,PK,Part 1: AUCR of Nipocalimab,1,0,Etanercept
TNF,PK,Part 1: CmaxR of Nipocalimab,1,0,Etanercept
TNF,PK,Part 1: Maximum Observed Concentration (Cmax) of Etanercept,1,0,Etanercept
TNF,PK,Part 1: Ratio of Area Under the Concentration-time Curve (AUCR) of Etanercept,1,0,Etanercept
TNF,PK,Part 1: Ratio of Maximum Observed Concentration (CmaxR) of Etanercept,1,0,Etanercept
TNF,PK,Part 2: Number of Participants with Receptor Occupancy (RO) Levels of Nipocalimab,1,0,Etanercept
TNF,PK,Part A - Area under the plasma concentration-time curve,1,0,Etanercept
TNF,PK,Part A - Maximum Plasma Concentration,1,0,Etanercept
TNF,PK,Parts 1 and 2: AUC (0-Infinity) of Nipocalimab,1,0,Etanercept
TNF,PK,Parts 1 and 2: AUC (0-Last) of Nipocalimab,1,0,Etanercept
TNF,PK,Parts 1 and 2: Cmax of Nipocalimab,1,0,Etanercept
TNF,PK,PASI 12-month AUC (Time Adjusted Total PASI Score Over the 12 Month Period),1,0,Infliximab
TNF,PK,PASI 6-month Area Under the Curve (AUC); (Time Adjusted Total PASI Score Over the 6 Month Period),1,0,Infliximab
TNF,PK,PASI Area Under the Curve (AUC) Between Randomization and Week 24,1,0,Etanercept
TNF,PK,Peak Serum Concentration of adalimumab (Cmax),1,0,Adalimumab
TNF,PK,Percent Change in Synovial Initial Area Under the (Contrast-time) Curve (IAUC) From Days 1-29,1,0,Etanercept
TNF,PK,Percent Change in the Synovial Initial Area Under the Contrast-Time Curve (IAUC) From Days 1-85,1,0,Etanercept
TNF,PK,Percent Change in the Synovial Initial Area Under the Contrast-Tme Curve (IAUC) From Days 1-57,1,0,Etanercept
TNF,PK,Percentage of Participants Who Acheived ACR 20 Response at Week 24 With Trough Infliximab Levels Below the Lower Limit of Quantification (LLOQ),1,0,Golimumab
TNF,PK,Pharmacokinetic (PK) Parameter: Serum Concentration of Functional and Bound Sarilumab,1,0,Golimumab
TNF,PK,pharmacokinetic profile of a single subcutaneous dose of 40 and 80 mg adalimumab,1,0,Adalimumab
TNF,PK,Pharmacokinetic properties of infliximab,1,0,Infliximab
TNF,PK,Pharmacokinetic properties of infliximab in AS patients with or without methotrexate,1,0,Infliximab
TNF,PK,Pharmacokinetics (area under the plasma concentration versus time curve [AUC] and Peak Plasma Concentration [Cmax]) of golimumab in Chinese male subjects,1,0,Golimumab
TNF,PK,"Pharmacokinetics (PK) (Cmax, AUClast, AUCinf, t1/2, systemic clearance, and volume of distribution) following IV administration",1,0,Golimumab
TNF,PK,"Pharmacokinetics (PK) [Cmax, tmax, AUC (0-4wk), t1/2 for last dose only, R[AUC(0-4wk)] following SC administration",1,0,Golimumab
TNF,PK,Pharmacokinetics (PK): Trough Concentrations (C-trough) of Ixekizumab (Ixekizumab - OLE Period),1,0,Adalimumab
TNF,PK,Pharmacokinetics (PK): Trough Concentrations (C-trough) of Ixekizumab (Ixekizumab - OLT Period),1,0,Adalimumab
TNF,PK,Pharmacokinetics (PK): Trough Ixekizumab Concentration at Steady State (Ctrough ss),1,0,Etanercept
TNF,PK,Pharmacokinetics (study of what the body does to the drug) of golimumab in Japanese and Caucasian Male subjects,1,0,Golimumab
TNF,PK,Pharmacokinetics assessment,1,0,Adalimumab
TNF,PK,"Pharmacokinetics of Etrolizumab: Serum Concentration, GA28948 Population",1,0,Adalimumab
TNF,PK,"Pharmacokinetics of Etrolizumab: Serum Concentration, GA28949 Population",1,0,Adalimumab
TNF,PK,Pharmacokinetics: Area under the plasma concentration versus time curve (AUC) of 40 participants will be measured and reported,1,0,Adalimumab
TNF,PK,Pharmacokinetics: Etrolizumab Serum Concentration,1,0,Infliximab
TNF,PK,Pharmacokinetics: Peak Plasma Concentration (Cmax) of 40 participants will be measured and reported,1,0,Adalimumab
TNF,PK,Pharmacokinetics: Trough Ixekizumab Concentration at Steady State (Ctrough ss),1,0,Adalimumab
TNF,PK,PK : Area Under the Curve From Time Zero Extrapolated to Infinite Time (AUCinf),1,0,Infliximab
TNF,PK,PK : Area Under the Curve From Time Zero to Last Quantifiable Concentration (AUCt),1,0,Infliximab
TNF,PK,PK : Area under the serum concentration versus time curve(AUC),1,0,Infliximab
TNF,PK,PK data (golimumab trough levels and antibodies against golimumab),1,0,Golimumab
TNF,PK,Plasma Concentration of Certolizumab Pegol (CZP),1,0,Certolizumab
TNF,PK,Plasma Concentration of Certolizumab Pegol (CZP) During the Study,1,0,Certolizumab
TNF,PK,Plasma concentrations of adalimumab and derived pharmacokinetic parameters other than CL/F,1,0,Adalimumab
TNF,PK,Plasma concentrations of Certolizumab pegol (CZP) at Week 16,1,0,Certolizumab
TNF,PK,Plasma concentrations of CZP at Week 52,1,0,Certolizumab
TNF,PK,Plasma concentrations of golimumab following IV administration,1,0,Golimumab
TNF,PK,Plasma concentrations of golimumab following SC administration,1,0,Golimumab
TNF,PK,Plasma concentrations of GSK2800528 and derived pharmacokinetic parameters other than CL/F,1,0,Adalimumab
TNF,PK,Plasma Concentrations of Tumor Necrosis Factor (TNF) Receptor 2 (TNFR2),1,0,Infliximab
TNF,PK,Plasma Concentrations of Tumor Necrosis Factor (TNF)-Alpha,1,0,Infliximab
TNF,PK,"Population Pharmacokinetics (PK): Peak Concentration at Steady State (Cmax,ss) of Baricitinib",1,0,Adalimumab
TNF,PK,"Population PK: Area Under the Concentration Versus Time Curve at a Dosing Interval at Steady State (AUCtau,ss) of Baricitinib",1,0,Adalimumab
TNF,PK,Pre-dose Serum Concentration During Multiple Dosing (Ctrough) of Adalimumab,1,0,Adalimumab
TNF,PK,"Predictors of IFX Trough Levels at weeks 4, 12, and 24. Factors included in this analysis will be sex, age, body mass index (BMI), wPCDAI, IBD laboratory values, antibodies to Infliximab (ATI), dose, and interval of IFX ",1,0,Infliximab
TNF,PK,Profile PK parameters of AUC (0-∞),1,0,Etanercept
TNF,PK,Profile PK parameters of AUC (C max ),1,0,Etanercept
TNF,PK,Proportion of patients with IFX Trough Levels ≥ 5 µg/mL at week 12 without treatment escalation,1,0,Infliximab
TNF,PK,Proportion of patients with IFX Trough Levels ≥ 5 µg/mL at week 24 without the need for treatment escalation,1,0,Infliximab
TNF,PK,Ratio of the geometric mean of etanercept (ENBREL®) administered by auto-injector Scandinavian Health Limited-SHL) to etanercept administered by manual injection for the pharmacokinetic (PK) parameter of AUC(0-t),1,0,Etanercept
TNF,PK,Ratio of the geometric means of etanercept by auto-injector to etanercept by manual injection for the PK parameter of AUC (0-t),1,0,Etanercept
TNF,PK,Relation between adalimumab trough concentrations and treatment response,1,0,Adalimumab
TNF,PK,Relation between adalimumab trough concentrations in serum and skin samples,1,0,Adalimumab
TNF,PK,Residual area (%AUCextrap) [percent extrapolated area under the curve to infinity calculated as 100*(1- AUC0-last / AUC0-inf)],1,0,Adalimumab
TNF,PK,Safety of golimumab in Japanese and Caucasian Male subjects,1,0,Golimumab
TNF,PK,"Secondary includes measure of pharmacokinetic parameter of Tmax, the time to reach maximum concentration",1,0,Etanercept
TNF,PK,"Secondary includes the pharmokinetic parameter to measure the etanercept (ENBREL®) AUC (0-x), area under the curve",1,0,Etanercept
TNF,PK,Secondary to include etanercept pharmacokinetic parameter of CL/F: apparent clearance,1,0,Etanercept
TNF,PK,Serum Adalimumab Trough Concentrations at Week 24,1,0,Adalimumab
TNF,PK,Serum concentration measurement of TNFa inhibitor at week 22,1,0,Infliximab
TNF,PK,Serum Concentration of Bermekimab,1,0,Adalimumab
TNF,PK,Serum Concentration of Golimumab,1,0,Golimumab
TNF,PK,Serum Concentrations of Adalimumab at Weeks 12 and 24,1,0,Adalimumab
TNF,PK,Serum Concentrations of JNJ-64304500,1,0,Adalimumab
TNF,PK,Serum Concentrations of Mavrilimumab,1,0,Golimumab
TNF,PK,Serum Trough Concentration (C-trough) at Week 52,1,0,Golimumab
TNF,PK,Serum Trough Concentration (C-trough) of Golimumab,1,0,Golimumab
TNF,PK,Serum trough levels of adalimumab within the optimal therapeutic window,1,0,Adalimumab
TNF,PK,Simulated C-peptide AUC,1,0,Adalimumab
TNF,PK,Stimulated C-peptide AUC,1,0,Adalimumab
TNF,PK,Studying the relation between FCGRT polymorphism and the PK variability of infliximab; the relation between FCGR3A polymorphism and the PK-PD variability of infliximab; and the relation between ATI and the PK and PK-PD v,1,0,Infliximab
TNF,PK,"The area under the curves (AUCs) of the BASDAI recorded on a weekly basis on automatic phone server, calculated from week 0 through week 54.",1,0,Infliximab
TNF,PK,"The area under the curves (AUCs) of the global pain scores recorded on a weekly basis on automatic phone server, calculated from week 0 through week 54.",1,0,Infliximab
TNF,PK,The area under the plasma concentration-time curve from time zero up to the last analytically quantifiable concentration (AUC 0-t),1,0,Certolizumab
TNF,PK,The association of infliximab trough level and antibody level (if available) at screening to the maintenance of clinical and biological remission after switch to SC infliximab.,1,0,Infliximab
TNF,PK,The Plasma Concentration Level of Anti-CZP Antibodies in the Mother at Delivery,1,0,Certolizumab
TNF,PK,The Plasma Concentration Level of Anti-CZP Antibodies in the Umbilical Cord(s) at Birth,1,0,Certolizumab
TNF,PK,The Plasma Concentration of Certolizumab Pegol (CZP) in the Infant(s) at Birth,1,0,Certolizumab
TNF,PK,The Plasma Concentration of Certolizumab Pegol (CZP) in the Mother at Delivery,1,0,Certolizumab
TNF,PK,The Plasma Concentration of Certolizumab Pegol (CZP) in the Umbilical Cord at Birth,1,0,Certolizumab
TNF,PK,The primary end points of this study are percent change from baseline for HbA1c and C-peptide area under the curve (AUC).,1,0,Etanercept
TNF,PK,The primary endpoint will be the relationship between IFX exposure (area under the curve of the PK model) and Day 7 clinical response defined as Pediatric Ulcerative Colitis Activity Index (PUCAI) <35.,1,0,Infliximab
TNF,PK,The proportion of children with IFX trough level with the range of 5 to 10 µg/ml,1,0,Infliximab
TNF,PK,The proportion of children with IFX trough level within the range of 5 to 10 µg/ml,1,0,Infliximab
TNF,PK,The Ratio of Plasma Concentration of Certolizumab Pegol (CZP) Between the Infant(s) and Mother at Delivery/Birth,1,0,Certolizumab
TNF,PK,Time at Which the Maximum Observed Serum Concentration is Observed (Tmax) of ABP 501,1,0,Adalimumab
TNF,PK,Time corresponding to Cmax (tmax),1,0,Certolizumab
TNF,PK,Time Corresponding to Cmax (Tmax),1,0,Certolizumab
TNF,PK,Time to maximum serum concentration,1,0,Adalimumab
TNF,PK,Time to Maximum Serum Concentration (Tmax) of Etanercept,1,0,Etanercept
TNF,PK,Time to reach a maximum plasma concentration (Tmax),1,0,Certolizumab
TNF,PK,Time to Reach Cmax (Tmax) of Adalimumab,1,0,Adalimumab
TNF,PK,Time to Reach Maximum Observed Serum Concentration (Tmax),1,0,Adalimumab
TNF,PK,Time to Reach Maximum Serum Concentration (Tmax) of ABP 501 (Switching Group) and Adalimumab (Continued-use Group),1,0,Adalimumab
TNF,PK,Time-Normalized Area Under Curve (AUC) of Dermatology Life Quality Index (DLQI) at Week 52,1,0,Etanercept
TNF,PK,Time-Normalized Area Under Curve (AUC) of Physician Global Assessment (PGA) of Psoriasis Score at Week 52,1,0,Etanercept
TNF,PK,Tmax (time of observed Cmax),1,0,Adalimumab
TNF,PK,To assess the pharmacokinetics of etanercept in healthy Chinese male subjects.,1,0,Etanercept
TNF,PK,To conduct pharmacokinetic analysis to compare the CZP serum levels following 24 weeks of treatment across both of the treatment groups,1,0,Certolizumab
TNF,PK,To determine the influence of an initial treatment of 3 months with adalimumab on the total dose of corticosteroids determined by AUC (area under the curve),1,0,Adalimumab
TNF,PK,To evaluate pharmacokinetics (rate of movement in the body and then the clearance)of infliximab over a maximum time period of 52 wks; to evaluate the safety profile of infliximab in patients with JRA,1,0,Infliximab
TNF,PK,Tolerability of golimumab in Japanese and Caucasian Male subjects,1,0,Golimumab
TNF,PK,Total NSAID ASAS [Area Under Curve (AUC)] Score From Baseline to Week 8.,1,0,Etanercept
TNF,PK,Trough Concentration (Ctrough) of ABP 501 (Switching Group) and Adalimumab (Continued-use Group),1,0,Adalimumab
TNF,PK,Trough concentration of ADA and IFX will be assessed after reaching steady state levels.,1,0,Adalimumab; Infliximab
TNF,PK,Trough levels,1,0,Adalimumab
TNF,PK,trough serum etanercept concentration,1,0,Etanercept
TNF,PK,"Vz/F [apparent volume of distribution, calculated as Dose/ (λz x AUC0-inf)]",1,0,Adalimumab
TNF,other_biomarker,8. Blood biomarkers predict the time to flare after bDMARD withdrawal,1,0,Adalimumab; Certolizumab; Etanercept; Golimumab; Infliximab
TNF,other_biomarker,9. Blood biomarkers predict the time to re-achieve remission after flare and re-induction of bDMARD treatment,1,0,Adalimumab; Certolizumab; Etanercept; Golimumab; Infliximab
TNF,other_biomarker,assessment of change in concentrations of other biomarkers of interest in psoriasis,1,0,Adalimumab; Etanercept; Infliximab
TNF,other_biomarker,Biomarker assessment,1,0,Adalimumab; Etanercept
TNF,other_biomarker,Biomarker levels,1,0,Adalimumab; Certolizumab; Etanercept; Golimumab; Infliximab
TNF,other_biomarker,Biomarker remission,1,0,Adalimumab; Infliximab
TNF,other_biomarker,Biomarker response too therapy using VO2 exercise test,1,0,Etanercept
TNF,other_biomarker,Biomarkers,1,0,Adalimumab
TNF,other_biomarker,Biomarkers analysis for personalized medicine,1,0,Adalimumab
TNF,other_biomarker,biomarkers analysis for personalized medicine,1,0,Etanercept
TNF,other_biomarker,Biomarkers predictive of treatment response of RA (if possible),1,0,Etanercept
TNF,other_biomarker,Change From Baseline in Fluorescence Activated Cell Sorting (FACS) Lymphocyte Biomarkers at Week 24,1,0,Adalimumab
TNF,other_biomarker,Change in Cardiometabolic Biomarker - Cholesterol Efflux,1,0,Adalimumab
TNF,other_biomarker,Change in Cardiometabolic Biomarker - GlycA,1,0,Adalimumab
TNF,other_biomarker,Change in Cardiometabolic Biomarker - High-density Lipoprotein Particle,1,0,Adalimumab
TNF,other_biomarker,Change in Cardiometabolic Biomarker - Log Adiponectin,1,0,Adalimumab
TNF,other_biomarker,Change in Cardiometabolic Biomarker - Log Insulin,1,0,Adalimumab
TNF,other_biomarker,Change in Cardiometabolic Biomarker - Log Leptin,1,0,Adalimumab
TNF,other_biomarker,Change in Cardiometabolic Biomarker - Log Tumor Necrosis Factor-Alpha,1,0,Adalimumab
TNF,other_biomarker,Change in Cardiometabolic Biomarker - Low-density Lipoprotein Particle,1,0,Adalimumab
TNF,other_biomarker,Change in Cardiometabolic Biomarker - Total Cholesterol,1,0,Adalimumab
TNF,other_biomarker,Change in Cardiometabolic Biomarkers: - Total Cholesterol,1,0,Adalimumab
TNF,other_biomarker,Change in Cardiometabolic Biomarkers: Cholesterol Efflux,1,0,Adalimumab
TNF,other_biomarker,Change in Cardiometabolic Biomarkers: GlycA,1,0,Adalimumab
TNF,other_biomarker,Change in Cardiometabolic Biomarkers: High Density Lipoprotein Particle Total,1,0,Adalimumab
TNF,other_biomarker,Change in Cardiometabolic Biomarkers: Log Adiponectin,1,0,Adalimumab
TNF,other_biomarker,Change in Cardiometabolic Biomarkers: Log Insulin,1,0,Adalimumab
TNF,other_biomarker,Change in Cardiometabolic Biomarkers: Log Leptin,1,0,Adalimumab
TNF,other_biomarker,Change in Cardiometabolic Biomarkers: Log Tumor Necrosis Factor-alpha,1,0,Adalimumab
TNF,other_biomarker,Change in Cardiometabolic Biomarkers: Low Density Lipoprotein Particle Total,1,0,Adalimumab
TNF,other_biomarker,Change in Cardiometabolic Biomarkers: Total Cholesterol,1,0,Adalimumab
TNF,other_biomarker,Change in PD Biomarker Levels of Fecal Calprotectin from Baseline Compared with Placebo,1,0,Adalimumab
TNF,other_biomarker,Change in PD Biomarker Levels of Fecal Lactoferrin from Baseline Compared with Placebo,1,0,Adalimumab
TNF,other_biomarker,Change in Short tau inversion recovery (STIR) signal (intensity and extent) of Modic Changes from baseline to 5 months.,1,0,Infliximab
TNF,other_biomarker,Clinical and biomarker remission,1,0,Adalimumab
TNF,other_biomarker,Clinical response biomarkers (Assessment of Spondyloarthritis International Society (ASAS) 20 and Ankylosing Spondylitis Disease Activity Score (ASDAS),1,0,Adalimumab
TNF,other_biomarker,"Clinical response over time; Time to loss of response; Clinical remission over time; Changes in CDAI, Inflammatory Bowel Disease Questionnaire (IBDQ) and Crohn's Disease Endoscopic Index of Severity (CDEIS) scores and C-",1,0,Infliximab
TNF,other_biomarker,Coefficient of Determination (R^2) For Predicting The Change From Baseline In Blinded CDEIS Score From The Changes From Baseline In Four Biomarkers At Weeks 6 and 22,1,0,Infliximab
TNF,other_biomarker,Concordance Correlation Coefficient for Comparison of Repeat Baseline Measurements of Biochemical Biomarkers,1,0,Infliximab
TNF,other_biomarker,Correlation of protein biomarkers collected by microneedles,1,0,Adalimumab
TNF,other_biomarker,Define pretreatment serum protein biomarkers that predict and monitor response to TNF inhibitors (Discovery Cohort),1,0,Infliximab
TNF,other_biomarker,Distribution of Biomarkers in Patients Who Develop Steroid-refractory Pneumonitis,1,0,Infliximab
TNF,other_biomarker,"Evaluate the association between the Alexa Fluor 647-coupled adalimumab biomarker, and the rate of clinical remission at w30 to adalimumab",1,0,Adalimumab
TNF,other_biomarker,"Evaluate the association between the Alexa Fluor 647-coupled adalimumab biomarker, and the rate of clinical response at w30 to adalimumab",1,0,Adalimumab
TNF,other_biomarker,"Evaluate the association between the Alexa Fluor 647-coupled adalimumab biomarker, and the rate of endoscopic remission at w30 to adalimumab",1,0,Adalimumab
TNF,other_biomarker,Exploratory Biomarker Analyses,1,0,Etanercept
TNF,other_biomarker,Fluorescence Activated Cell Sorting (FACS) Lymphocyte Biomarkers,1,0,Adalimumab
TNF,other_biomarker,Identification of predictive biomarkers of therapy response,1,0,Infliximab
TNF,other_biomarker,Identify non-invasive blood biomarkers of endoscopical inflammation,1,0,Adalimumab; Golimumab; Infliximab
TNF,other_biomarker,Identify predictive tissue and blood biomarkers for response to biologic therapies and tofacitinib in Crohn´s disease and ulcerative colitis,1,0,Adalimumab; Golimumab; Infliximab
TNF,other_biomarker,inflammatory biomarkers (fecal calprotectin),1,0,Infliximab
TNF,other_biomarker,"Inflammatory biomarkers in blood at W0, W4, W10, M6 and M9",1,0,Adalimumab
TNF,other_biomarker,Measure of inflammatory biomarkers (IL6 and MMP3).,1,0,Adalimumab
TNF,other_biomarker,Mechanistic effects on biomarker relationships,1,0,Etanercept
TNF,other_biomarker,normalization rate of serum biomarker at 12 months,1,0,Infliximab
TNF,other_biomarker,normalization rate of serum biomarker at 6 months,1,0,Infliximab
TNF,other_biomarker,"Number of peripheral and axial joints and entheses with inflammation, circulating biomarkers of inflammation, cartilage and bone metabolism, conventional clinical parameters and changes in these during treatment with ada",1,0,Adalimumab
TNF,other_biomarker,Number of Samples Collected for the Identification of Biomarkers for Early Evaluation of Risk of Developing Hepatosplenic T-cell Lymphoma (HSTCL),1,0,Golimumab; Infliximab
TNF,other_biomarker,PD-scores and blood biomarkers at baseline predict radiographic progression at week 52,1,0,Adalimumab; Certolizumab; Etanercept; Golimumab; Infliximab
TNF,other_biomarker,"Percentage of Participants With Clinical and Biomarker Remission at Weeks 8, 16 and 52",1,0,Adalimumab
TNF,other_biomarker,Rate of Steroid-free Remission -biomarker composite,1,0,Infliximab
TNF,other_biomarker,"Serum biomarkers, radiologic and clinical outcomes. This is a composite outcome measure.",1,0,Etanercept
